id,sold_date,sold_date_formatted,address,suburb,region,sale_type,price_status,price_val,price_str,bedrooms,bathrooms,carspaces,land_size,distance_km_from_wilgena,homely_url
13413111,2026-10-02,02/10/2026,"23 Park Street, Hyde Park SA 5061",Hyde Park,City of Unley & Prestige South,Private Treaty (Bán thỏa thuận),Undisclosed,,Price Undisclosed,4,3,3,1137m²,3.2,https://www.homely.com.au/homes/23-park-street-hyde-park-sa-5061/13413111
13431851,2026-10-01,01/10/2026,"8A Redden Avenue, Felixstow SA 5070",Felixstow,"Norwood, Campbelltown & North-East Core",Private Treaty (Bán thỏa thuận),Disclosed,1530000,"$1,530,000",5,3,2,374m²,6.96,https://www.homely.com.au/homes/8a-redden-avenue-felixstow-sa-5070/13431851
13521649,2026-10-01,01/10/2026,"44 Yurilla Drive, Bellevue Heights SA 5050",Bellevue Heights,City of Mitcham & Foothills,Private Treaty (Bán thỏa thuận),Undisclosed,,Price Undisclosed,4,2,2,1815m²,8.79,https://www.homely.com.au/homes/44-yurilla-drive-bellevue-heights-sa-5050/13521649
13351776,2026-10-01,01/10/2026,"LOT 1, 27A Ayton Avenue, Fulham SA 5024",Fulham,Western Coastal Corridors,Private Treaty (Bán thỏa thuận),Undisclosed,,Price Undisclosed,3,1,1,N/A,10.46,https://www.homely.com.au/homes/lot-1-27a-ayton-avenue-fulham-sa-5024/13351776
13509792,2026-10-01,01/10/2026,"17 Dunn Street, Bridgewater SA 5155",Bridgewater,Adelaide Hills & Tea Tree Gully Safe Enclaves,Private Treaty (Bán thỏa thuận),Undisclosed,,Price Undisclosed,3,1,1,780m²,13.23,https://www.homely.com.au/homes/17-dunn-street-bridgewater-sa-5155/13509792
13454858,2026-09-30,30/09/2026,"5F Reserve Road, Campbelltown SA 5074",Campbelltown,"Norwood, Campbelltown & North-East Core",Private Treaty (Bán thỏa thuận),Disclosed,880000,"$880,000",3,2,1,198m²,8.01,https://www.homely.com.au/homes/5f-reserve-road-campbelltown-sa-5074/13454858
13515696,2026-09-30,30/09/2026,"22 Gibson Court, Golden Grove SA 5125",Golden Grove,Adelaide Hills & Tea Tree Gully Safe Enclaves,Private Treaty (Bán thỏa thuận),Disclosed,855000,"$855,000",3,2,2,436m²,20.78,https://www.homely.com.au/homes/22-gibson-court-golden-grove-sa-5125/13515696
13409462,2026-09-30,30/09/2026,"119/356 Seaview Road, Henley Beach SA 5022",Henley Beach,Western Coastal Corridors,Private Treaty (Bán thỏa thuận),Disclosed,755000,"$755,000",2,2,1,121m²,12.15,https://www.homely.com.au/homes/119-356-seaview-road-henley-beach-sa-5022/13409462
13091205,2026-09-30,30/09/2026,"18A Northumberland Street, Heathpool SA 5068",Heathpool,"Norwood, Campbelltown & North-East Core",Private Treaty (Bán thỏa thuận),Undisclosed,,Price Undisclosed,4,1,2,N/A,3.89,https://www.homely.com.au/homes/18a-northumberland-street-heathpool-sa-5068/13091205
13512772,2026-09-30,30/09/2026,"40 Tod Street, Glenelg North SA 5045",Glenelg North,Western Coastal Corridors,Private Treaty (Bán thỏa thuận),Undisclosed,,Price Undisclosed,5,4,4,597m²,11.01,https://www.homely.com.au/homes/40-tod-street-glenelg-north-sa-5045/13512772
13364647,2026-09-30,30/09/2026,"7 Roycroft Place, Golden Grove SA 5125",Golden Grove,Adelaide Hills & Tea Tree Gully Safe Enclaves,Private Treaty (Bán thỏa thuận),Undisclosed,,Price Undisclosed,3,2,2,530m²,20.78,https://www.homely.com.au/homes/7-roycroft-place-golden-grove-sa-5125/13364647
13507717,2026-09-29,29/09/2026,"15 Newhaven Avenue, Glenelg North SA 5045",Glenelg North,Western Coastal Corridors,Private Treaty (Bán thỏa thuận),Disclosed,2050000,"$2,050,000",3,1,4,1036m²,11.01,https://www.homely.com.au/homes/15-newhaven-avenue-glenelg-north-sa-5045/13507717
13510284,2026-09-29,29/09/2026,"52 Buchanan Drive, Woodforde SA 5072",Woodforde,Adelaide Hills & Tea Tree Gully Safe Enclaves,Private Treaty (Bán thỏa thuận),Disclosed,705000,"$705,000",2,2,1,135m²,8.35,https://www.homely.com.au/homes/52-buchanan-drive-woodforde-sa-5072/13510284
13499611,2026-09-29,29/09/2026,"5/10-12 Fairford Terrace, Semaphore Park SA 5019",Semaphore Park,Western Coastal Corridors,Private Treaty (Bán thỏa thuận),Disclosed,665000,"$665,000",2,1,2,118.5m²,17.73,https://www.homely.com.au/homes/5-10-12-fairford-terrace-semaphore-park-sa-50/13499611
13413297,2026-09-29,29/09/2026,"11 Heather Court, Paradise SA 5075",Paradise,"Norwood, Campbelltown & North-East Core",Private Treaty (Bán thỏa thuận),Undisclosed,,Price Undisclosed,4,2,2,680m²,9.59,https://www.homely.com.au/homes/11-heather-court-paradise-sa-5075/13413297
13473641,2026-09-29,29/09/2026,"19 Lasscock Avenue, Lockleys SA 5032",Lockleys,Western Coastal Corridors,Private Treaty (Bán thỏa thuận),Undisclosed,,Price Undisclosed,4,2,3,850m²,8.8,https://www.homely.com.au/homes/19-lasscock-avenue-lockleys-sa-5032/13473641
13290538,2026-09-28,28/09/2026,"1102/13 Colley Terrace, Glenelg SA 5045",Glenelg,Western Coastal Corridors,Private Treaty (Bán thỏa thuận),Disclosed,3450000,"$3,450,000",4,3,2,N/A,11.01,https://www.homely.com.au/homes/1102-13-colley-terrace-glenelg-sa-5045/13290538
13448405,2026-09-28,28/09/2026,"8 Coolidge Avenue, Lower Mitcham SA 5062",Lower Mitcham,City of Mitcham & Foothills,Private Treaty (Bán thỏa thuận),Disclosed,1710000,"$1,710,000",4,2,2,684m²,2.68,https://www.homely.com.au/homes/8-coolidge-avenue-lower-mitcham-sa-5062/13448405
13456398,2026-09-28,28/09/2026,"69 Yacca Road, Seacliff SA 5049",Seacliff,Western Coastal Corridors,Private Treaty (Bán thỏa thuận),Disclosed,1165000,"$1,165,000",3,1,2,553m²,13.63,https://www.homely.com.au/homes/69-yacca-road-seacliff-sa-5049/13456398
13432588,2026-09-28,28/09/2026,"82A Playford Road, Newton SA 5074",Newton,"Norwood, Campbelltown & North-East Core",Private Treaty (Bán thỏa thuận),Disclosed,900000,"$900,000",3,2,1,N/A,9.65,https://www.homely.com.au/homes/82a-playford-road-newton-sa-5074/13432588
13367059,2026-09-28,28/09/2026,"110a Glynburn Road, Tranmere SA 5073",Tranmere,"Norwood, Campbelltown & North-East Core",Private Treaty (Bán thỏa thuận),Disclosed,898500,"$898,500",3,2,1,332m²,5.78,https://www.homely.com.au/homes/110a-glynburn-road-tranmere-sa-5073/13367059
13355334,2026-09-28,28/09/2026,"46 Avenue Road, Paradise SA 5075",Paradise,"Norwood, Campbelltown & North-East Core",Private Treaty (Bán thỏa thuận),Disclosed,750000,"$750,000",3,1,1,431m²,9.59,https://www.homely.com.au/homes/46-avenue-road-paradise-sa-5075/13355334
13366274,2026-09-28,28/09/2026,"3/302A Goodwood Road, Clarence Park SA 5034",Clarence Park,City of Unley & Prestige South,Private Treaty (Bán thỏa thuận),Disclosed,383000,"$383,000",1,1,1,N/A,4.54,https://www.homely.com.au/homes/3-302a-goodwood-road-clarence-park-sa-5034/13366274
13247184,2026-09-28,28/09/2026,"39 Royal Avenue, Burnside SA 5066",Burnside,City of Burnside & Core East,Private Treaty (Bán thỏa thuận),Undisclosed,,Price Undisclosed,5,3,9,1247m²,3.83,https://www.homely.com.au/homes/39-royal-avenue-burnside-sa-5066/13247184
13223005,2026-09-28,28/09/2026,"33 Eton Road, Somerton Park SA 5044",Somerton Park,Western Coastal Corridors,Private Treaty (Bán thỏa thuận),Undisclosed,,Price Undisclosed,5,2,2,892m²,10.75,https://www.homely.com.au/homes/33-eton-road-somerton-park-sa-5044/13223005
13450972,2026-09-27,27/09/2026,"28a McDonald Grove, West Lakes SA 5021",West Lakes,Western Coastal Corridors,Private Treaty (Bán thỏa thuận),Disclosed,2650000,"$2,650,000",5,3,4,N/A,14.63,https://www.homely.com.au/homes/28a-mcdonald-grove-west-lakes-sa-5021/13450972
13490946,2026-09-27,27/09/2026,"14A Patola Street, Magill SA 5072",Magill,"Norwood, Campbelltown & North-East Core",Private Treaty (Bán thỏa thuận),Undisclosed,,Price Undisclosed,3,2,1,N/A,6.32,https://www.homely.com.au/homes/14a-patola-street-magill-sa-5072/13490946
13487408,2026-09-27,27/09/2026,"30 Orange Grove Circuit, Dernancourt SA 5075",Dernancourt,Adelaide Hills & Tea Tree Gully Safe Enclaves,Private Treaty (Bán thỏa thuận),Undisclosed,,Price Undisclosed,4,2,2,616m²,11.46,https://www.homely.com.au/homes/30-orange-grove-circuit-dernancourt-sa-5075/13487408
13516519,2026-09-26,26/09/2026,"5a Telopea Drive, Athelstone SA 5076",Athelstone,"Norwood, Campbelltown & North-East Core",Private Treaty (Bán thỏa thuận),Disclosed,1480000,"$1,480,000",4,2,2,569m²,10.85,https://www.homely.com.au/homes/5a-telopea-drive-athelstone-sa-5076/13516519
13493408,2026-09-26,26/09/2026,"2 Clare Avenue, Athelstone SA 5076",Athelstone,"Norwood, Campbelltown & North-East Core",Auction (Đấu giá),Disclosed,850000,"$850,000",3,1,2,729m²,10.85,https://www.homely.com.au/homes/2-clare-avenue-athelstone-sa-5076/13493408
13496369,2026-09-26,26/09/2026,"23 The Common, Beaumont SA 5066",Beaumont,City of Burnside & Core East,Private Treaty (Bán thỏa thuận),Undisclosed,,Price Undisclosed,5,3,2,1641m²,3.12,https://www.homely.com.au/homes/23-the-common-beaumont-sa-5066/13496369
13412833,2026-09-26,26/09/2026,"5/2 Sandford Street, Kensington Gardens SA 5068",Kensington Gardens,City of Burnside & Core East,Private Treaty (Bán thỏa thuận),Undisclosed,,Price Undisclosed,2,1,1,N/A,4.96,https://www.homely.com.au/homes/5-2-sandford-street-kensington-gardens-sa-506/13412833
13497246,2026-09-25,25/09/2026,"64 Holbrooks Road, Flinders Park SA 5025",Flinders Park,Western Coastal Corridors,Private Treaty (Bán thỏa thuận),Disclosed,2775000,"$2,775,000",8,6,7,1000m²,8.61,https://www.homely.com.au/homes/64-holbrooks-road-flinders-park-sa-5025/13497246
13453902,2026-09-25,25/09/2026,"41 Main Road, Belair SA 5052",Belair,City of Mitcham & Foothills,Private Treaty (Bán thỏa thuận),Disclosed,2130000,"$2,130,000",5,3,4,1171m²,4.42,https://www.homely.com.au/homes/41-main-road-belair-sa-5052/13453902
13465245,2026-09-25,25/09/2026,"2 Rowney Avenue, Campbelltown SA 5074",Campbelltown,"Norwood, Campbelltown & North-East Core",Auction (Đấu giá),Disclosed,2050000,"$2,050,000",7,3,3,1292m²,8.01,https://www.homely.com.au/homes/2-rowney-avenue-campbelltown-sa-5074/13465245
13384939,2026-09-25,25/09/2026,"51A Addison Avenue, Athelstone SA 5076",Athelstone,"Norwood, Campbelltown & North-East Core",Private Treaty (Bán thỏa thuận),Disclosed,1060000,"$1,060,000",3,2,2,349m²,10.85,https://www.homely.com.au/homes/51a-addison-avenue-athelstone-sa-5076/13384939
13474098,2026-09-25,25/09/2026,"3/78-80 Devitt Avenue, Firle SA 5070",Firle,"Norwood, Campbelltown & North-East Core",Private Treaty (Bán thỏa thuận),Disclosed,682200,"$682,200",2,1,1,190m²,5.69,https://www.homely.com.au/homes/3-78-80-devitt-avenue-firle-sa-5070/13474098
13401444,2026-09-25,25/09/2026,"5/5 Lambert Road, Joslin SA 5070",Joslin,"Norwood, Campbelltown & North-East Core",Private Treaty (Bán thỏa thuận),Disclosed,458888,"$458,888",1,1,1,N/A,6.99,https://www.homely.com.au/homes/5-5-lambert-road-joslin-sa-5070/13401444
13196535,2026-09-25,25/09/2026,"9 Ayers Avenue, Daw Park SA 5041",Daw Park,City of Mitcham & Foothills,Private Treaty (Bán thỏa thuận),Undisclosed,,Price Undisclosed,4,2,2,N/A,5.41,https://www.homely.com.au/homes/9-ayers-avenue-daw-park-sa-5041/13196535
13366669,2026-09-25,25/09/2026,"1 Bundey Street, Magill SA 5072",Magill,"Norwood, Campbelltown & North-East Core",Private Treaty (Bán thỏa thuận),Undisclosed,,Price Undisclosed,3,2,2,413m²,6.32,https://www.homely.com.au/homes/1-bundey-street-magill-sa-5072/13366669
13232100,2026-09-25,25/09/2026,"4/1069 North East Road, Ridgehaven SA 5097",Ridgehaven,Adelaide Hills & Tea Tree Gully Safe Enclaves,Private Treaty (Bán thỏa thuận),Undisclosed,,Price Undisclosed,2,1,1,218m²,16.48,https://www.homely.com.au/homes/4-1069-north-east-road-ridgehaven-sa-5097/13232100
13499858,2026-09-24,24/09/2026,"12 Attunga Street, Glenelg North SA 5045",Glenelg North,Western Coastal Corridors,Private Treaty (Bán thỏa thuận),Disclosed,1950000,"$1,950,000",5,3,4,696m²,11.01,https://www.homely.com.au/homes/12-attunga-street-glenelg-north-sa-5045/13499858
13505706,2026-09-24,24/09/2026,"5 Lennon Lodge Lane, Coromandel Valley SA 5051",Coromandel Valley,City of Mitcham & Foothills,Private Treaty (Bán thỏa thuận),Disclosed,1050000,"$1,050,000",3,1,3,1041m²,9.16,https://www.homely.com.au/homes/5-lennon-lodge-lane-coromandel-valley-sa-5051/13505706
13492228,2026-09-24,24/09/2026,"27 Frontignac Court, Wynn Vale SA 5127",Wynn Vale,Adelaide Hills & Tea Tree Gully Safe Enclaves,Auction (Đấu giá),Disclosed,995000,"$995,000",4,2,2,N/A,18.49,https://www.homely.com.au/homes/27-frontignac-court-wynn-vale-sa-5127/13492228
13491244,2026-09-24,24/09/2026,"3/3 Bray Avenue, Semaphore Park SA 5019",Semaphore Park,Western Coastal Corridors,Private Treaty (Bán thỏa thuận),Disclosed,890000,"$890,000",3,2,2,N/A,17.73,https://www.homely.com.au/homes/3-3-bray-avenue-semaphore-park-sa-5019/13491244
13476260,2026-09-24,24/09/2026,"17 Fashoda Street, Hyde Park SA 5061",Hyde Park,City of Unley & Prestige South,Auction (Đấu giá),Undisclosed,,Price Undisclosed,4,1,2,588m²,3.2,https://www.homely.com.au/homes/17-fashoda-street-hyde-park-sa-5061/13476260
13455662,2026-09-24,24/09/2026,"19B Jaffrey Street, Parkside SA 5063",Parkside,City of Unley & Prestige South,Auction (Đấu giá),Undisclosed,,Price Undisclosed,3,2,2,318m²,2.43,https://www.homely.com.au/homes/19b-jaffrey-street-parkside-sa-5063/13455662
13495370,2026-09-24,24/09/2026,"4/52 Essex Street South, Goodwood SA 5034",Goodwood,City of Unley & Prestige South,Private Treaty (Bán thỏa thuận),Undisclosed,,Price Undisclosed,2,1,2,N/A,4.14,https://www.homely.com.au/homes/4-52-essex-street-south-goodwood-sa-5034/13495370
13433823,2026-09-23,23/09/2026,"17 Victoria Street, Payneham SA 5070",Payneham,"Norwood, Campbelltown & North-East Core",Private Treaty (Bán thỏa thuận),Disclosed,1600000,"$1,600,000",4,1,2,845m²,6.41,https://www.homely.com.au/homes/17-victoria-street-payneham-sa-5070/13433823
13476368,2026-09-23,23/09/2026,"7 Frome Crescent, West Lakes SA 5021",West Lakes,Western Coastal Corridors,Private Treaty (Bán thỏa thuận),Disclosed,1575000,"$1,575,000",4,2,4,588m²,14.63,https://www.homely.com.au/homes/7-frome-crescent-west-lakes-sa-5021/13476368
13456403,2026-09-23,23/09/2026,"59 Somers Street, North Brighton SA 5048",North Brighton,Western Coastal Corridors,Private Treaty (Bán thỏa thuận),Disclosed,1400000,"$1,400,000",4,2,4,784m²,12.37,https://www.homely.com.au/homes/59-somers-street-north-brighton-sa-5048/13456403
13496099,2026-09-23,23/09/2026,"2 Pitfour Road, Lower Mitcham SA 5062",Lower Mitcham,City of Mitcham & Foothills,Private Treaty (Bán thỏa thuận),Disclosed,1190000,"$1,190,000",3,1,2,492m²,2.68,https://www.homely.com.au/homes/2-pitfour-road-lower-mitcham-sa-5062/13496099
13494943,2026-09-23,23/09/2026,"12 Trevor Avenue, Rostrevor SA 5073",Rostrevor,"Norwood, Campbelltown & North-East Core",Auction (Đấu giá),Disclosed,1154000,"$1,154,000",4,1,4,745m²,8.04,https://www.homely.com.au/homes/12-trevor-avenue-rostrevor-sa-5073/13494943
13373924,2026-09-23,23/09/2026,"10 Grenfell Street, Hove SA 5048",Hove,Western Coastal Corridors,Private Treaty (Bán thỏa thuận),Disclosed,1030000,"$1,030,000",3,1,1,460m²,12.45,https://www.homely.com.au/homes/10-grenfell-street-hove-sa-5048/13373924
13467970,2026-09-23,23/09/2026,"unit 210/293 Fullarton Road, Parkside SA 5063",Parkside,City of Unley & Prestige South,Private Treaty (Bán thỏa thuận),Disclosed,804888,"$804,888",2,2,1,N/A,2.43,https://www.homely.com.au/homes/unit-210-293-fullarton-road-parkside-sa-5063/13467970
13455168,2026-09-23,23/09/2026,"6/2 Cross Street, Fullarton SA 5063",Fullarton,City of Unley & Prestige South,Private Treaty (Bán thỏa thuận),Undisclosed,,Price Undisclosed,3,1,1,N/A,1.24,https://www.homely.com.au/homes/6-2-cross-street-fullarton-sa-5063/13455168
13503593,2026-09-23,23/09/2026,"76 Canterbury Avenue, Payneham South SA 5070",Payneham South,"Norwood, Campbelltown & North-East Core",Private Treaty (Bán thỏa thuận),Undisclosed,,Price Undisclosed,3,1,2,369m²,6.41,https://www.homely.com.au/homes/76-canterbury-avenue-payneham-south-sa-5070/13503593
13428340,2026-09-23,23/09/2026,"10/106 Sixth Avenue, Joslin SA 5070",Joslin,"Norwood, Campbelltown & North-East Core",Private Treaty (Bán thỏa thuận),Undisclosed,,Price Undisclosed,1,1,1,N/A,6.99,https://www.homely.com.au/homes/10-106-sixth-avenue-joslin-sa-5070/13428340
13513285,2026-09-23,23/09/2026,"19B Lomman Avenue, Newton SA 5074",Newton,"Norwood, Campbelltown & North-East Core",Private Treaty (Bán thỏa thuận),Undisclosed,,Price Undisclosed,3,2,1,302m²,9.65,https://www.homely.com.au/homes/19b-lomman-avenue-newton-sa-5074/13513285
13477637,2026-09-22,22/09/2026,"31 Hectorville Road, Hectorville SA 5073",Hectorville,"Norwood, Campbelltown & North-East Core",Auction (Đấu giá),Disclosed,1050000,"$1,050,000",4,2,10,835m²,6.98,https://www.homely.com.au/homes/31-hectorville-road-hectorville-sa-5073/13477637
13450736,2026-09-22,22/09/2026,"14A Kingswell Avenue, Rostrevor SA 5073",Rostrevor,"Norwood, Campbelltown & North-East Core",Private Treaty (Bán thỏa thuận),Disclosed,877000,"$877,000",3,2,1,354m²,8.04,https://www.homely.com.au/homes/14a-kingswell-avenue-rostrevor-sa-5073/13450736
13376857,2026-09-22,22/09/2026,"16 Kandahar Crescent, Colonel Light Gardens SA 5041",Colonel Light Gardens,City of Mitcham & Foothills,Private Treaty (Bán thỏa thuận),Undisclosed,,Price Undisclosed,4,2,4,1027m²,4.41,https://www.homely.com.au/homes/16-kandahar-crescent-colonel-light-gardens-sa/13376857
13493719,2026-09-22,22/09/2026,"18 Vernon Street, Norwood SA 5067",Norwood,"Norwood, Campbelltown & North-East Core",Private Treaty (Bán thỏa thuận),Undisclosed,,Price Undisclosed,5,3,2,446m²,4.01,https://www.homely.com.au/homes/18-vernon-street-norwood-sa-5067/13493719
13495663,2026-09-22,22/09/2026,"16 Frederick Street, Maylands SA 5069",Maylands,"Norwood, Campbelltown & North-East Core",Private Treaty (Bán thỏa thuận),Undisclosed,,Price Undisclosed,2,1,1,245m²,4.38,https://www.homely.com.au/homes/16-frederick-street-maylands-sa-5069/13495663
13474333,2026-09-22,22/09/2026,"30B Jervois Avenue, Magill SA 5072",Magill,"Norwood, Campbelltown & North-East Core",Private Treaty (Bán thỏa thuận),Undisclosed,,Price Undisclosed,3,2,1,348m²,6.32,https://www.homely.com.au/homes/30b-jervois-avenue-magill-sa-5072/13474333
13387039,2026-09-22,22/09/2026,"2a Cranbrook Avenue, Rostrevor SA 5073",Rostrevor,"Norwood, Campbelltown & North-East Core",Private Treaty (Bán thỏa thuận),Undisclosed,,Price Undisclosed,4,2,2,290m²,8.04,https://www.homely.com.au/homes/2a-cranbrook-avenue-rostrevor-sa-5073/13387039
13428198,2026-09-22,22/09/2026,"28A Fairleys Road, Rostrevor SA 5073",Rostrevor,"Norwood, Campbelltown & North-East Core",Private Treaty (Bán thỏa thuận),Undisclosed,,Price Undisclosed,3,2,2,200m²,8.04,https://www.homely.com.au/homes/28a-fairleys-road-rostrevor-sa-5073/13428198
13411968,2026-09-22,22/09/2026,"16 Laidlaw Street, Henley Beach SA 5022",Henley Beach,Western Coastal Corridors,Private Treaty (Bán thỏa thuận),Undisclosed,,Price Undisclosed,4,2,4,349m²,12.15,https://www.homely.com.au/homes/16-laidlaw-street-henley-beach-sa-5022/13411968
13491291,2026-09-22,22/09/2026,"49 Jetty Street, Grange SA 5022",Grange,Western Coastal Corridors,Private Treaty (Bán thỏa thuận),Undisclosed,,Price Undisclosed,3,2,4,348m²,13.92,https://www.homely.com.au/homes/49-jetty-street-grange-sa-5022/13491291
13447486,2026-09-22,22/09/2026,"3 Acacia Avenue, Dernancourt SA 5075",Dernancourt,Adelaide Hills & Tea Tree Gully Safe Enclaves,Private Treaty (Bán thỏa thuận),Undisclosed,,Price Undisclosed,5,4,2,790m²,11.46,https://www.homely.com.au/homes/3-acacia-avenue-dernancourt-sa-5075/13447486
13432592,2026-09-21,21/09/2026,"5 The Vines Court, Aldgate SA 5154",Aldgate,Adelaide Hills & Tea Tree Gully Safe Enclaves,Private Treaty (Bán thỏa thuận),Disclosed,2345000,"$2,345,000",4,2,2,2533m²,11.23,https://www.homely.com.au/homes/5-the-vines-court-aldgate-sa-5154/13432592
13417305,2026-09-21,21/09/2026,"16/24 Martin Court, West Lakes SA 5021",West Lakes,Western Coastal Corridors,Private Treaty (Bán thỏa thuận),Disclosed,1680000,"$1,680,000",3,2,2,N/A,14.63,https://www.homely.com.au/homes/16-24-martin-court-west-lakes-sa-5021/13417305
13332433,2026-09-21,21/09/2026,"51 Margaret Avenue, North Brighton SA 5048",North Brighton,Western Coastal Corridors,Private Treaty (Bán thỏa thuận),Disclosed,1550000,"$1,550,000",4,2,2,726m²,12.37,https://www.homely.com.au/homes/51-margaret-avenue-north-brighton-sa-5048/13332433
13469241,2026-09-21,21/09/2026,"5 Barwell Avenue, Seacliff SA 5049",Seacliff,Western Coastal Corridors,Private Treaty (Bán thỏa thuận),Disclosed,1385000,"$1,385,000",3,1,4,831m²,13.63,https://www.homely.com.au/homes/5-barwell-avenue-seacliff-sa-5049/13469241
13207027,2026-09-21,21/09/2026,"12 Cadna Avenue, Felixstow SA 5070",Felixstow,"Norwood, Campbelltown & North-East Core",Private Treaty (Bán thỏa thuận),Disclosed,1275000,"$1,275,000",4,2,4,680m²,6.96,https://www.homely.com.au/homes/12-cadna-avenue-felixstow-sa-5070/13207027
13314196,2026-09-21,21/09/2026,"14 Fourth Road, Belair SA 5052",Belair,City of Mitcham & Foothills,Private Treaty (Bán thỏa thuận),Disclosed,1183000,"$1,183,000",4,2,2,1439m²,4.42,https://www.homely.com.au/homes/14-fourth-road-belair-sa-5052/13314196
13360343,2026-09-21,21/09/2026,"247 Lower Athelstone Road, Athelstone SA 5076",Athelstone,"Norwood, Campbelltown & North-East Core",Private Treaty (Bán thỏa thuận),Disclosed,774000,"$774,000",2,1,3,420m²,10.85,https://www.homely.com.au/homes/247-lower-athelstone-road-athelstone-sa-5076/13360343
13291854,2026-09-21,21/09/2026,"26 Trevorten Avenue, Glenunga SA 5064",Glenunga,City of Burnside & Core East,Private Treaty (Bán thỏa thuận),Undisclosed,,Price Undisclosed,4,2,2,1147m²,1.24,https://www.homely.com.au/homes/26-trevorten-avenue-glenunga-sa-5064/13291854
13402622,2026-09-21,21/09/2026,"24/87 Mary Street, Unley SA 5061",Unley,City of Unley & Prestige South,Private Treaty (Bán thỏa thuận),Undisclosed,,Price Undisclosed,2,1,1,N/A,2.78,https://www.homely.com.au/homes/24-87-mary-street-unley-sa-5061/13402622
13492664,2026-09-21,21/09/2026,"36 King Street, Norwood SA 5067",Norwood,"Norwood, Campbelltown & North-East Core",Private Treaty (Bán thỏa thuận),Undisclosed,,Price Undisclosed,2,1,2,N/A,4.01,https://www.homely.com.au/homes/36-king-street-norwood-sa-5067/13492664
13451782,2026-09-21,21/09/2026,"4/10 Lambert Road, Royston Park SA 5070",Royston Park,"Norwood, Campbelltown & North-East Core",Private Treaty (Bán thỏa thuận),Undisclosed,,Price Undisclosed,2,1,1,166m²,6.66,https://www.homely.com.au/homes/4-10-lambert-road-royston-park-sa-5070/13451782
13414549,2026-09-21,21/09/2026,"680 Lower North East Road, Paradise SA 5075",Paradise,"Norwood, Campbelltown & North-East Core",Private Treaty (Bán thỏa thuận),Undisclosed,,Price Undisclosed,3,1,3,1599m²,9.59,https://www.homely.com.au/homes/680-lower-north-east-road-paradise-sa-5075/13414549
13411645,2026-09-21,21/09/2026,"12 Finke Avenue, West Lakes Shore SA 5020",West Lakes Shore,Western Coastal Corridors,Private Treaty (Bán thỏa thuận),Undisclosed,,Price Undisclosed,4,2,4,770m²,14.63,https://www.homely.com.au/homes/12-finke-avenue-west-lakes-shore-sa-5020/13411645
13353976,2026-09-21,21/09/2026,"39 Birdsong Avenue, Kidman Park SA 5025",Kidman Park,Western Coastal Corridors,Private Treaty (Bán thỏa thuận),Undisclosed,,Price Undisclosed,3,2,2,N/A,9.7,https://www.homely.com.au/homes/39-birdsong-avenue-kidman-park-sa-5025/13353976
13273350,2026-09-21,21/09/2026,"21A Delray Street, Fulham SA 5024",Fulham,Western Coastal Corridors,Private Treaty (Bán thỏa thuận),Undisclosed,,Price Undisclosed,4,3,6,433m²,10.46,https://www.homely.com.au/homes/21a-delray-street-fulham-sa-5024/13273350
13501725,2026-09-21,21/09/2026,"52 Cronulla Drive, Redwood Park SA 5097",Redwood Park,Adelaide Hills & Tea Tree Gully Safe Enclaves,Auction (Đấu giá),Undisclosed,,Price Undisclosed,3,2,2,899m²,17.11,https://www.homely.com.au/homes/52-cronulla-drive-redwood-park-sa-5097/13501725
13143746,2026-09-21,21/09/2026,"6 Hodges Street, Redwood Park SA 5097",Redwood Park,Adelaide Hills & Tea Tree Gully Safe Enclaves,Private Treaty (Bán thỏa thuận),Undisclosed,,Price Undisclosed,3,2,2,580m²,17.11,https://www.homely.com.au/homes/6-hodges-street-redwood-park-sa-5097/13143746
13364946,2026-09-20,20/09/2026,"45 Cedric Avenue, Redwood Park SA 5097",Redwood Park,Adelaide Hills & Tea Tree Gully Safe Enclaves,Private Treaty (Bán thỏa thuận),Disclosed,940000,"$940,000",4,2,1,876m²,17.11,https://www.homely.com.au/homes/45-cedric-avenue-redwood-park-sa-5097/13364946
13455425,2026-09-20,20/09/2026,"4/2 Newman Street, Forestville SA 5035",Forestville,City of Unley & Prestige South,Private Treaty (Bán thỏa thuận),Undisclosed,,Price Undisclosed,2,1,1,N/A,5.03,https://www.homely.com.au/homes/4-2-newman-street-forestville-sa-5035/13455425
13455829,2026-09-19,19/09/2026,"9 Ashbourne Avenue, Kingswood SA 5062",Kingswood,City of Mitcham & Foothills,Private Treaty (Bán thỏa thuận),Disclosed,2360000,"$2,360,000",4,2,4,822m²,1.95,https://www.homely.com.au/homes/9-ashbourne-avenue-kingswood-sa-5062/13455829
13464998,2026-09-19,19/09/2026,"114 Fifth Avenue, Royston Park SA 5070",Royston Park,"Norwood, Campbelltown & North-East Core",Private Treaty (Bán thỏa thuận),Disclosed,2005000,"$2,005,000",4,2,2,837m²,6.66,https://www.homely.com.au/homes/114-fifth-avenue-royston-park-sa-5070/13464998
13466318,2026-09-19,19/09/2026,"35-37 Gordon Street, Glenelg SA 5045",Glenelg,Western Coastal Corridors,Private Treaty (Bán thỏa thuận),Disclosed,1760000,"$1,760,000",6,2,2,574m²,11.01,https://www.homely.com.au/homes/35-37-gordon-street-glenelg-sa-5045/13466318
13476044,2026-09-19,19/09/2026,"11 Hillrise Road, Panorama SA 5041",Panorama,City of Mitcham & Foothills,Private Treaty (Bán thỏa thuận),Disclosed,1610000,"$1,610,000",5,2,3,1232m²,5.07,https://www.homely.com.au/homes/11-hillrise-road-panorama-sa-5041/13476044
13413015,2026-09-19,19/09/2026,"24 Culross Avenue, Myrtle Bank SA 5064",Myrtle Bank,City of Burnside & Core East,Private Treaty (Bán thỏa thuận),Disclosed,1335000,"$1,335,000",4,3,1,180m²,0.09,https://www.homely.com.au/homes/24-culross-avenue-myrtle-bank-sa-5064/13413015
13474942,2026-09-19,19/09/2026,"12B Wensleydale Avenue, Hectorville SA 5073",Hectorville,"Norwood, Campbelltown & North-East Core",Private Treaty (Bán thỏa thuận),Disclosed,1180888,"$1,180,888",4,2,2,348m²,6.98,https://www.homely.com.au/homes/12b-wensleydale-avenue-hectorville-sa-5073/13474942
13393358,2026-09-19,19/09/2026,"17B Pitt Street, Paradise SA 5075",Paradise,"Norwood, Campbelltown & North-East Core",Private Treaty (Bán thỏa thuận),Disclosed,835000,"$835,000",3,2,1,151m²,9.59,https://www.homely.com.au/homes/17b-pitt-street-paradise-sa-5075/13393358
13435021,2026-09-19,19/09/2026,"12/2 Tarlton Street, Somerton Park SA 5044",Somerton Park,Western Coastal Corridors,Private Treaty (Bán thỏa thuận),Disclosed,620000,"$620,000",2,1,1,N/A,10.75,https://www.homely.com.au/homes/12-2-tarlton-street-somerton-park-sa-5044/13435021
13477242,2026-09-19,19/09/2026,"2/12 Hazelwood Avenue, Hazelwood Park SA 5066",Hazelwood Park,City of Burnside & Core East,Private Treaty (Bán thỏa thuận),Undisclosed,,Price Undisclosed,3,2,2,526m²,3.55,https://www.homely.com.au/homes/2-12-hazelwood-avenue-hazelwood-park-sa-5066/13477242
13464481,2026-09-19,19/09/2026,"1/6 Romney Road, Heathpool SA 5068",Heathpool,"Norwood, Campbelltown & North-East Core",Private Treaty (Bán thỏa thuận),Undisclosed,,Price Undisclosed,1,1,1,N/A,3.89,https://www.homely.com.au/homes/1-6-romney-road-heathpool-sa-5068/13464481
13466652,2026-09-19,19/09/2026,"23 Castres Street, Glynde SA 5070",Glynde,"Norwood, Campbelltown & North-East Core",Private Treaty (Bán thỏa thuận),Undisclosed,,Price Undisclosed,4,1,2,734m²,6.67,https://www.homely.com.au/homes/23-castres-street-glynde-sa-5070/13466652
13466365,2026-09-19,19/09/2026,"4 Treana Crescent, Paradise SA 5075",Paradise,"Norwood, Campbelltown & North-East Core",Private Treaty (Bán thỏa thuận),Undisclosed,,Price Undisclosed,4,2,2,700m²,9.59,https://www.homely.com.au/homes/4-treana-crescent-paradise-sa-5075/13466365
13422586,2026-09-19,19/09/2026,"101 Myrtle Road, Seacliff SA 5049",Seacliff,Western Coastal Corridors,Private Treaty (Bán thỏa thuận),Undisclosed,,Price Undisclosed,3,2,2,554m²,13.63,https://www.homely.com.au/homes/101-myrtle-road-seacliff-sa-5049/13422586
13464716,2026-09-19,19/09/2026,"251 Lyons Road, Dernancourt SA 5075",Dernancourt,Adelaide Hills & Tea Tree Gully Safe Enclaves,Private Treaty (Bán thỏa thuận),Undisclosed,,Price Undisclosed,4,3,2,1100m²,11.46,https://www.homely.com.au/homes/251-lyons-road-dernancourt-sa-5075/13464716
13431601,2026-09-18,18/09/2026,"9 Crombie Street, Hove SA 5048",Hove,Western Coastal Corridors,Private Treaty (Bán thỏa thuận),Disclosed,1531000,"$1,531,000",4,1,3,557m²,12.45,https://www.homely.com.au/homes/9-crombie-street-hove-sa-5048/13431601
13400216,2026-09-18,18/09/2026,"2 Matson Court, West Lakes SA 5021",West Lakes,Western Coastal Corridors,Private Treaty (Bán thỏa thuận),Disclosed,1400000,"$1,400,000",4,2,4,647m²,14.63,https://www.homely.com.au/homes/2-matson-court-west-lakes-sa-5021/13400216
13451980,2026-09-18,18/09/2026,"26 Ashleigh Avenue, Felixstow SA 5070",Felixstow,"Norwood, Campbelltown & North-East Core",Private Treaty (Bán thỏa thuận),Disclosed,1375000,"$1,375,000",3,2,2,797m²,6.96,https://www.homely.com.au/homes/26-ashleigh-avenue-felixstow-sa-5070/13451980
13473544,2026-09-18,18/09/2026,"1/3 Farrell Street, Glenelg South SA 5045",Glenelg South,Western Coastal Corridors,Private Treaty (Bán thỏa thuận),Disclosed,1280000,"$1,280,000",3,2,3,230m²,11.01,https://www.homely.com.au/homes/1-3-farrell-street-glenelg-south-sa-5045/13473544
13289883,2026-09-18,18/09/2026,"6D Hackett Terrace, Marryatville SA 5068",Marryatville,"Norwood, Campbelltown & North-East Core",Private Treaty (Bán thỏa thuận),Disclosed,1270000,"$1,270,000",4,2,2,254m²,3.42,https://www.homely.com.au/homes/6d-hackett-terrace-marryatville-sa-5068/13289883
13408367,2026-09-18,18/09/2026,"2 Laurence Street, Rostrevor SA 5073",Rostrevor,"Norwood, Campbelltown & North-East Core",Private Treaty (Bán thỏa thuận),Disclosed,1135000,"$1,135,000",3,2,1,660m²,8.04,https://www.homely.com.au/homes/2-laurence-street-rostrevor-sa-5073/13408367
13432465,2026-09-18,18/09/2026,"1/14 Riverway, Fulham Gardens SA 5024",Fulham Gardens,Western Coastal Corridors,Private Treaty (Bán thỏa thuận),Disclosed,803000,"$803,000",3,2,1,N/A,10.46,https://www.homely.com.au/homes/1-14-riverway-fulham-gardens-sa-5024/13432465
13375752,2026-09-18,18/09/2026,"1/12 Jackson St, Magill SA 5072",Magill,"Norwood, Campbelltown & North-East Core",Private Treaty (Bán thỏa thuận),Disclosed,770000,"$770,000",3,1,1,270m²,6.32,https://www.homely.com.au/homes/1-12-jackson-st-magill-sa-5072/13375752
13260152,2026-09-18,18/09/2026,"1/25 Verona Avenue, Newton SA 5074",Newton,"Norwood, Campbelltown & North-East Core",Private Treaty (Bán thỏa thuận),Disclosed,725000,"$725,000",3,1,1,323m²,9.65,https://www.homely.com.au/homes/1-25-verona-avenue-newton-sa-5074/13260152
13329130,2026-09-18,18/09/2026,"6/25 Godfrey Terrace, Leabrook SA 5068",Leabrook,City of Burnside & Core East,Private Treaty (Bán thỏa thuận),Disclosed,510000,"$510,000",1,1,1,N/A,4.04,https://www.homely.com.au/homes/6-25-godfrey-terrace-leabrook-sa-5068/13329130
13497433,2026-09-18,18/09/2026,"28 Mount Osmond Road, Mount Osmond SA 5064",Mount Osmond,City of Burnside & Core East,Private Treaty (Bán thỏa thuận),Undisclosed,,Price Undisclosed,3,1,4,1781m²,2.52,https://www.homely.com.au/homes/28-mount-osmond-road-mount-osmond-sa-5064/13497433
13270051,2026-09-18,18/09/2026,"57 Forest Avenue, Newton SA 5074",Newton,"Norwood, Campbelltown & North-East Core",Private Treaty (Bán thỏa thuận),Undisclosed,,Price Undisclosed,4,3,2,352m²,9.65,https://www.homely.com.au/homes/57-forest-avenue-newton-sa-5074/13270051
13474542,2026-09-18,18/09/2026,"1 & 2/155 St Bernards Road, Rostrevor SA 5073",Rostrevor,"Norwood, Campbelltown & North-East Core",Auction (Đấu giá),Undisclosed,,Price Undisclosed,4,2,2,532m²,8.04,https://www.homely.com.au/homes/1-2-155-st-bernards-road-rostrevor-sa-5073/13474542
13452699,2026-09-17,17/09/2026,"302A Lower Athelstone Road, Athelstone SA 5076",Athelstone,"Norwood, Campbelltown & North-East Core",Auction (Đấu giá),Disclosed,994000,"$994,000",4,2,2,N/A,10.85,https://www.homely.com.au/homes/302a-lower-athelstone-road-athelstone-sa-5076/13452699
13269975,2026-09-17,17/09/2026,"35 Jervois Street, Torrensville SA 5031",Torrensville,Western Coastal Corridors,Private Treaty (Bán thỏa thuận),Disclosed,910000,"$910,000",2,1,2,349m²,6.47,https://www.homely.com.au/homes/35-jervois-street-torrensville-sa-5031/13269975
13455305,2026-09-17,17/09/2026,"66 Hancock Avenue, Campbelltown SA 5074",Campbelltown,"Norwood, Campbelltown & North-East Core",Private Treaty (Bán thỏa thuận),Undisclosed,,Price Undisclosed,3,2,4,810m²,8.01,https://www.homely.com.au/homes/66-hancock-avenue-campbelltown-sa-5074/13455305
13355724,2026-09-16,16/09/2026,"20 Stewart Street, Henley Beach SA 5022",Henley Beach,Western Coastal Corridors,Private Treaty (Bán thỏa thuận),Disclosed,2900000,"$2,900,000",4,3,4,355m²,12.15,https://www.homely.com.au/homes/20-stewart-street-henley-beach-sa-5022/13355724
13411639,2026-09-16,16/09/2026,"25 North Street, Henley Beach SA 5022",Henley Beach,Western Coastal Corridors,Private Treaty (Bán thỏa thuận),Disclosed,2360000,"$2,360,000",4,3,2,693m²,12.15,https://www.homely.com.au/homes/25-north-street-henley-beach-sa-5022/13411639
13474893,2026-09-16,16/09/2026,"31 North Terrace, Highgate SA 5063",Highgate,City of Unley & Prestige South,Private Treaty (Bán thỏa thuận),Disclosed,1520000,"$1,520,000",4,2,3,399m²,0.84,https://www.homely.com.au/homes/31-north-terrace-highgate-sa-5063/13474893
13289538,2026-09-16,16/09/2026,"27 Ann Street, Campbelltown SA 5074",Campbelltown,"Norwood, Campbelltown & North-East Core",Private Treaty (Bán thỏa thuận),Disclosed,1050000,"$1,050,000",3,1,2,695m²,8.01,https://www.homely.com.au/homes/27-ann-street-campbelltown-sa-5074/13289538
13454693,2026-09-16,16/09/2026,"2B Seneca Court, Athelstone SA 5076",Athelstone,"Norwood, Campbelltown & North-East Core",Private Treaty (Bán thỏa thuận),Disclosed,1010000,"$1,010,000",3,2,2,305m²,10.85,https://www.homely.com.au/homes/2b-seneca-court-athelstone-sa-5076/13454693
13454496,2026-09-16,16/09/2026,"1/13 Bartlett Terrace, Semaphore Park SA 5019",Semaphore Park,Western Coastal Corridors,Private Treaty (Bán thỏa thuận),Disclosed,1005000,"$1,005,000",3,2,2,365m²,17.73,https://www.homely.com.au/homes/1-13-bartlett-terrace-semaphore-park-sa-5019/13454496
13372944,2026-09-16,16/09/2026,"2/3 North Street, Somerton Park SA 5044",Somerton Park,Western Coastal Corridors,Private Treaty (Bán thỏa thuận),Disclosed,830000,"$830,000",2,2,1,N/A,10.75,https://www.homely.com.au/homes/2-3-north-street-somerton-park-sa-5044/13372944
13246154,2026-09-16,16/09/2026,"69 Mount Osmond Road, Mount Osmond SA 5064",Mount Osmond,City of Burnside & Core East,Private Treaty (Bán thỏa thuận),Undisclosed,,Price Undisclosed,3,1,1,5379m²,2.52,https://www.homely.com.au/homes/69-mount-osmond-road-mount-osmond-sa-5064/13246154
13496939,2026-09-16,16/09/2026,"13 Cremorne Street, Fullarton SA 5063",Fullarton,City of Unley & Prestige South,Private Treaty (Bán thỏa thuận),Undisclosed,,Price Undisclosed,5,2,2,868m²,1.24,https://www.homely.com.au/homes/13-cremorne-street-fullarton-sa-5063/13496939
13424354,2026-09-16,16/09/2026,"119 Shepherds Hill Road, Eden Hills SA 5050",Eden Hills,City of Mitcham & Foothills,Private Treaty (Bán thỏa thuận),Undisclosed,,Price Undisclosed,4,2,5,920m²,7.12,https://www.homely.com.au/homes/119-shepherds-hill-road-eden-hills-sa-5050/13424354
13464372,2026-09-16,16/09/2026,"2C Cedar Avenue, Campbelltown SA 5074",Campbelltown,"Norwood, Campbelltown & North-East Core",Private Treaty (Bán thỏa thuận),Undisclosed,,Price Undisclosed,2,1,1,303m²,8.01,https://www.homely.com.au/homes/2c-cedar-avenue-campbelltown-sa-5074/13464372
13347706,2026-09-16,16/09/2026,"17 Emery Road, Campbelltown SA 5074",Campbelltown,"Norwood, Campbelltown & North-East Core",Private Treaty (Bán thỏa thuận),Undisclosed,,Price Undisclosed,3,1,1,714m²,8.01,https://www.homely.com.au/homes/17-emery-road-campbelltown-sa-5074/13347706
13448345,2026-09-16,16/09/2026,"25 Hamish Grove, Rostrevor SA 5073",Rostrevor,"Norwood, Campbelltown & North-East Core",Private Treaty (Bán thỏa thuận),Undisclosed,,Price Undisclosed,3,1,2,588m²,8.04,https://www.homely.com.au/homes/25-hamish-grove-rostrevor-sa-5073/13448345
13384420,2026-09-16,16/09/2026,"22 Condada Drive, Banksia Park SA 5091",Banksia Park,Adelaide Hills & Tea Tree Gully Safe Enclaves,Private Treaty (Bán thỏa thuận),Undisclosed,,Price Undisclosed,3,1,3,770m²,18.32,https://www.homely.com.au/homes/22-condada-drive-banksia-park-sa-5091/13384420
13470440,2026-09-15,15/09/2026,"1 Clifton Court, Stonyfell SA 5066",Stonyfell,City of Burnside & Core East,Private Treaty (Bán thỏa thuận),Disclosed,2150000,"$2,150,000",4,2,2,715m²,4.88,https://www.homely.com.au/homes/1-clifton-court-stonyfell-sa-5066/13470440
13478478,2026-09-15,15/09/2026,"19A Murray Street, Fulham Gardens SA 5024",Fulham Gardens,Western Coastal Corridors,Private Treaty (Bán thỏa thuận),Disclosed,1855000,"$1,855,000",4,2,2,400m²,10.46,https://www.homely.com.au/homes/19a-murray-street-fulham-gardens-sa-5024/13478478
13410803,2026-09-15,15/09/2026,"1 Paterson  Street, North Brighton SA 5048",North Brighton,Western Coastal Corridors,Private Treaty (Bán thỏa thuận),Disclosed,1300000,"$1,300,000",3,2,3,379m²,12.37,https://www.homely.com.au/homes/1-paterson-street-north-brighton-sa-5048/13410803
13446218,2026-09-15,15/09/2026,"4 Cobbler Drive, Greenwith SA 5125",Greenwith,Adelaide Hills & Tea Tree Gully Safe Enclaves,Private Treaty (Bán thỏa thuận),Disclosed,1250000,"$1,250,000",4,2,2,731m²,22.4,https://www.homely.com.au/homes/4-cobbler-drive-greenwith-sa-5125/13446218
13433915,2026-09-15,15/09/2026,"25 Wattle Crescent, Tea Tree Gully SA 5091",Tea Tree Gully,Adelaide Hills & Tea Tree Gully Safe Enclaves,Private Treaty (Bán thỏa thuận),Disclosed,1085000,"$1,085,000",3,2,1,760m²,16.9,https://www.homely.com.au/homes/25-wattle-crescent-tea-tree-gully-sa-5091/13433915
13470441,2026-09-15,15/09/2026,"11 Lennox Street, Campbelltown SA 5074",Campbelltown,"Norwood, Campbelltown & North-East Core",Private Treaty (Bán thỏa thuận),Disclosed,990000,"$990,000",4,2,1,710m²,8.01,https://www.homely.com.au/homes/11-lennox-street-campbelltown-sa-5074/13470441
13453679,2026-09-15,15/09/2026,"3/163 Daws Road, St Marys SA 5042",St Marys,City of Mitcham & Foothills,Private Treaty (Bán thỏa thuận),Disclosed,625000,"$625,000",2,1,2,271m²,6.81,https://www.homely.com.au/homes/3-163-daws-road-st-marys-sa-5042/13453679
13388251,2026-09-15,15/09/2026,"47A Highfield Avenue, St Georges SA 5064",St Georges,City of Burnside & Core East,Private Treaty (Bán thỏa thuận),Undisclosed,,Price Undisclosed,3,2,2,557m²,1.58,https://www.homely.com.au/homes/47a-highfield-avenue-st-georges-sa-5064/13388251
13432376,2026-09-15,15/09/2026,"32 Batley Avenue, Hawthorndene SA 5051",Hawthorndene,City of Mitcham & Foothills,Private Treaty (Bán thỏa thuận),Undisclosed,,Price Undisclosed,3,1,4,921m²,2.99,https://www.homely.com.au/homes/32-batley-avenue-hawthorndene-sa-5051/13432376
13364857,2026-09-15,15/09/2026,"8/624 Goodwood Road, Daw Park SA 5041",Daw Park,City of Mitcham & Foothills,Private Treaty (Bán thỏa thuận),Undisclosed,,Price Undisclosed,2,1,1,N/A,5.41,https://www.homely.com.au/homes/8-624-goodwood-road-daw-park-sa-5041/13364857
13372283,2026-09-15,15/09/2026,"19 Gwynne Street, Firle SA 5070",Firle,"Norwood, Campbelltown & North-East Core",Private Treaty (Bán thỏa thuận),Undisclosed,,Price Undisclosed,5,2,2,1096m²,5.69,https://www.homely.com.au/homes/19-gwynne-street-firle-sa-5070/13372283
13469883,2026-09-15,15/09/2026,"25 Hobbs Drive, Campbelltown SA 5074",Campbelltown,"Norwood, Campbelltown & North-East Core",Private Treaty (Bán thỏa thuận),Undisclosed,,Price Undisclosed,5,3,2,900m²,8.01,https://www.homely.com.au/homes/25-hobbs-drive-campbelltown-sa-5074/13469883
13232972,2026-09-15,15/09/2026,"34/8-9 North Esplanade, Glenelg North SA 5045",Glenelg North,Western Coastal Corridors,Private Treaty (Bán thỏa thuận),Undisclosed,,Price Undisclosed,3,2,2,N/A,11.01,https://www.homely.com.au/homes/34-8-9-north-esplanade-glenelg-north-sa-5045/13232972
13436778,2026-09-14,14/09/2026,"6 Newlands Drive, West Beach SA 5024",West Beach,Western Coastal Corridors,Private Treaty (Bán thỏa thuận),Disclosed,2040000,"$2,040,000",6,3,4,557m²,11.62,https://www.homely.com.au/homes/6-newlands-drive-west-beach-sa-5024/13436778
13352854,2026-09-14,14/09/2026,"15 Pine Avenue, Kingston Park SA 5049",Kingston Park,Western Coastal Corridors,Private Treaty (Bán thỏa thuận),Disclosed,1750000,"$1,750,000",4,3,4,548m²,13.86,https://www.homely.com.au/homes/15-pine-avenue-kingston-park-sa-5049/13352854
13216789,2026-09-14,14/09/2026,"25 Norman Road, West Lakes SA 5021",West Lakes,Western Coastal Corridors,Private Treaty (Bán thỏa thuận),Disclosed,1600000,"$1,600,000",4,3,2,N/A,14.63,https://www.homely.com.au/homes/25-norman-road-west-lakes-sa-5021/13216789
13474764,2026-09-14,14/09/2026,"110 Yarrabee Road, Greenhill SA 5140",Greenhill,Adelaide Hills & Tea Tree Gully Safe Enclaves,Private Treaty (Bán thỏa thuận),Disclosed,1230000,"$1,230,000",3,2,2,1106m²,4.66,https://www.homely.com.au/homes/110-yarrabee-road-greenhill-sa-5140/13474764
13276545,2026-09-14,14/09/2026,"14 Edward Road, Ridgehaven SA 5097",Ridgehaven,Adelaide Hills & Tea Tree Gully Safe Enclaves,Private Treaty (Bán thỏa thuận),Disclosed,800000,"$800,000",3,1,2,715m²,16.48,https://www.homely.com.au/homes/14-edward-road-ridgehaven-sa-5097/13276545
12988507,2026-09-14,14/09/2026,"64a Yarmouth Street, South Brighton SA 5048",South Brighton,Western Coastal Corridors,Private Treaty (Bán thỏa thuận),Disclosed,580000,"$580,000",3,1,1,369m²,12.37,https://www.homely.com.au/homes/64a-yarmouth-street-south-brighton-sa-5048/12988507
13407872,2026-09-14,14/09/2026,"2/13 Laurel Avenue, Linden Park SA 5065",Linden Park,City of Burnside & Core East,Private Treaty (Bán thỏa thuận),Undisclosed,,Price Undisclosed,2,1,1,N/A,2.36,https://www.homely.com.au/homes/2-13-laurel-avenue-linden-park-sa-5065/13407872
13360232,2026-09-14,14/09/2026,"7/258 Young Street, Wayville SA 5034",Wayville,City of Unley & Prestige South,Private Treaty (Bán thỏa thuận),Undisclosed,,Price Undisclosed,3,2,1,N/A,4.45,https://www.homely.com.au/homes/7-258-young-street-wayville-sa-5034/13360232
13373279,2026-09-14,14/09/2026,"14 Beck Street, Dernancourt SA 5075",Dernancourt,Adelaide Hills & Tea Tree Gully Safe Enclaves,Private Treaty (Bán thỏa thuận),Undisclosed,,Price Undisclosed,3,1,2,617m²,11.46,https://www.homely.com.au/homes/14-beck-street-dernancourt-sa-5075/13373279
13453684,2026-09-12,12/09/2026,"4 Bridge Street, Kensington SA 5068",Kensington,"Norwood, Campbelltown & North-East Core",Private Treaty (Bán thỏa thuận),Disclosed,1710000,"$1,710,000",3,1,1,961m²,4.96,https://www.homely.com.au/homes/4-bridge-street-kensington-sa-5068/13453684
13270238,2026-09-12,12/09/2026,"7B Munro Street, Glenelg North SA 5045",Glenelg North,Western Coastal Corridors,Private Treaty (Bán thỏa thuận),Disclosed,1350000,"$1,350,000",3,3,4,300m²,11.01,https://www.homely.com.au/homes/7b-munro-street-glenelg-north-sa-5045/13270238
13456060,2026-09-12,12/09/2026,"18 Linfield Avenue, Belair SA 5052",Belair,City of Mitcham & Foothills,Private Treaty (Bán thỏa thuận),Disclosed,1174000,"$1,174,000",4,2,6,1138m²,4.42,https://www.homely.com.au/homes/18-linfield-avenue-belair-sa-5052/13456060
13453751,2026-09-12,12/09/2026,"6 Bridge Street, Kensington SA 5068",Kensington,"Norwood, Campbelltown & North-East Core",Private Treaty (Bán thỏa thuận),Disclosed,1160000,"$1,160,000",2,1,1,461m²,4.96,https://www.homely.com.au/homes/6-bridge-street-kensington-sa-5068/13453751
13449327,2026-09-12,12/09/2026,"9 Landscape Crescent, Highbury SA 5089",Highbury,Adelaide Hills & Tea Tree Gully Safe Enclaves,Private Treaty (Bán thỏa thuận),Disclosed,1015000,"$1,015,000",4,2,4,730m²,12.87,https://www.homely.com.au/homes/9-landscape-crescent-highbury-sa-5089/13449327
13453577,2026-09-12,12/09/2026,"1 Hill Street, Kensington SA 5068",Kensington,"Norwood, Campbelltown & North-East Core",Private Treaty (Bán thỏa thuận),Disclosed,800000,"$800,000",2,1,1,352m²,4.96,https://www.homely.com.au/homes/1-hill-street-kensington-sa-5068/13453577
13290825,2026-09-12,12/09/2026,"609 Greenhill Road, Burnside SA 5066",Burnside,City of Burnside & Core East,Private Treaty (Bán thỏa thuận),Undisclosed,,Price Undisclosed,3,1,2,490m²,3.83,https://www.homely.com.au/homes/609-greenhill-road-burnside-sa-5066/13290825
13424905,2026-09-12,12/09/2026,"8A Albert Place, Blackwood SA 5051",Blackwood,City of Mitcham & Foothills,Private Treaty (Bán thỏa thuận),Undisclosed,,Price Undisclosed,5,3,4,438m²,7.07,https://www.homely.com.au/homes/8a-albert-place-blackwood-sa-5051/13424905
13449696,2026-09-12,12/09/2026,"40C Fisher Street, Magill SA 5072",Magill,"Norwood, Campbelltown & North-East Core",Private Treaty (Bán thỏa thuận),Undisclosed,,Price Undisclosed,4,2,2,N/A,6.32,https://www.homely.com.au/homes/40c-fisher-street-magill-sa-5072/13449696
13447982,2026-09-12,12/09/2026,"11/64 Reservoir Road, Paradise SA 5075",Paradise,"Norwood, Campbelltown & North-East Core",Private Treaty (Bán thỏa thuận),Undisclosed,,Price Undisclosed,2,1,1,247m²,9.59,https://www.homely.com.au/homes/11-64-reservoir-road-paradise-sa-5075/13447982
13394427,2026-09-12,12/09/2026,"10 Bode Street, Henley Beach South SA 5022",Henley Beach South,Western Coastal Corridors,Private Treaty (Bán thỏa thuận),Undisclosed,,Price Undisclosed,2,1,2,725m²,12.15,https://www.homely.com.au/homes/10-bode-street-henley-beach-south-sa-5022/13394427
13454993,2026-09-12,12/09/2026,"64 Sportsmans Drive, West Lakes SA 5021",West Lakes,Western Coastal Corridors,Private Treaty (Bán thỏa thuận),Undisclosed,,Price Undisclosed,2,1,2,N/A,14.63,https://www.homely.com.au/homes/64-sportsmans-drive-west-lakes-sa-5021/13454993
13351489,2026-09-11,11/09/2026,"20 Myrona Avenue, Glen Osmond SA 5064",Glen Osmond,City of Burnside & Core East,Private Treaty (Bán thỏa thuận),Disclosed,1425000,"$1,425,000",4,2,2,475m²,1.36,https://www.homely.com.au/homes/20-myrona-avenue-glen-osmond-sa-5064/13351489
13210380,2026-09-11,11/09/2026,"18 Olive Road, Stepney SA 5069",Stepney,"Norwood, Campbelltown & North-East Core",Private Treaty (Bán thỏa thuận),Disclosed,1290000,"$1,290,000",3,1,3,358m²,4.73,https://www.homely.com.au/homes/18-olive-road-stepney-sa-5069/13210380
13450291,2026-09-11,11/09/2026,"1/16 Chisholm Avenue, Burnside SA 5066",Burnside,City of Burnside & Core East,Private Treaty (Bán thỏa thuận),Disclosed,840000,"$840,000",2,1,2,N/A,3.83,https://www.homely.com.au/homes/1-16-chisholm-avenue-burnside-sa-5066/13450291
13291963,2026-09-11,11/09/2026,"2/14 Marian Road, Payneham SA 5070",Payneham,"Norwood, Campbelltown & North-East Core",Private Treaty (Bán thỏa thuận),Undisclosed,,Price Undisclosed,2,1,1,N/A,6.41,https://www.homely.com.au/homes/2-14-marian-road-payneham-sa-5070/13291963
13391206,2026-09-11,11/09/2026,"2/2 Hansen Court, West Lakes Shore SA 5020",West Lakes Shore,Western Coastal Corridors,Private Treaty (Bán thỏa thuận),Undisclosed,,Price Undisclosed,3,1,1,N/A,14.63,https://www.homely.com.au/homes/2-2-hansen-court-west-lakes-shore-sa-5020/13391206
13252770,2026-09-11,11/09/2026,"1 Aiston Grove, Golden Grove SA 5125",Golden Grove,Adelaide Hills & Tea Tree Gully Safe Enclaves,Private Treaty (Bán thỏa thuận),Undisclosed,,Price Undisclosed,5,2,6,972m²,20.78,https://www.homely.com.au/homes/1-aiston-grove-golden-grove-sa-5125/13252770
13338889,2026-09-10,10/09/2026,"6 Noora Place, Semaphore Park SA 5019",Semaphore Park,Western Coastal Corridors,Private Treaty (Bán thỏa thuận),Disclosed,3850000,"$3,850,000",5,3,6,925m²,17.73,https://www.homely.com.au/homes/6-noora-place-semaphore-park-sa-5019/13338889
13460890,2026-09-10,10/09/2026,"51 Hampden Street, Firle SA 5070",Firle,"Norwood, Campbelltown & North-East Core",Private Treaty (Bán thỏa thuận),Disclosed,1570000,"$1,570,000",3,1,2,894m²,5.69,https://www.homely.com.au/homes/51-hampden-street-firle-sa-5070/13460890
13273330,2026-09-10,10/09/2026,"1/8A Montacute Road, Hectorville SA 5073",Hectorville,"Norwood, Campbelltown & North-East Core",Private Treaty (Bán thỏa thuận),Disclosed,460000,"$460,000",2,1,1,N/A,6.98,https://www.homely.com.au/homes/1-8a-montacute-road-hectorville-sa-5073/13273330
13449600,2026-09-10,10/09/2026,"31 Harrow Road, St Peters SA 5069",St Peters,"Norwood, Campbelltown & North-East Core",Private Treaty (Bán thỏa thuận),Undisclosed,,Price Undisclosed,4,3,2,912m²,5.12,https://www.homely.com.au/homes/31-harrow-road-st-peters-sa-5069/13449600
13451652,2026-09-10,10/09/2026,"10 Farncomb Road, Fulham SA 5024",Fulham,Western Coastal Corridors,Private Treaty (Bán thỏa thuận),Undisclosed,,Price Undisclosed,3,1,2,727m²,10.46,https://www.homely.com.au/homes/10-farncomb-road-fulham-sa-5024/13451652
13389680,2026-09-10,10/09/2026,"10 Gosse Avenue, Glenelg North SA 5045",Glenelg North,Western Coastal Corridors,Private Treaty (Bán thỏa thuận),Undisclosed,,Price Undisclosed,4,2,2,690m²,11.01,https://www.homely.com.au/homes/10-gosse-avenue-glenelg-north-sa-5045/13389680
13192768,2026-09-10,10/09/2026,"18B Edward Road, Ridgehaven SA 5097",Ridgehaven,Adelaide Hills & Tea Tree Gully Safe Enclaves,Private Treaty (Bán thỏa thuận),Undisclosed,,Price Undisclosed,3,1,1,257m²,16.48,https://www.homely.com.au/homes/18b-edward-road-ridgehaven-sa-5097/13192768
13387251,2026-09-09,09/09/2026,"9 Anson Avenue, Clapham SA 5062",Clapham,City of Mitcham & Foothills,Private Treaty (Bán thỏa thuận),Disclosed,1900000,"$1,900,000",4,2,2,697m²,4.05,https://www.homely.com.au/homes/9-anson-avenue-clapham-sa-5062/13387251
13452100,2026-09-09,09/09/2026,"15 Ayrbank Avenue, Stonyfell SA 5066",Stonyfell,City of Burnside & Core East,Private Treaty (Bán thỏa thuận),Disclosed,1825000,"$1,825,000",4,2,4,801m²,4.88,https://www.homely.com.au/homes/15-ayrbank-avenue-stonyfell-sa-5066/13452100
13371037,2026-09-09,09/09/2026,"24 Harrow Terrace, Kingswood SA 5062",Kingswood,City of Mitcham & Foothills,Private Treaty (Bán thỏa thuận),Disclosed,1580888,"$1,580,888",4,2,3,696m²,1.95,https://www.homely.com.au/homes/24-harrow-terrace-kingswood-sa-5062/13371037
13407884,2026-09-09,09/09/2026,"29 Davis Road, Glynde SA 5070",Glynde,"Norwood, Campbelltown & North-East Core",Private Treaty (Bán thỏa thuận),Disclosed,1250000,"$1,250,000",4,1,1,731m²,6.67,https://www.homely.com.au/homes/29-davis-road-glynde-sa-5070/13407884
13393425,2026-09-09,09/09/2026,"5/18 Russell Avenue, Hazelwood Park SA 5066",Hazelwood Park,City of Burnside & Core East,Private Treaty (Bán thỏa thuận),Undisclosed,,Price Undisclosed,2,1,2,205m²,3.55,https://www.homely.com.au/homes/5-18-russell-avenue-hazelwood-park-sa-5066/13393425
13384772,2026-09-09,09/09/2026,"402 Glynburn Road, Erindale SA 5066",Erindale,City of Burnside & Core East,Private Treaty (Bán thỏa thuận),Undisclosed,,Price Undisclosed,4,2,8,1099m²,4.21,https://www.homely.com.au/homes/402-glynburn-road-erindale-sa-5066/13384772
13443069,2026-09-09,09/09/2026,"6/125 Princes Road, Mitcham SA 5062",Mitcham,City of Mitcham & Foothills,Private Treaty (Bán thỏa thuận),Undisclosed,,Price Undisclosed,2,1,1,N/A,2.68,https://www.homely.com.au/homes/6-125-princes-road-mitcham-sa-5062/13443069
13264391,2026-09-09,09/09/2026,"29 Braemar Road, Torrens Park SA 5062",Torrens Park,City of Mitcham & Foothills,Private Treaty (Bán thỏa thuận),Undisclosed,,Price Undisclosed,3,2,1,1030m²,2.77,https://www.homely.com.au/homes/29-braemar-road-torrens-park-sa-5062/13264391
13373063,2026-09-09,09/09/2026,"2/65 George Street, Norwood SA 5067",Norwood,"Norwood, Campbelltown & North-East Core",Private Treaty (Bán thỏa thuận),Undisclosed,,Price Undisclosed,2,2,2,N/A,4.01,https://www.homely.com.au/homes/2-65-george-street-norwood-sa-5067/13373063
13354478,2026-09-09,09/09/2026,"1/116 Military Road, Henley Beach South SA 5022",Henley Beach South,Western Coastal Corridors,Private Treaty (Bán thỏa thuận),Undisclosed,,Price Undisclosed,2,1,1,N/A,12.15,https://www.homely.com.au/homes/1-116-military-road-henley-beach-south-sa-502/13354478
13301395,2026-09-09,09/09/2026,"4/11 Martin Court, West Lakes SA 5021",West Lakes,Western Coastal Corridors,Private Treaty (Bán thỏa thuận),Undisclosed,,Price Undisclosed,2,1,2,241m²,14.63,https://www.homely.com.au/homes/4-11-martin-court-west-lakes-sa-5021/13301395
13316315,2026-09-08,08/09/2026,"31A Tarlton Street, Somerton Park SA 5044",Somerton Park,Western Coastal Corridors,Private Treaty (Bán thỏa thuận),Disclosed,1615000,"$1,615,000",3,2,1,310m²,10.75,https://www.homely.com.au/homes/31a-tarlton-street-somerton-park-sa-5044/13316315
13369311,2026-09-08,08/09/2026,"15 Westall Avenue, Flinders Park SA 5025",Flinders Park,Western Coastal Corridors,Private Treaty (Bán thỏa thuận),Disclosed,1400000,"$1,400,000",5,2,2,370m²,8.61,https://www.homely.com.au/homes/15-westall-avenue-flinders-park-sa-5025/13369311
13393359,2026-09-08,08/09/2026,"35 Elizabeth Street, Evandale SA 5069",Evandale,"Norwood, Campbelltown & North-East Core",Private Treaty (Bán thỏa thuận),Disclosed,1310200,"$1,310,200",3,1,1,534m²,5.5,https://www.homely.com.au/homes/35-elizabeth-street-evandale-sa-5069/13393359
13475660,2026-09-08,08/09/2026,"503/3 Banksia Street, Glenside SA 5065",Glenside,City of Burnside & Core East,Private Treaty (Bán thỏa thuận),Disclosed,900000,"$900,000",2,1,1,N/A,2.06,https://www.homely.com.au/homes/503-3-banksia-street-glenside-sa-5065/13475660
13387394,2026-09-08,08/09/2026,"10A Kapoola Avenue, Campbelltown SA 5074",Campbelltown,"Norwood, Campbelltown & North-East Core",Private Treaty (Bán thỏa thuận),Disclosed,821000,"$821,000",3,2,1,158m²,8.01,https://www.homely.com.au/homes/10a-kapoola-avenue-campbelltown-sa-5074/13387394
13428969,2026-09-08,08/09/2026,"9/1 Moorea Court, West Lakes SA 5021",West Lakes,Western Coastal Corridors,Private Treaty (Bán thỏa thuận),Disclosed,800000,"$800,000",2,1,1,N/A,14.63,https://www.homely.com.au/homes/9-1-moorea-court-west-lakes-sa-5021/13428969
13206429,2026-09-08,08/09/2026,"5 Ascot Avenue, Dulwich SA 5065",Dulwich,City of Burnside & Core East,Private Treaty (Bán thỏa thuận),Undisclosed,,Price Undisclosed,4,3,1,487m²,2.62,https://www.homely.com.au/homes/5-ascot-avenue-dulwich-sa-5065/13206429
13333897,2026-09-08,08/09/2026,"104/248 Unley Road, Hyde Park SA 5061",Hyde Park,City of Unley & Prestige South,Private Treaty (Bán thỏa thuận),Undisclosed,,Price Undisclosed,1,1,1,N/A,3.2,https://www.homely.com.au/homes/104-248-unley-road-hyde-park-sa-5061/13333897
13433499,2026-09-08,08/09/2026,"14A Hillview Road, Kingswood SA 5062",Kingswood,City of Mitcham & Foothills,Private Treaty (Bán thỏa thuận),Undisclosed,,Price Undisclosed,3,2,2,368m²,1.95,https://www.homely.com.au/homes/14a-hillview-road-kingswood-sa-5062/13433499
13413009,2026-09-08,08/09/2026,"56 North Street, Henley Beach SA 5022",Henley Beach,Western Coastal Corridors,Private Treaty (Bán thỏa thuận),Undisclosed,,Price Undisclosed,3,1,1,675m²,12.15,https://www.homely.com.au/homes/56-north-street-henley-beach-sa-5022/13413009
13453437,2026-09-08,08/09/2026,"26 Second Avenue, Bridgewater SA 5155",Bridgewater,Adelaide Hills & Tea Tree Gully Safe Enclaves,Private Treaty (Bán thỏa thuận),Undisclosed,,Price Undisclosed,3,2,2,1010m²,13.23,https://www.homely.com.au/homes/26-second-avenue-bridgewater-sa-5155/13453437
13125333,2026-09-08,08/09/2026,"46 Cooper Road, Mylor SA 5153",Mylor,Adelaide Hills & Tea Tree Gully Safe Enclaves,Private Treaty (Bán thỏa thuận),Undisclosed,,Price Undisclosed,6,2,11,39456.8501184m²,14.71,https://www.homely.com.au/homes/46-cooper-road-mylor-sa-5153/13125333
13400472,2026-09-07,07/09/2026,"5 Musgrave Street, Goodwood SA 5034",Goodwood,City of Unley & Prestige South,Private Treaty (Bán thỏa thuận),Disclosed,2412000,"$2,412,000",4,2,2,613m²,4.14,https://www.homely.com.au/homes/5-musgrave-street-goodwood-sa-5034/13400472
13314029,2026-09-07,07/09/2026,"8 Canino Drive, Kidman Park SA 5025",Kidman Park,Western Coastal Corridors,Private Treaty (Bán thỏa thuận),Disclosed,1550000,"$1,550,000",4,2,2,582m²,9.7,https://www.homely.com.au/homes/8-canino-drive-kidman-park-sa-5025/13314029
13391105,2026-09-07,07/09/2026,"7 Tracey Avenue, Flinders Park SA 5025",Flinders Park,Western Coastal Corridors,Private Treaty (Bán thỏa thuận),Disclosed,1400000,"$1,400,000",3,1,4,644m²,8.61,https://www.homely.com.au/homes/7-tracey-avenue-flinders-park-sa-5025/13391105
13418846,2026-09-07,07/09/2026,"2/21 Player Avenue, St Peters SA 5069",St Peters,"Norwood, Campbelltown & North-East Core",Private Treaty (Bán thỏa thuận),Disclosed,1200000,"$1,200,000",4,2,2,452m²,5.12,https://www.homely.com.au/homes/2-21-player-avenue-st-peters-sa-5069/13418846
13281220,2026-09-07,07/09/2026,"64 Stradbroke Road, Newton SA 5074",Newton,"Norwood, Campbelltown & North-East Core",Private Treaty (Bán thỏa thuận),Disclosed,900000,"$900,000",3,1,1,727m²,9.65,https://www.homely.com.au/homes/64-stradbroke-road-newton-sa-5074/13281220
13315123,2026-09-07,07/09/2026,"20 Francis Street, St Agnes SA 5097",St Agnes,Adelaide Hills & Tea Tree Gully Safe Enclaves,Private Treaty (Bán thỏa thuận),Disclosed,850000,"$850,000",4,2,4,730m²,15.94,https://www.homely.com.au/homes/20-francis-street-st-agnes-sa-5097/13315123
13453438,2026-09-07,07/09/2026,"36 Osterley Avenue, Bridgewater SA 5155",Bridgewater,Adelaide Hills & Tea Tree Gully Safe Enclaves,Private Treaty (Bán thỏa thuận),Disclosed,815000,"$815,000",2,1,2,752m²,13.23,https://www.homely.com.au/homes/36-osterley-avenue-bridgewater-sa-5155/13453438
13231404,2026-09-07,07/09/2026,"28 Featherstone Circuit, Greenwith SA 5125",Greenwith,Adelaide Hills & Tea Tree Gully Safe Enclaves,Private Treaty (Bán thỏa thuận),Disclosed,735500,"$735,500",3,1,1,292m²,22.4,https://www.homely.com.au/homes/28-featherstone-circuit-greenwith-sa-5125/13231404
13432591,2026-09-07,07/09/2026,"2/20 Donald Street, St Marys SA 5042",St Marys,City of Mitcham & Foothills,Private Treaty (Bán thỏa thuận),Disclosed,630000,"$630,000",2,1,1,131m²,6.81,https://www.homely.com.au/homes/2-20-donald-street-st-marys-sa-5042/13432591
13393593,2026-09-07,07/09/2026,"9/14 Battams Road, Marden SA 5070",Marden,"Norwood, Campbelltown & North-East Core",Private Treaty (Bán thỏa thuận),Disclosed,550000,"$550,000",2,1,1,N/A,6.4,https://www.homely.com.au/homes/9-14-battams-road-marden-sa-5070/13393593
13360839,2026-09-07,07/09/2026,"30 Ripon Road, Clarence Park SA 5034",Clarence Park,City of Unley & Prestige South,Private Treaty (Bán thỏa thuận),Undisclosed,,Price Undisclosed,3,2,2,404m²,4.54,https://www.homely.com.au/homes/30-ripon-road-clarence-park-sa-5034/13360839
13453919,2026-09-07,07/09/2026,"49A Tutt Avenue, Kingswood SA 5062",Kingswood,City of Mitcham & Foothills,Private Treaty (Bán thỏa thuận),Undisclosed,,Price Undisclosed,5,2,4,831m²,1.95,https://www.homely.com.au/homes/49a-tutt-avenue-kingswood-sa-5062/13453919
13435235,2026-09-07,07/09/2026,"66 Edward Street, Cumberland Park SA 5041",Cumberland Park,City of Mitcham & Foothills,Private Treaty (Bán thỏa thuận),Undisclosed,,Price Undisclosed,3,1,2,757m²,4.27,https://www.homely.com.au/homes/66-edward-street-cumberland-park-sa-5041/13435235
13355003,2026-09-07,07/09/2026,"428 Tapleys Hill Road, Fulham Gardens SA 5024",Fulham Gardens,Western Coastal Corridors,Private Treaty (Bán thỏa thuận),Undisclosed,,Price Undisclosed,3,1,2,824m²,10.46,https://www.homely.com.au/homes/428-tapleys-hill-road-fulham-gardens-sa-5024/13355003
13283527,2026-09-07,07/09/2026,"2B Sunningdale Road, Fulham Gardens SA 5024",Fulham Gardens,Western Coastal Corridors,Private Treaty (Bán thỏa thuận),Undisclosed,,Price Undisclosed,4,3,2,291m²,10.46,https://www.homely.com.au/homes/2b-sunningdale-road-fulham-gardens-sa-5024/13283527
13454899,2026-09-07,07/09/2026,"17 Catherine Drive, Redwood Park SA 5097",Redwood Park,Adelaide Hills & Tea Tree Gully Safe Enclaves,Private Treaty (Bán thỏa thuận),Undisclosed,,Price Undisclosed,4,1,2,741m²,17.11,https://www.homely.com.au/homes/17-catherine-drive-redwood-park-sa-5097/13454899
13457827,2026-09-06,06/09/2026,"16 Belinda Street, Evandale SA 5069",Evandale,"Norwood, Campbelltown & North-East Core",Private Treaty (Bán thỏa thuận),Undisclosed,,Price Undisclosed,4,1,3,534m²,5.5,https://www.homely.com.au/homes/16-belinda-street-evandale-sa-5069/13457827
13431157,2026-09-06,06/09/2026,"12 Clydesdale Court, Athelstone SA 5076",Athelstone,"Norwood, Campbelltown & North-East Core",Private Treaty (Bán thỏa thuận),Undisclosed,,Price Undisclosed,4,2,4,798m²,10.85,https://www.homely.com.au/homes/12-clydesdale-court-athelstone-sa-5076/13431157
13415558,2026-09-06,06/09/2026,"2/65 Ashley Street, Torrensville SA 5031",Torrensville,Western Coastal Corridors,Private Treaty (Bán thỏa thuận),Undisclosed,,Price Undisclosed,3,1,1,N/A,6.47,https://www.homely.com.au/homes/2-65-ashley-street-torrensville-sa-5031/13415558
13411735,2026-09-05,05/09/2026,"63 Balham Avenue, Kingswood SA 5062",Kingswood,City of Mitcham & Foothills,Private Treaty (Bán thỏa thuận),Disclosed,2000000,"$2,000,000",4,2,8,1180m²,1.95,https://www.homely.com.au/homes/63-balham-avenue-kingswood-sa-5062/13411735
13432138,2026-09-05,05/09/2026,"76 Mary Street, Unley SA 5061",Unley,City of Unley & Prestige South,Private Treaty (Bán thỏa thuận),Disclosed,1330000,"$1,330,000",3,1,4,393m²,2.78,https://www.homely.com.au/homes/76-mary-street-unley-sa-5061/13432138
13434679,2026-09-05,05/09/2026,"11 Yulinda Terrace, Lower Mitcham SA 5062",Lower Mitcham,City of Mitcham & Foothills,Private Treaty (Bán thỏa thuận),Disclosed,1265000,"$1,265,000",2,1,1,600m²,2.68,https://www.homely.com.au/homes/11-yulinda-terrace-lower-mitcham-sa-5062/13434679
13425955,2026-09-05,05/09/2026,"7 Almerta Street, Highbury SA 5089",Highbury,Adelaide Hills & Tea Tree Gully Safe Enclaves,Private Treaty (Bán thỏa thuận),Disclosed,970000,"$970,000",4,2,4,790m²,12.87,https://www.homely.com.au/homes/7-almerta-street-highbury-sa-5089/13425955
13153814,2026-09-05,05/09/2026,"2/8 Cardigan Avenue, Felixstow SA 5070",Felixstow,"Norwood, Campbelltown & North-East Core",Private Treaty (Bán thỏa thuận),Disclosed,841000,"$841,000",3,2,2,119m²,6.96,https://www.homely.com.au/homes/2-8-cardigan-avenue-felixstow-sa-5070/13153814
13040194,2026-09-05,05/09/2026,"11 Harmer Court, Wynn Vale SA 5127",Wynn Vale,Adelaide Hills & Tea Tree Gully Safe Enclaves,Private Treaty (Bán thỏa thuận),Disclosed,812000,"$812,000",3,1,2,501m²,18.49,https://www.homely.com.au/homes/11-harmer-court-wynn-vale-sa-5127/13040194
13421957,2026-09-05,05/09/2026,"6/35 Queen Street, Norwood SA 5067",Norwood,"Norwood, Campbelltown & North-East Core",Private Treaty (Bán thỏa thuận),Undisclosed,,Price Undisclosed,2,1,1,N/A,4.01,https://www.homely.com.au/homes/6-35-queen-street-norwood-sa-5067/13421957
13422208,2026-09-05,05/09/2026,"13 Pamela Avenue, Campbelltown SA 5074",Campbelltown,"Norwood, Campbelltown & North-East Core",Private Treaty (Bán thỏa thuận),Undisclosed,,Price Undisclosed,3,1,1,680m²,8.01,https://www.homely.com.au/homes/13-pamela-avenue-campbelltown-sa-5074/13422208
13287124,2026-09-04,04/09/2026,"3/10 North Esplanade, Glenelg North SA 5045",Glenelg North,Western Coastal Corridors,Private Treaty (Bán thỏa thuận),Disclosed,1960000,"$1,960,000",3,2,2,N/A,11.01,https://www.homely.com.au/homes/3-10-north-esplanade-glenelg-north-sa-5045/13287124
13369923,2026-09-04,04/09/2026,"21 McLachlan Avenue, Glenelg North SA 5045",Glenelg North,Western Coastal Corridors,Private Treaty (Bán thỏa thuận),Disclosed,1600000,"$1,600,000",4,2,4,715m²,11.01,https://www.homely.com.au/homes/21-mclachlan-avenue-glenelg-north-sa-5045/13369923
13351327,2026-09-04,04/09/2026,"11 Vantage Way, Crafers SA 5152",Crafers,Adelaide Hills & Tea Tree Gully Safe Enclaves,Private Treaty (Bán thỏa thuận),Disclosed,1410000,"$1,410,000",4,2,2,1861m²,7.71,https://www.homely.com.au/homes/11-vantage-way-crafers-sa-5152/13351327
13251850,2026-09-04,04/09/2026,"304B Lower Athelstone Road, Athelstone SA 5076",Athelstone,"Norwood, Campbelltown & North-East Core",Private Treaty (Bán thỏa thuận),Disclosed,1400000,"$1,400,000",5,3,2,486m²,10.85,https://www.homely.com.au/homes/304b-lower-athelstone-road-athelstone-sa-5076/13251850
13455559,2026-09-04,04/09/2026,"426 Cross Road, Clarence Park SA 5034",Clarence Park,City of Unley & Prestige South,Private Treaty (Bán thỏa thuận),Disclosed,1180000,"$1,180,000",3,1,2,780m²,4.54,https://www.homely.com.au/homes/426-cross-road-clarence-park-sa-5034/13455559
13268727,2026-09-04,04/09/2026,"4B Urban Avenue, Paradise SA 5075",Paradise,"Norwood, Campbelltown & North-East Core",Private Treaty (Bán thỏa thuận),Disclosed,1080000,"$1,080,000",3,2,2,300m²,9.59,https://www.homely.com.au/homes/4b-urban-avenue-paradise-sa-5075/13268727
13411251,2026-09-04,04/09/2026,"5 Traminer Close, Wynn Vale SA 5127",Wynn Vale,Adelaide Hills & Tea Tree Gully Safe Enclaves,Private Treaty (Bán thỏa thuận),Disclosed,965000,"$965,000",4,2,1,743m²,18.49,https://www.homely.com.au/homes/5-traminer-close-wynn-vale-sa-5127/13411251
13404078,2026-09-04,04/09/2026,"19 Lydia Avenue, Surrey Downs SA 5126",Surrey Downs,Adelaide Hills & Tea Tree Gully Safe Enclaves,Private Treaty (Bán thỏa thuận),Disclosed,790000,"$790,000",3,1,2,669m²,19.29,https://www.homely.com.au/homes/19-lydia-avenue-surrey-downs-sa-5126/13404078
13422030,2026-09-04,04/09/2026,"29 Landal Boulevard, Redwood Park SA 5097",Redwood Park,Adelaide Hills & Tea Tree Gully Safe Enclaves,Private Treaty (Bán thỏa thuận),Disclosed,732500,"$732,500",3,2,1,820m²,17.11,https://www.homely.com.au/homes/29-landal-boulevard-redwood-park-sa-5097/13422030
13428715,2026-09-04,04/09/2026,"6/301 Kensington Road, Kensington Park SA 5068",Kensington Park,City of Burnside & Core East,Private Treaty (Bán thỏa thuận),Disclosed,651000,"$651,000",2,1,1,N/A,4.1,https://www.homely.com.au/homes/6-301-kensington-road-kensington-park-sa-5068/13428715
13474633,2026-09-04,04/09/2026,"6/3 Lorne Avenue, Magill SA 5072",Magill,"Norwood, Campbelltown & North-East Core",Private Treaty (Bán thỏa thuận),Disclosed,600500,"$600,500",3,1,1,N/A,6.32,https://www.homely.com.au/homes/6-3-lorne-avenue-magill-sa-5072/13474633
13414044,2026-09-04,04/09/2026,"24 Marion Street, Unley SA 5061",Unley,City of Unley & Prestige South,Private Treaty (Bán thỏa thuận),Undisclosed,,Price Undisclosed,4,2,1,640m²,2.78,https://www.homely.com.au/homes/24-marion-street-unley-sa-5061/13414044
13433927,2026-09-04,04/09/2026,"32 Millswood Crescent, Millswood SA 5034",Millswood,City of Unley & Prestige South,Private Treaty (Bán thỏa thuận),Undisclosed,,Price Undisclosed,3,2,1,696m²,4.01,https://www.homely.com.au/homes/32-millswood-crescent-millswood-sa-5034/13433927
13410970,2026-09-04,04/09/2026,"5/57 Francis Street, Clarence Park SA 5034",Clarence Park,City of Unley & Prestige South,Private Treaty (Bán thỏa thuận),Undisclosed,,Price Undisclosed,2,1,1,N/A,4.54,https://www.homely.com.au/homes/5-57-francis-street-clarence-park-sa-5034/13410970
13293488,2026-09-04,04/09/2026,"3/1 Brook Street, Torrens Park SA 5062",Torrens Park,City of Mitcham & Foothills,Private Treaty (Bán thỏa thuận),Undisclosed,,Price Undisclosed,2,1,1,N/A,2.77,https://www.homely.com.au/homes/3-1-brook-street-torrens-park-sa-5062/13293488
13371011,2026-09-04,04/09/2026,"79-81 Gage Street, Firle SA 5070",Firle,"Norwood, Campbelltown & North-East Core",Private Treaty (Bán thỏa thuận),Undisclosed,,Price Undisclosed,4,3,2,262m²,5.69,https://www.homely.com.au/homes/79-81-gage-street-firle-sa-5070/13371011
13388197,2026-09-04,04/09/2026,"12/11 Dix Avenue, Marden SA 5070",Marden,"Norwood, Campbelltown & North-East Core",Private Treaty (Bán thỏa thuận),Undisclosed,,Price Undisclosed,2,1,1,130m²,6.4,https://www.homely.com.au/homes/12-11-dix-avenue-marden-sa-5070/13388197
13312704,2026-09-04,04/09/2026,"23 Bradbrook Road, Athelstone SA 5076",Athelstone,"Norwood, Campbelltown & North-East Core",Private Treaty (Bán thỏa thuận),Undisclosed,,Price Undisclosed,3,1,1,720m²,10.85,https://www.homely.com.au/homes/23-bradbrook-road-athelstone-sa-5076/13312704
13363141,2026-09-04,04/09/2026,"5 Armagh Avenue, Hectorville SA 5073",Hectorville,"Norwood, Campbelltown & North-East Core",Private Treaty (Bán thỏa thuận),Undisclosed,,Price Undisclosed,3,1,2,570m²,6.98,https://www.homely.com.au/homes/5-armagh-avenue-hectorville-sa-5073/13363141
13325132,2026-09-03,03/09/2026,"59 Lomandra Avenue, Glenside SA 5065",Glenside,City of Burnside & Core East,Private Treaty (Bán thỏa thuận),Disclosed,1430000,"$1,430,000",4,2,2,171m²,2.06,https://www.homely.com.au/homes/59-lomandra-avenue-glenside-sa-5065/13325132
13330384,2026-09-03,03/09/2026,"31B Maurice Avenue, Rostrevor SA 5073",Rostrevor,"Norwood, Campbelltown & North-East Core",Private Treaty (Bán thỏa thuận),Disclosed,1125000,"$1,125,000",3,2,3,380m²,8.04,https://www.homely.com.au/homes/31b-maurice-avenue-rostrevor-sa-5073/13330384
13316237,2026-09-03,03/09/2026,"11 Cormorant Court, West Lakes Shore SA 5020",West Lakes Shore,Western Coastal Corridors,Private Treaty (Bán thỏa thuận),Disclosed,807750,"$807,750",3,1,1,N/A,14.63,https://www.homely.com.au/homes/11-cormorant-court-west-lakes-shore-sa-5020/13316237
13434567,2026-09-03,03/09/2026,"2/315 Gorge Road, Athelstone SA 5076",Athelstone,"Norwood, Campbelltown & North-East Core",Private Treaty (Bán thỏa thuận),Disclosed,785000,"$785,000",3,2,2,N/A,10.85,https://www.homely.com.au/homes/2-315-gorge-road-athelstone-sa-5076/13434567
13408793,2026-09-03,03/09/2026,"8 Morcomb Street, Stepney SA 5069",Stepney,"Norwood, Campbelltown & North-East Core",Private Treaty (Bán thỏa thuận),Undisclosed,,Price Undisclosed,3,2,1,N/A,4.73,https://www.homely.com.au/homes/8-morcomb-street-stepney-sa-5069/13408793
13294961,2026-09-03,03/09/2026,"5/317 Payneham Road, Royston Park SA 5070",Royston Park,"Norwood, Campbelltown & North-East Core",Private Treaty (Bán thỏa thuận),Undisclosed,,Price Undisclosed,2,1,2,204m²,6.66,https://www.homely.com.au/homes/5-317-payneham-road-royston-park-sa-5070/13294961
13335901,2026-09-03,03/09/2026,"87 Troubridge Drive, West Lakes SA 5021",West Lakes,Western Coastal Corridors,Private Treaty (Bán thỏa thuận),Undisclosed,,Price Undisclosed,2,2,1,115m²,14.63,https://www.homely.com.au/homes/87-troubridge-drive-west-lakes-sa-5021/13335901
13298571,2026-09-03,03/09/2026,"60 Holder Road, North Brighton SA 5048",North Brighton,Western Coastal Corridors,Private Treaty (Bán thỏa thuận),Undisclosed,,Price Undisclosed,4,1,2,564m²,12.37,https://www.homely.com.au/homes/60-holder-road-north-brighton-sa-5048/13298571
13432691,2026-09-02,02/09/2026,"12 Moresby Street, Wayville SA 5034",Wayville,City of Unley & Prestige South,Private Treaty (Bán thỏa thuận),Disclosed,1210000,"$1,210,000",2,1,2,465m²,4.45,https://www.homely.com.au/homes/12-moresby-street-wayville-sa-5034/13432691
13380724,2026-09-02,02/09/2026,"7 Sylvia Court, Coromandel Valley SA 5051",Coromandel Valley,City of Mitcham & Foothills,Private Treaty (Bán thỏa thuận),Disclosed,1200000,"$1,200,000",4,2,4,1114m²,9.16,https://www.homely.com.au/homes/7-sylvia-court-coromandel-valley-sa-5051/13380724
13432793,2026-09-02,02/09/2026,"2/4 Greer Place, Magill SA 5072",Magill,"Norwood, Campbelltown & North-East Core",Private Treaty (Bán thỏa thuận),Disclosed,800000,"$800,000",3,2,1,112m²,6.32,https://www.homely.com.au/homes/2-4-greer-place-magill-sa-5072/13432793
13426808,2026-09-02,02/09/2026,"2/4 Jackson Street, Magill SA 5072",Magill,"Norwood, Campbelltown & North-East Core",Private Treaty (Bán thỏa thuận),Disclosed,780500,"$780,500",3,1,1,N/A,6.32,https://www.homely.com.au/homes/2-4-jackson-street-magill-sa-5072/13426808
13405404,2026-09-02,02/09/2026,"19/18 Raymond Grove, Glenelg SA 5045",Glenelg,Western Coastal Corridors,Private Treaty (Bán thỏa thuận),Disclosed,612000,"$612,000",2,1,1,N/A,11.01,https://www.homely.com.au/homes/19-18-raymond-grove-glenelg-sa-5045/13405404
13344344,2026-09-02,02/09/2026,"80 Sportsmans Drive, West Lakes SA 5021",West Lakes,Western Coastal Corridors,Private Treaty (Bán thỏa thuận),Disclosed,590000,"$590,000",2,1,1,N/A,14.63,https://www.homely.com.au/homes/80-sportsmans-drive-west-lakes-sa-5021/13344344
13408792,2026-09-02,02/09/2026,"279 Belair Road, Torrens Park SA 5062",Torrens Park,City of Mitcham & Foothills,Private Treaty (Bán thỏa thuận),Undisclosed,,Price Undisclosed,3,2,1,613m²,2.77,https://www.homely.com.au/homes/279-belair-road-torrens-park-sa-5062/13408792
13428721,2026-09-02,02/09/2026,"9 Red Road, Blackwood SA 5051",Blackwood,City of Mitcham & Foothills,Private Treaty (Bán thỏa thuận),Undisclosed,,Price Undisclosed,2,1,4,1219m²,7.07,https://www.homely.com.au/homes/9-red-road-blackwood-sa-5051/13428721
13434114,2026-09-02,02/09/2026,"12 Lionel Drive, Aldgate SA 5154",Aldgate,Adelaide Hills & Tea Tree Gully Safe Enclaves,Private Treaty (Bán thỏa thuận),Undisclosed,,Price Undisclosed,3,2,3,3465m²,11.23,https://www.homely.com.au/homes/12-lionel-drive-aldgate-sa-5154/13434114
13432179,2026-09-01,01/09/2026,"5 Fielding Road, Bridgewater SA 5155",Bridgewater,Adelaide Hills & Tea Tree Gully Safe Enclaves,Private Treaty (Bán thỏa thuận),Disclosed,1625000,"$1,625,000",5,2,2,1768m²,13.23,https://www.homely.com.au/homes/5-fielding-road-bridgewater-sa-5155/13432179
13367998,2026-09-01,01/09/2026,"40 La Perouse Avenue, Flinders Park SA 5025",Flinders Park,Western Coastal Corridors,Private Treaty (Bán thỏa thuận),Disclosed,1312500,"$1,312,500",4,2,3,383m²,8.61,https://www.homely.com.au/homes/40-la-perouse-avenue-flinders-park-sa-5025/13367998
13252416,2026-09-01,01/09/2026,"604/160 Fullarton Road, Rose Park SA 5067",Rose Park,City of Burnside & Core East,Private Treaty (Bán thỏa thuận),Disclosed,1230000,"$1,230,000",2,2,2,N/A,3.37,https://www.homely.com.au/homes/604-160-fullarton-road-rose-park-sa-5067/13252416
13349577,2026-09-01,01/09/2026,"13 Green Street, St Morris SA 5068",St Morris,"Norwood, Campbelltown & North-East Core",Private Treaty (Bán thỏa thuận),Disclosed,1180000,"$1,180,000",3,1,2,581m²,4.78,https://www.homely.com.au/homes/13-green-street-st-morris-sa-5068/13349577
13366825,2026-09-01,01/09/2026,"1/23 Rogers Street, Highbury SA 5089",Highbury,Adelaide Hills & Tea Tree Gully Safe Enclaves,Private Treaty (Bán thỏa thuận),Disclosed,650000,"$650,000",3,1,1,126m²,12.87,https://www.homely.com.au/homes/1-23-rogers-street-highbury-sa-5089/13366825
13449767,2026-09-01,01/09/2026,"22 Barr-Smith Street, Tusmore SA 5065",Tusmore,City of Burnside & Core East,Private Treaty (Bán thỏa thuận),Undisclosed,,Price Undisclosed,5,3,4,1326m²,3.05,https://www.homely.com.au/homes/22-barr-smith-street-tusmore-sa-5065/13449767
13350330,2026-09-01,01/09/2026,"24 Sprod Avenue, Toorak Gardens SA 5065",Toorak Gardens,City of Burnside & Core East,Private Treaty (Bán thỏa thuận),Undisclosed,,Price Undisclosed,4,2,2,N/A,2.68,https://www.homely.com.au/homes/24-sprod-avenue-toorak-gardens-sa-5065/13350330
13413416,2026-09-01,01/09/2026,"39 Jikara Drive, Glen Osmond SA 5064",Glen Osmond,City of Burnside & Core East,Private Treaty (Bán thỏa thuận),Undisclosed,,Price Undisclosed,4,2,2,N/A,1.36,https://www.homely.com.au/homes/39-jikara-drive-glen-osmond-sa-5064/13413416
13407139,2026-09-01,01/09/2026,"204 Wattle Street, Malvern SA 5061",Malvern,City of Unley & Prestige South,Private Treaty (Bán thỏa thuận),Undisclosed,,Price Undisclosed,4,2,3,733m²,2.2,https://www.homely.com.au/homes/204-wattle-street-malvern-sa-5061/13407139
13434910,2026-09-01,01/09/2026,"6 Aerial Road, Belair SA 5052",Belair,City of Mitcham & Foothills,Private Treaty (Bán thỏa thuận),Undisclosed,,Price Undisclosed,4,2,2,1201m²,4.42,https://www.homely.com.au/homes/6-aerial-road-belair-sa-5052/13434910
13278573,2026-09-01,01/09/2026,"2/11 Edward Street, Glynde SA 5070",Glynde,"Norwood, Campbelltown & North-East Core",Private Treaty (Bán thỏa thuận),Undisclosed,,Price Undisclosed,2,1,1,N/A,6.67,https://www.homely.com.au/homes/2-11-edward-street-glynde-sa-5070/13278573
13288846,2026-09-01,01/09/2026,"74/760 Anzac Highway, Glenelg SA 5045",Glenelg,Western Coastal Corridors,Private Treaty (Bán thỏa thuận),Undisclosed,,Price Undisclosed,1,1,1,N/A,11.01,https://www.homely.com.au/homes/74-760-anzac-highway-glenelg-sa-5045/13288846
13246244,2026-08-31,31/08/2026,"8 Crispian Street, Fulham SA 5024",Fulham,Western Coastal Corridors,Private Treaty (Bán thỏa thuận),Disclosed,2300000,"$2,300,000",4,3,4,362m²,10.46,https://www.homely.com.au/homes/8-crispian-street-fulham-sa-5024/13246244
13030270,2026-08-31,31/08/2026,"17 Lancaster Street, Lockleys SA 5032",Lockleys,Western Coastal Corridors,Private Treaty (Bán thỏa thuận),Disclosed,1670000,"$1,670,000",3,2,4,714m²,8.8,https://www.homely.com.au/homes/17-lancaster-street-lockleys-sa-5032/13030270
13373841,2026-08-31,31/08/2026,"23 Gosse Avenue, Glenelg North SA 5045",Glenelg North,Western Coastal Corridors,Private Treaty (Bán thỏa thuận),Disclosed,1655000,"$1,655,000",4,2,4,346m²,11.01,https://www.homely.com.au/homes/23-gosse-avenue-glenelg-north-sa-5045/13373841
13399464,2026-08-31,31/08/2026,"1 Paisley Avenue, Torrens Park SA 5062",Torrens Park,City of Mitcham & Foothills,Private Treaty (Bán thỏa thuận),Disclosed,1200000,"$1,200,000",3,1,1,579m²,2.77,https://www.homely.com.au/homes/1-paisley-avenue-torrens-park-sa-5062/13399464
13409393,2026-08-31,31/08/2026,"12 Christopher Street, Dernancourt SA 5075",Dernancourt,Adelaide Hills & Tea Tree Gully Safe Enclaves,Private Treaty (Bán thỏa thuận),Disclosed,1150000,"$1,150,000",3,2,2,813m²,11.46,https://www.homely.com.au/homes/12-christopher-street-dernancourt-sa-5075/13409393
13327957,2026-08-31,31/08/2026,"30 Edmund Road, Highbury SA 5089",Highbury,Adelaide Hills & Tea Tree Gully Safe Enclaves,Private Treaty (Bán thỏa thuận),Disclosed,800000,"$800,000",3,2,2,275m²,12.87,https://www.homely.com.au/homes/30-edmund-road-highbury-sa-5089/13327957
13386262,2026-08-31,31/08/2026,"9/20 Edwin Street, West Lakes Shore SA 5020",West Lakes Shore,Western Coastal Corridors,Private Treaty (Bán thỏa thuận),Disclosed,740000,"$740,000",4,1,1,N/A,14.63,https://www.homely.com.au/homes/9-20-edwin-street-west-lakes-shore-sa-5020/13386262
13412709,2026-08-31,31/08/2026,"10/2D Prescott Terrace, Toorak Gardens SA 5065",Toorak Gardens,City of Burnside & Core East,Private Treaty (Bán thỏa thuận),Disclosed,662500,"$662,500",2,1,1,N/A,2.68,https://www.homely.com.au/homes/10-2d-prescott-terrace-toorak-gardens-sa-5065/13412709
13411956,2026-08-31,31/08/2026,"6/5 Gurner Terrace, Grange SA 5022",Grange,Western Coastal Corridors,Private Treaty (Bán thỏa thuận),Disclosed,600000,"$600,000",2,1,1,N/A,13.92,https://www.homely.com.au/homes/6-5-gurner-terrace-grange-sa-5022/13411956
13368922,2026-08-31,31/08/2026,"1A Ardlui Close, Panorama SA 5041",Panorama,City of Mitcham & Foothills,Private Treaty (Bán thỏa thuận),Undisclosed,,Price Undisclosed,3,2,4,450m²,5.07,https://www.homely.com.au/homes/1a-ardlui-close-panorama-sa-5041/13368922
13260139,2026-08-31,31/08/2026,"7 Cheadle Street, Fulham Gardens SA 5024",Fulham Gardens,Western Coastal Corridors,Private Treaty (Bán thỏa thuận),Undisclosed,,Price Undisclosed,3,2,2,609m²,10.46,https://www.homely.com.au/homes/7-cheadle-street-fulham-gardens-sa-5024/13260139
13360010,2026-08-30,30/08/2026,"59 Crozier Avenue, Daw Park SA 5041",Daw Park,City of Mitcham & Foothills,Private Treaty (Bán thỏa thuận),Undisclosed,,Price Undisclosed,3,1,2,720m²,5.41,https://www.homely.com.au/homes/59-crozier-avenue-daw-park-sa-5041/13360010
13317057,2026-08-30,30/08/2026,"11A Ferris Street, Magill SA 5072",Magill,"Norwood, Campbelltown & North-East Core",Private Treaty (Bán thỏa thuận),Undisclosed,,Price Undisclosed,2,1,1,348m²,6.32,https://www.homely.com.au/homes/11a-ferris-street-magill-sa-5072/13317057
13411760,2026-08-29,29/08/2026,"20 Noble Street, Brighton SA 5048",Brighton,Western Coastal Corridors,Private Treaty (Bán thỏa thuận),Disclosed,1310000,"$1,310,000",4,1,4,793m²,12.37,https://www.homely.com.au/homes/20-noble-street-brighton-sa-5048/13411760
13416719,2026-08-29,29/08/2026,"12 Uthwatt Court, St Agnes SA 5097",St Agnes,Adelaide Hills & Tea Tree Gully Safe Enclaves,Private Treaty (Bán thỏa thuận),Disclosed,659000,"$659,000",3,1,3,N/A,15.94,https://www.homely.com.au/homes/12-uthwatt-court-st-agnes-sa-5097/13416719
13393263,2026-08-29,29/08/2026,"32 Morgan Avenue, Daw Park SA 5041",Daw Park,City of Mitcham & Foothills,Private Treaty (Bán thỏa thuận),Undisclosed,,Price Undisclosed,4,2,2,650m²,5.41,https://www.homely.com.au/homes/32-morgan-avenue-daw-park-sa-5041/13393263
13393821,2026-08-29,29/08/2026,"21 Fisher Street, Norwood SA 5067",Norwood,"Norwood, Campbelltown & North-East Core",Private Treaty (Bán thỏa thuận),Undisclosed,,Price Undisclosed,3,1,1,270m²,4.01,https://www.homely.com.au/homes/21-fisher-street-norwood-sa-5067/13393821
13409333,2026-08-29,29/08/2026,"8A Sunset Strip, Athelstone SA 5076",Athelstone,"Norwood, Campbelltown & North-East Core",Private Treaty (Bán thỏa thuận),Undisclosed,,Price Undisclosed,4,2,2,385m²,10.85,https://www.homely.com.au/homes/8a-sunset-strip-athelstone-sa-5076/13409333
13403010,2026-08-29,29/08/2026,"28 Hamilton Terrace, Athelstone SA 5076",Athelstone,"Norwood, Campbelltown & North-East Core",Private Treaty (Bán thỏa thuận),Undisclosed,,Price Undisclosed,3,2,2,350m²,10.85,https://www.homely.com.au/homes/28-hamilton-terrace-athelstone-sa-5076/13403010
13410645,2026-08-29,29/08/2026,"9 Burford Road, Henley Beach South SA 5022",Henley Beach South,Western Coastal Corridors,Private Treaty (Bán thỏa thuận),Undisclosed,,Price Undisclosed,4,2,2,403m²,12.15,https://www.homely.com.au/homes/9-burford-road-henley-beach-south-sa-5022/13410645
13387845,2026-08-29,29/08/2026,"10 Deconno Court, Dernancourt SA 5075",Dernancourt,Adelaide Hills & Tea Tree Gully Safe Enclaves,Private Treaty (Bán thỏa thuận),Undisclosed,,Price Undisclosed,3,1,6,717m²,11.46,https://www.homely.com.au/homes/10-deconno-court-dernancourt-sa-5075/13387845
13333379,2026-08-28,28/08/2026,"7 Olde Coach Lane, Glen Osmond SA 5064",Glen Osmond,City of Burnside & Core East,Private Treaty (Bán thỏa thuận),Disclosed,2350000,"$2,350,000",5,2,2,647m²,1.36,https://www.homely.com.au/homes/7-olde-coach-lane-glen-osmond-sa-5064/13333379
13411762,2026-08-28,28/08/2026,"69A Partridge Street, Glenelg South SA 5045",Glenelg South,Western Coastal Corridors,Private Treaty (Bán thỏa thuận),Disclosed,1695000,"$1,695,000",3,2,2,383m²,11.01,https://www.homely.com.au/homes/69a-partridge-street-glenelg-south-sa-5045/13411762
13384054,2026-08-28,28/08/2026,"6 Smart Street, Somerton Park SA 5044",Somerton Park,Western Coastal Corridors,Private Treaty (Bán thỏa thuận),Disclosed,1470000,"$1,470,000",3,2,2,476m²,10.75,https://www.homely.com.au/homes/6-smart-street-somerton-park-sa-5044/13384054
13336648,2026-08-28,28/08/2026,"3/7 Hartley Road, Brighton SA 5048",Brighton,Western Coastal Corridors,Private Treaty (Bán thỏa thuận),Disclosed,880000,"$880,000",2,1,2,191m²,12.37,https://www.homely.com.au/homes/3-7-hartley-road-brighton-sa-5048/13336648
13361409,2026-08-28,28/08/2026,"35 Royal Avenue, Burnside SA 5066",Burnside,City of Burnside & Core East,Private Treaty (Bán thỏa thuận),Undisclosed,,Price Undisclosed,4,2,6,1643m²,3.83,https://www.homely.com.au/homes/35-royal-avenue-burnside-sa-5066/13361409
13393787,2026-08-28,28/08/2026,"5/67 Victoria Street, Forestville SA 5035",Forestville,City of Unley & Prestige South,Private Treaty (Bán thỏa thuận),Undisclosed,,Price Undisclosed,3,1,1,N/A,5.03,https://www.homely.com.au/homes/5-67-victoria-street-forestville-sa-5035/13393787
13278496,2026-08-28,28/08/2026,"48a Pekina Street, Eden Hills SA 5050",Eden Hills,City of Mitcham & Foothills,Private Treaty (Bán thỏa thuận),Undisclosed,,Price Undisclosed,4,2,3,2008m²,7.12,https://www.homely.com.au/homes/48a-pekina-street-eden-hills-sa-5050/13278496
13365568,2026-08-28,28/08/2026,"16 Thorngate Drive, Belair SA 5052",Belair,City of Mitcham & Foothills,Private Treaty (Bán thỏa thuận),Undisclosed,,Price Undisclosed,4,2,3,1070m²,4.42,https://www.homely.com.au/homes/16-thorngate-drive-belair-sa-5052/13365568
13364467,2026-08-28,28/08/2026,"3/16 Canterbury Avenue, Trinity Gardens SA 5068",Trinity Gardens,"Norwood, Campbelltown & North-East Core",Private Treaty (Bán thỏa thuận),Undisclosed,,Price Undisclosed,2,1,1,141m²,4.82,https://www.homely.com.au/homes/3-16-canterbury-avenue-trinity-gardens-sa-506/13364467
13371325,2026-08-28,28/08/2026,"40 Canino Drive, Kidman Park SA 5025",Kidman Park,Western Coastal Corridors,Private Treaty (Bán thỏa thuận),Undisclosed,,Price Undisclosed,4,2,3,440m²,9.7,https://www.homely.com.au/homes/40-canino-drive-kidman-park-sa-5025/13371325
13344005,2026-08-28,28/08/2026,"36 Captain Robertson Avenue, Golden Grove SA 5125",Golden Grove,Adelaide Hills & Tea Tree Gully Safe Enclaves,Private Treaty (Bán thỏa thuận),Undisclosed,,Price Undisclosed,4,2,2,582m²,20.78,https://www.homely.com.au/homes/36-captain-robertson-avenue-golden-grove-sa-5/13344005
13391589,2026-08-28,28/08/2026,"16 Mcleod Court, Greenwith SA 5125",Greenwith,Adelaide Hills & Tea Tree Gully Safe Enclaves,Private Treaty (Bán thỏa thuận),Undisclosed,,Price Undisclosed,3,2,2,1108m²,22.4,https://www.homely.com.au/homes/16-mcleod-court-greenwith-sa-5125/13391589
13434003,2026-08-27,27/08/2026,"12 Cranbrook Avenue, Millswood SA 5034",Millswood,City of Unley & Prestige South,Private Treaty (Bán thỏa thuận),Disclosed,1665000,"$1,665,000",3,2,6,N/A,4.01,https://www.homely.com.au/homes/12-cranbrook-avenue-millswood-sa-5034/13434003
13359270,2026-08-27,27/08/2026,"4B Greenside Avenue, Athelstone SA 5076",Athelstone,"Norwood, Campbelltown & North-East Core",Private Treaty (Bán thỏa thuận),Disclosed,1210000,"$1,210,000",4,2,2,270m²,10.85,https://www.homely.com.au/homes/4b-greenside-avenue-athelstone-sa-5076/13359270
13432112,2026-08-27,27/08/2026,"31B Gladstone Avenue, Magill SA 5072",Magill,"Norwood, Campbelltown & North-East Core",Private Treaty (Bán thỏa thuận),Disclosed,1205000,"$1,205,000",3,1,1,367m²,6.32,https://www.homely.com.au/homes/31b-gladstone-avenue-magill-sa-5072/13432112
13392995,2026-08-27,27/08/2026,"3/22 Cowper Road, Black Forest SA 5035",Black Forest,City of Unley & Prestige South,Private Treaty (Bán thỏa thuận),Disclosed,885000,"$885,000",3,2,3,269m²,5.38,https://www.homely.com.au/homes/3-22-cowper-road-black-forest-sa-5035/13392995
13395833,2026-08-27,27/08/2026,"1/1 Hillsley Avenue, Everard Park SA 5035",Everard Park,City of Unley & Prestige South,Private Treaty (Bán thỏa thuận),Disclosed,870000,"$870,000",3,1,2,N/A,4.93,https://www.homely.com.au/homes/1-1-hillsley-avenue-everard-park-sa-5035/13395833
13297758,2026-08-27,27/08/2026,"8/6 Ronald Terrace, Glenelg North SA 5045",Glenelg North,Western Coastal Corridors,Private Treaty (Bán thỏa thuận),Disclosed,510000,"$510,000",2,1,1,N/A,11.01,https://www.homely.com.au/homes/8-6-ronald-terrace-glenelg-north-sa-5045/13297758
13316873,2026-08-27,27/08/2026,"342 Fullarton Road, Fullarton SA 5063",Fullarton,City of Unley & Prestige South,Private Treaty (Bán thỏa thuận),Undisclosed,,Price Undisclosed,2,1,2,N/A,1.24,https://www.homely.com.au/homes/342-fullarton-road-fullarton-sa-5063/13316873
13373101,2026-08-27,27/08/2026,"4/211 O G Road, Marden SA 5070",Marden,"Norwood, Campbelltown & North-East Core",Private Treaty (Bán thỏa thuận),Undisclosed,,Price Undisclosed,2,1,3,404m²,6.4,https://www.homely.com.au/homes/4-211-o-g-road-marden-sa-5070/13373101
13153468,2026-08-27,27/08/2026,"8 Burnley Street, Henley Beach South SA 5022",Henley Beach South,Western Coastal Corridors,Private Treaty (Bán thỏa thuận),Undisclosed,,Price Undisclosed,3,1,1,327m²,12.15,https://www.homely.com.au/homes/8-burnley-street-henley-beach-south-sa-5022/13153468
13214363,2026-08-27,27/08/2026,"10 Kellett Avenue, Lockleys SA 5032",Lockleys,Western Coastal Corridors,Private Treaty (Bán thỏa thuận),Undisclosed,,Price Undisclosed,3,1,3,741m²,8.8,https://www.homely.com.au/homes/10-kellett-avenue-lockleys-sa-5032/13214363
13409461,2026-08-27,27/08/2026,"14 Irene Avenue, Fulham Gardens SA 5024",Fulham Gardens,Western Coastal Corridors,Private Treaty (Bán thỏa thuận),Undisclosed,,Price Undisclosed,3,1,2,326m²,10.46,https://www.homely.com.au/homes/14-irene-avenue-fulham-gardens-sa-5024/13409461
13428848,2026-08-26,26/08/2026,"5 Meadowvale Road, Coromandel Valley SA 5051",Coromandel Valley,City of Mitcham & Foothills,Private Treaty (Bán thỏa thuận),Disclosed,1350000,"$1,350,000",4,2,2,1042m²,9.16,https://www.homely.com.au/homes/5-meadowvale-road-coromandel-valley-sa-5051/13428848
13395832,2026-08-26,26/08/2026,"13 Dutton Grove, West Lakes Shore SA 5020",West Lakes Shore,Western Coastal Corridors,Private Treaty (Bán thỏa thuận),Disclosed,1350000,"$1,350,000",4,2,4,600m²,14.63,https://www.homely.com.au/homes/13-dutton-grove-west-lakes-shore-sa-5020/13395832
13355537,2026-08-26,26/08/2026,"42 Forest Avenue, Black Forest SA 5035",Black Forest,City of Unley & Prestige South,Private Treaty (Bán thỏa thuận),Disclosed,1150000,"$1,150,000",2,1,3,525m²,5.38,https://www.homely.com.au/homes/42-forest-avenue-black-forest-sa-5035/13355537
13434725,2026-08-26,26/08/2026,"32 Kauri Road, Hawthorndene SA 5051",Hawthorndene,City of Mitcham & Foothills,Private Treaty (Bán thỏa thuận),Disclosed,1150000,"$1,150,000",3,1,6,931m²,2.99,https://www.homely.com.au/homes/32-kauri-road-hawthorndene-sa-5051/13434725
13374213,2026-08-26,26/08/2026,"3A Macfarlane Street, Glenelg North SA 5045",Glenelg North,Western Coastal Corridors,Private Treaty (Bán thỏa thuận),Disclosed,1070000,"$1,070,000",3,1,2,208m²,11.01,https://www.homely.com.au/homes/3a-macfarlane-street-glenelg-north-sa-5045/13374213
13391117,2026-08-26,26/08/2026,"6 Alfrina Street, Kidman Park SA 5025",Kidman Park,Western Coastal Corridors,Private Treaty (Bán thỏa thuận),Disclosed,1050000,"$1,050,000",3,1,1,751m²,9.7,https://www.homely.com.au/homes/6-alfrina-street-kidman-park-sa-5025/13391117
13406806,2026-08-26,26/08/2026,"7 Johnson Parade, Blackwood SA 5051",Blackwood,City of Mitcham & Foothills,Private Treaty (Bán thỏa thuận),Disclosed,890000,"$890,000",2,1,2,400m²,7.07,https://www.homely.com.au/homes/7-johnson-parade-blackwood-sa-5051/13406806
13411252,2026-08-26,26/08/2026,"30 Second Street, Mylor SA 5153",Mylor,Adelaide Hills & Tea Tree Gully Safe Enclaves,Private Treaty (Bán thỏa thuận),Disclosed,836000,"$836,000",3,1,5,1011m²,14.71,https://www.homely.com.au/homes/30-second-street-mylor-sa-5153/13411252
13391177,2026-08-26,26/08/2026,"5/138 Shakespeare Avenue, Magill SA 5072",Magill,"Norwood, Campbelltown & North-East Core",Private Treaty (Bán thỏa thuận),Disclosed,760000,"$760,000",2,1,1,284m²,6.32,https://www.homely.com.au/homes/5-138-shakespeare-avenue-magill-sa-5072/13391177
13392758,2026-08-26,26/08/2026,"26/18 Broadway, Glenelg South SA 5045",Glenelg South,Western Coastal Corridors,Private Treaty (Bán thỏa thuận),Disclosed,743000,"$743,000",3,1,1,N/A,11.01,https://www.homely.com.au/homes/26-18-broadway-glenelg-south-sa-5045/13392758
13409702,2026-08-26,26/08/2026,"4/65 Winston Avenue, Daw Park SA 5041",Daw Park,City of Mitcham & Foothills,Private Treaty (Bán thỏa thuận),Disclosed,668000,"$668,000",2,1,1,N/A,5.41,https://www.homely.com.au/homes/4-65-winston-avenue-daw-park-sa-5041/13409702
13101584,2026-08-26,26/08/2026,"7/26 Chatsworth Grove, Toorak Gardens SA 5065",Toorak Gardens,City of Burnside & Core East,Private Treaty (Bán thỏa thuận),Disclosed,665000,"$665,000",2,1,1,83m²,2.68,https://www.homely.com.au/homes/7-26-chatsworth-grove-toorak-gardens-sa-5065/13101584
13316197,2026-08-26,26/08/2026,"1/46A Tobruk Avenue, St Marys SA 5042",St Marys,City of Mitcham & Foothills,Private Treaty (Bán thỏa thuận),Disclosed,615000,"$615,000",2,1,2,N/A,6.81,https://www.homely.com.au/homes/1-46a-tobruk-avenue-st-marys-sa-5042/13316197
13410345,2026-08-26,26/08/2026,"1/4 Weaver Street, Hectorville SA 5073",Hectorville,"Norwood, Campbelltown & North-East Core",Private Treaty (Bán thỏa thuận),Undisclosed,,Price Undisclosed,3,2,2,N/A,6.98,https://www.homely.com.au/homes/1-4-weaver-street-hectorville-sa-5073/13410345
13390891,2026-08-26,26/08/2026,"45 Meyer Street, Torrensville SA 5031",Torrensville,Western Coastal Corridors,Private Treaty (Bán thỏa thuận),Undisclosed,,Price Undisclosed,3,1,1,696m²,6.47,https://www.homely.com.au/homes/45-meyer-street-torrensville-sa-5031/13390891
13294589,2026-08-26,26/08/2026,"1 Gurrs Road, Brighton SA 5048",Brighton,Western Coastal Corridors,Private Treaty (Bán thỏa thuận),Undisclosed,,Price Undisclosed,4,2,2,540m²,12.37,https://www.homely.com.au/homes/1-gurrs-road-brighton-sa-5048/13294589
13393910,2026-08-25,25/08/2026,"15a Malvern Avenue, Malvern SA 5061",Malvern,City of Unley & Prestige South,Private Treaty (Bán thỏa thuận),Disclosed,2667000,"$2,667,000",4,2,2,356m²,2.2,https://www.homely.com.au/homes/15a-malvern-avenue-malvern-sa-5061/13393910
13354214,2026-08-25,25/08/2026,"3C Crystal Avenue, St Marys SA 5042",St Marys,City of Mitcham & Foothills,Private Treaty (Bán thỏa thuận),Disclosed,2425000,"$2,425,000",8,4,4,875m²,6.81,https://www.homely.com.au/homes/3c-crystal-avenue-st-marys-sa-5042/13354214
13254193,2026-08-25,25/08/2026,"6 Old Belair Road, Mitcham SA 5062",Mitcham,City of Mitcham & Foothills,Private Treaty (Bán thỏa thuận),Disclosed,1692000,"$1,692,000",4,2,3,653m²,2.68,https://www.homely.com.au/homes/6-old-belair-road-mitcham-sa-5062/13254193
13411429,2026-08-25,25/08/2026,"2A Lorne Avenue, Magill SA 5072",Magill,"Norwood, Campbelltown & North-East Core",Private Treaty (Bán thỏa thuận),Disclosed,1205000,"$1,205,000",4,3,2,536m²,6.32,https://www.homely.com.au/homes/2a-lorne-avenue-magill-sa-5072/13411429
13376036,2026-08-25,25/08/2026,"1/16 Tarcoma Avenue, Payneham South SA 5070",Payneham South,"Norwood, Campbelltown & North-East Core",Private Treaty (Bán thỏa thuận),Disclosed,799000,"$799,000",3,1,2,N/A,6.41,https://www.homely.com.au/homes/1-16-tarcoma-avenue-payneham-south-sa-5070/13376036
13314051,2026-08-25,25/08/2026,"8/30 Pier Street, Glenelg South SA 5045",Glenelg South,Western Coastal Corridors,Private Treaty (Bán thỏa thuận),Disclosed,740000,"$740,000",2,1,1,112m²,11.01,https://www.homely.com.au/homes/8-30-pier-street-glenelg-south-sa-5045/13314051
13393318,2026-08-25,25/08/2026,"4/10 First Avenue, Glenelg East SA 5045",Glenelg East,Western Coastal Corridors,Private Treaty (Bán thỏa thuận),Disclosed,685000,"$685,000",2,1,1,95m²,11.01,https://www.homely.com.au/homes/4-10-first-avenue-glenelg-east-sa-5045/13393318
13394219,2026-08-25,25/08/2026,"8/355 Fullarton Road, Fullarton SA 5063",Fullarton,City of Unley & Prestige South,Private Treaty (Bán thỏa thuận),Undisclosed,,Price Undisclosed,2,2,1,N/A,1.24,https://www.homely.com.au/homes/8-355-fullarton-road-fullarton-sa-5063/13394219
13377114,2026-08-25,25/08/2026,"40 Lorraine Avenue, Lockleys SA 5032",Lockleys,Western Coastal Corridors,Private Treaty (Bán thỏa thuận),Undisclosed,,Price Undisclosed,4,2,4,755m²,8.8,https://www.homely.com.au/homes/40-lorraine-avenue-lockleys-sa-5032/13377114
13384632,2026-08-25,25/08/2026,"21a Lincoln Avenue, Fulham Gardens SA 5024",Fulham Gardens,Western Coastal Corridors,Private Treaty (Bán thỏa thuận),Undisclosed,,Price Undisclosed,4,3,2,400m²,10.46,https://www.homely.com.au/homes/21a-lincoln-avenue-fulham-gardens-sa-5024/13384632
13139704,2026-08-25,25/08/2026,"18 Beatty Street, Flinders Park SA 5025",Flinders Park,Western Coastal Corridors,Private Treaty (Bán thỏa thuận),Undisclosed,,Price Undisclosed,3,3,2,454m²,8.61,https://www.homely.com.au/homes/18-beatty-street-flinders-park-sa-5025/13139704
13353685,2026-08-25,25/08/2026,"2 Perseverance Road, Tea Tree Gully SA 5091",Tea Tree Gully,Adelaide Hills & Tea Tree Gully Safe Enclaves,Private Treaty (Bán thỏa thuận),Undisclosed,,Price Undisclosed,3,1,4,751m²,16.9,https://www.homely.com.au/homes/2-perseverance-road-tea-tree-gully-sa-5091/13353685
13268395,2026-08-25,25/08/2026,"15 Mackay Court, Greenwith SA 5125",Greenwith,Adelaide Hills & Tea Tree Gully Safe Enclaves,Private Treaty (Bán thỏa thuận),Undisclosed,,Price Undisclosed,3,1,2,690m²,22.4,https://www.homely.com.au/homes/15-mackay-court-greenwith-sa-5125/13268395
13392162,2026-08-24,24/08/2026,"12 Eldridge Crescent, Grange SA 5022",Grange,Western Coastal Corridors,Private Treaty (Bán thỏa thuận),Disclosed,1580000,"$1,580,000",4,2,2,725m²,13.92,https://www.homely.com.au/homes/12-eldridge-crescent-grange-sa-5022/13392162
13311469,2026-08-24,24/08/2026,"6A Newhaven Avenue, Glenelg North SA 5045",Glenelg North,Western Coastal Corridors,Private Treaty (Bán thỏa thuận),Disclosed,1505000,"$1,505,000",3,2,4,453m²,11.01,https://www.homely.com.au/homes/6a-newhaven-avenue-glenelg-north-sa-5045/13311469
13377452,2026-08-24,24/08/2026,"32 The Annie Watt Circuit, West Lakes Shore SA 5020",West Lakes Shore,Western Coastal Corridors,Private Treaty (Bán thỏa thuận),Disclosed,1175000,"$1,175,000",3,2,2,N/A,14.63,https://www.homely.com.au/homes/32-the-annie-watt-circuit-west-lakes-shore-sa/13377452
13412475,2026-08-24,24/08/2026,"11 Tench Court, Golden Grove SA 5125",Golden Grove,Adelaide Hills & Tea Tree Gully Safe Enclaves,Private Treaty (Bán thỏa thuận),Disclosed,1142500,"$1,142,500",4,2,2,362m²,20.78,https://www.homely.com.au/homes/11-tench-court-golden-grove-sa-5125/13412475
13295246,2026-08-24,24/08/2026,"1/56 Mayfield Avenue, Hectorville SA 5073",Hectorville,"Norwood, Campbelltown & North-East Core",Private Treaty (Bán thỏa thuận),Disclosed,916250,"$916,250",3,2,2,N/A,6.98,https://www.homely.com.au/homes/1-56-mayfield-avenue-hectorville-sa-5073/13295246
13319071,2026-08-24,24/08/2026,"10A Urban Avenue, Paradise SA 5075",Paradise,"Norwood, Campbelltown & North-East Core",Private Treaty (Bán thỏa thuận),Disclosed,900000,"$900,000",3,2,2,258m²,9.59,https://www.homely.com.au/homes/10a-urban-avenue-paradise-sa-5075/13319071
13373792,2026-08-24,24/08/2026,"31 Jikara Drive, Glen Osmond SA 5064",Glen Osmond,City of Burnside & Core East,Private Treaty (Bán thỏa thuận),Disclosed,895000,"$895,000",2,1,4,638m²,1.36,https://www.homely.com.au/homes/31-jikara-drive-glen-osmond-sa-5064/13373792
13394136,2026-08-24,24/08/2026,"2 Bretwalder Avenue, Leabrook SA 5068",Leabrook,City of Burnside & Core East,Private Treaty (Bán thỏa thuận),Undisclosed,,Price Undisclosed,5,3,2,886m²,4.04,https://www.homely.com.au/homes/2-bretwalder-avenue-leabrook-sa-5068/13394136
13392862,2026-08-24,24/08/2026,"24 Pitcairn Avenue, Urrbrae SA 5064",Urrbrae,City of Mitcham & Foothills,Private Treaty (Bán thỏa thuận),Undisclosed,,Price Undisclosed,4,3,2,913m²,1.55,https://www.homely.com.au/homes/24-pitcairn-avenue-urrbrae-sa-5064/13392862
13354354,2026-08-24,24/08/2026,"10 Deane Avenue, Belair SA 5052",Belair,City of Mitcham & Foothills,Private Treaty (Bán thỏa thuận),Undisclosed,,Price Undisclosed,3,2,2,1215m²,4.42,https://www.homely.com.au/homes/10-deane-avenue-belair-sa-5052/13354354
13293521,2026-08-24,24/08/2026,"2/21 Mcdiarmid Avenue, Pasadena SA 5042",Pasadena,City of Mitcham & Foothills,Private Treaty (Bán thỏa thuận),Undisclosed,,Price Undisclosed,2,1,1,N/A,6.11,https://www.homely.com.au/homes/2-21-mcdiarmid-avenue-pasadena-sa-5042/13293521
13196061,2026-08-23,23/08/2026,"81 Anglesey Avenue, St Georges SA 5064",St Georges,City of Burnside & Core East,Private Treaty (Bán thỏa thuận),Disclosed,1891000,"$1,891,000",3,1,1,812m²,1.58,https://www.homely.com.au/homes/81-anglesey-avenue-st-georges-sa-5064/13196061
13434036,2026-08-23,23/08/2026,"1/86 George Street, Norwood SA 5067",Norwood,"Norwood, Campbelltown & North-East Core",Private Treaty (Bán thỏa thuận),Undisclosed,,Price Undisclosed,2,1,1,N/A,4.01,https://www.homely.com.au/homes/1-86-george-street-norwood-sa-5067/13434036
13378271,2026-08-23,23/08/2026,"17 Anthony Street, Henley Beach SA 5022",Henley Beach,Western Coastal Corridors,Private Treaty (Bán thỏa thuận),Undisclosed,,Price Undisclosed,5,2,2,N/A,12.15,https://www.homely.com.au/homes/17-anthony-street-henley-beach-sa-5022/13378271
13330830,2026-08-23,23/08/2026,"13 Lisa Place, Grange SA 5022",Grange,Western Coastal Corridors,Private Treaty (Bán thỏa thuận),Undisclosed,,Price Undisclosed,5,2,6,690m²,13.92,https://www.homely.com.au/homes/13-lisa-place-grange-sa-5022/13330830
13397822,2026-08-23,23/08/2026,"1A East Street, Torrensville SA 5031",Torrensville,Western Coastal Corridors,Private Treaty (Bán thỏa thuận),Undisclosed,,Price Undisclosed,2,1,1,205m²,6.47,https://www.homely.com.au/homes/1a-east-street-torrensville-sa-5031/13397822
13373507,2026-08-22,22/08/2026,"6 Parsons Street, Wayville SA 5034",Wayville,City of Unley & Prestige South,Private Treaty (Bán thỏa thuận),Disclosed,1735000,"$1,735,000",3,2,2,303m²,4.45,https://www.homely.com.au/homes/6-parsons-street-wayville-sa-5034/13373507
13397573,2026-08-22,22/08/2026,"1A Balmoral Avenue, Magill SA 5072",Magill,"Norwood, Campbelltown & North-East Core",Private Treaty (Bán thỏa thuận),Disclosed,1365000,"$1,365,000",3,1,3,N/A,6.32,https://www.homely.com.au/homes/1a-balmoral-avenue-magill-sa-5072/13397573
13394623,2026-08-22,22/08/2026,"22 Wainhouse Street, Torrensville SA 5031",Torrensville,Western Coastal Corridors,Private Treaty (Bán thỏa thuận),Disclosed,1160000,"$1,160,000",4,1,4,678m²,6.47,https://www.homely.com.au/homes/22-wainhouse-street-torrensville-sa-5031/13394623
13386909,2026-08-22,22/08/2026,"73 Valley View Drive, Highbury SA 5089",Highbury,Adelaide Hills & Tea Tree Gully Safe Enclaves,Private Treaty (Bán thỏa thuận),Disclosed,905000,"$905,000",4,2,4,770m²,12.87,https://www.homely.com.au/homes/73-valley-view-drive-highbury-sa-5089/13386909
13354763,2026-08-22,22/08/2026,"10/83 Tusmore Avenue, Tusmore SA 5065",Tusmore,City of Burnside & Core East,Private Treaty (Bán thỏa thuận),Undisclosed,,Price Undisclosed,3,1,1,N/A,3.05,https://www.homely.com.au/homes/10-83-tusmore-avenue-tusmore-sa-5065/13354763
13389777,2026-08-22,22/08/2026,"2A Chatsworth Grove, Toorak Gardens SA 5065",Toorak Gardens,City of Burnside & Core East,Private Treaty (Bán thỏa thuận),Undisclosed,,Price Undisclosed,3,2,2,424m²,2.68,https://www.homely.com.au/homes/2a-chatsworth-grove-toorak-gardens-sa-5065/13389777
13384555,2026-08-22,22/08/2026,"1-4/203 St Bernards Road, Rostrevor SA 5073",Rostrevor,"Norwood, Campbelltown & North-East Core",Private Treaty (Bán thỏa thuận),Undisclosed,,Price Undisclosed,8,4,4,699m²,8.04,https://www.homely.com.au/homes/1-4-203-st-bernards-road-rostrevor-sa-5073/13384555
13384732,2026-08-22,22/08/2026,"1-5/26 Fleming Avenue, Ridgehaven SA 5097",Ridgehaven,Adelaide Hills & Tea Tree Gully Safe Enclaves,Private Treaty (Bán thỏa thuận),Undisclosed,,Price Undisclosed,10,5,5,1510m²,16.48,https://www.homely.com.au/homes/1-5-26-fleming-avenue-ridgehaven-sa-5097/13384732
13395891,2026-08-21,21/08/2026,"56 Partridge Street, Glenelg South SA 5045",Glenelg South,Western Coastal Corridors,Private Treaty (Bán thỏa thuận),Disclosed,2050000,"$2,050,000",4,2,2,743m²,11.01,https://www.homely.com.au/homes/56-partridge-street-glenelg-south-sa-5045/13395891
13357927,2026-08-21,21/08/2026,"38A L'Estrange Street, Glenside SA 5065",Glenside,City of Burnside & Core East,Private Treaty (Bán thỏa thuận),Disclosed,1951875,"$1,951,875",2,1,1,836m²,2.06,https://www.homely.com.au/homes/38a-lestrange-street-glenside-sa-5065/13357927
13389378,2026-08-21,21/08/2026,"3 Old Tawny Close, Wynn Vale SA 5127",Wynn Vale,Adelaide Hills & Tea Tree Gully Safe Enclaves,Private Treaty (Bán thỏa thuận),Disclosed,940000,"$940,000",4,2,2,835m²,18.49,https://www.homely.com.au/homes/3-old-tawny-close-wynn-vale-sa-5127/13389378
13389051,2026-08-21,21/08/2026,"8/79 Greenhill Road, Wayville SA 5034",Wayville,City of Unley & Prestige South,Private Treaty (Bán thỏa thuận),Disclosed,626000,"$626,000",2,1,1,77m²,4.45,https://www.homely.com.au/homes/8-79-greenhill-road-wayville-sa-5034/13389051
13097429,2026-08-21,21/08/2026,"8/6 Hale Street, Everard Park SA 5035",Everard Park,City of Unley & Prestige South,Private Treaty (Bán thỏa thuận),Disclosed,500000,"$500,000",2,1,1,N/A,4.93,https://www.homely.com.au/homes/8-6-hale-street-everard-park-sa-5035/13097429
13311103,2026-08-21,21/08/2026,"61 Light Road, Coromandel Valley SA 5051",Coromandel Valley,City of Mitcham & Foothills,Private Treaty (Bán thỏa thuận),Undisclosed,,Price Undisclosed,5,3,6,2757m²,9.16,https://www.homely.com.au/homes/61-light-road-coromandel-valley-sa-5051/13311103
13273158,2026-08-21,21/08/2026,"5/27A Thornton Street, Kensington SA 5068",Kensington,"Norwood, Campbelltown & North-East Core",Private Treaty (Bán thỏa thuận),Undisclosed,,Price Undisclosed,2,1,1,N/A,4.96,https://www.homely.com.au/homes/5-27a-thornton-street-kensington-sa-5068/13273158
13219139,2026-08-21,21/08/2026,"27C Sunhaven Avenue, Athelstone SA 5076",Athelstone,"Norwood, Campbelltown & North-East Core",Private Treaty (Bán thỏa thuận),Undisclosed,,Price Undisclosed,4,3,4,249m²,10.85,https://www.homely.com.au/homes/27c-sunhaven-avenue-athelstone-sa-5076/13219139
13392410,2026-08-21,21/08/2026,"33 East Terrace, Henley Beach SA 5022",Henley Beach,Western Coastal Corridors,Private Treaty (Bán thỏa thuận),Undisclosed,,Price Undisclosed,2,2,1,N/A,12.15,https://www.homely.com.au/homes/33-east-terrace-henley-beach-sa-5022/13392410
13231751,2026-08-21,21/08/2026,"73 Swan Street, Grange SA 5022",Grange,Western Coastal Corridors,Private Treaty (Bán thỏa thuận),Undisclosed,,Price Undisclosed,3,2,2,396m²,13.92,https://www.homely.com.au/homes/73-swan-street-grange-sa-5022/13231751
13316185,2026-08-21,21/08/2026,"4/57 High Street, Grange SA 5022",Grange,Western Coastal Corridors,Private Treaty (Bán thỏa thuận),Undisclosed,,Price Undisclosed,2,1,1,N/A,13.92,https://www.homely.com.au/homes/4-57-high-street-grange-sa-5022/13316185
13393779,2026-08-21,21/08/2026,"5 William Court, Somerton Park SA 5044",Somerton Park,Western Coastal Corridors,Private Treaty (Bán thỏa thuận),Undisclosed,,Price Undisclosed,3,1,1,595m²,10.75,https://www.homely.com.au/homes/5-william-court-somerton-park-sa-5044/13393779
13286700,2026-08-21,21/08/2026,"1/26 Second Avenue, Glenelg East SA 5045",Glenelg East,Western Coastal Corridors,Private Treaty (Bán thỏa thuận),Undisclosed,,Price Undisclosed,1,1,1,90m²,11.01,https://www.homely.com.au/homes/1-26-second-avenue-glenelg-east-sa-5045/13286700
13275197,2026-08-21,21/08/2026,"45 Far View Crescent, Ridgehaven SA 5097",Ridgehaven,Adelaide Hills & Tea Tree Gully Safe Enclaves,Private Treaty (Bán thỏa thuận),Undisclosed,,Price Undisclosed,4,2,2,730m²,16.48,https://www.homely.com.au/homes/45-far-view-crescent-ridgehaven-sa-5097/13275197
13376052,2026-08-21,21/08/2026,"1/853 Lower North East Road, Dernancourt SA 5075",Dernancourt,Adelaide Hills & Tea Tree Gully Safe Enclaves,Private Treaty (Bán thỏa thuận),Undisclosed,,Price Undisclosed,3,2,2,N/A,11.46,https://www.homely.com.au/homes/1-853-lower-north-east-road-dernancourt-sa-50/13376052
13388816,2026-08-20,20/08/2026,"1A Model Avenue, Athelstone SA 5076",Athelstone,"Norwood, Campbelltown & North-East Core",Private Treaty (Bán thỏa thuận),Disclosed,1015000,"$1,015,000",4,3,2,710m²,10.85,https://www.homely.com.au/homes/1a-model-avenue-athelstone-sa-5076/13388816
13352977,2026-08-20,20/08/2026,"1A North Street, Frewville SA 5063",Frewville,City of Burnside & Core East,Private Treaty (Bán thỏa thuận),Disclosed,963000,"$963,000",2,1,1,319m²,1.7,https://www.homely.com.au/homes/1a-north-street-frewville-sa-5063/13352977
13309671,2026-08-20,20/08/2026,"3/10 Elizabeth Street, Tea Tree Gully SA 5091",Tea Tree Gully,Adelaide Hills & Tea Tree Gully Safe Enclaves,Private Treaty (Bán thỏa thuận),Disclosed,740000,"$740,000",3,1,2,227m²,16.9,https://www.homely.com.au/homes/3-10-elizabeth-street-tea-tree-gully-sa-5091/13309671
13175073,2026-08-20,20/08/2026,"1/19 Kitchener Street, Netherby SA 5062",Netherby,City of Mitcham & Foothills,Private Treaty (Bán thỏa thuận),Disclosed,595000,"$595,000",2,1,1,N/A,1.27,https://www.homely.com.au/homes/1-19-kitchener-street-netherby-sa-5062/13175073
13265859,2026-08-20,20/08/2026,"13/2 Alison Street, Glenelg North SA 5045",Glenelg North,Western Coastal Corridors,Private Treaty (Bán thỏa thuận),Disclosed,490000,"$490,000",2,1,1,N/A,11.01,https://www.homely.com.au/homes/13-2-alison-street-glenelg-north-sa-5045/13265859
13081222,2026-08-20,20/08/2026,"2/19 Gandys Gully Road, Stonyfell SA 5066",Stonyfell,City of Burnside & Core East,Private Treaty (Bán thỏa thuận),Undisclosed,,Price Undisclosed,4,2,2,505m²,4.88,https://www.homely.com.au/homes/2-19-gandys-gully-road-stonyfell-sa-5066/13081222
13383608,2026-08-20,20/08/2026,"12 Grantley Avenue, Daw Park SA 5041",Daw Park,City of Mitcham & Foothills,Private Treaty (Bán thỏa thuận),Undisclosed,,Price Undisclosed,3,1,1,725m²,5.41,https://www.homely.com.au/homes/12-grantley-avenue-daw-park-sa-5041/13383608
13255665,2026-08-20,20/08/2026,"5 Fairford Tce, Semaphore Park SA 5019",Semaphore Park,Western Coastal Corridors,Private Treaty (Bán thỏa thuận),Undisclosed,,Price Undisclosed,3,2,4,403m²,17.73,https://www.homely.com.au/homes/5-fairford-tce-semaphore-park-sa-5019/13255665
13414067,2026-08-19,19/08/2026,"21 Gordon Road, Black Forest SA 5035",Black Forest,City of Unley & Prestige South,Private Treaty (Bán thỏa thuận),Disclosed,1850000,"$1,850,000",3,2,2,696m²,5.38,https://www.homely.com.au/homes/21-gordon-road-black-forest-sa-5035/13414067
13287677,2026-08-19,19/08/2026,"23 Fort Avenue, Kensington Gardens SA 5068",Kensington Gardens,City of Burnside & Core East,Private Treaty (Bán thỏa thuận),Disclosed,1762000,"$1,762,000",4,2,2,678m²,4.96,https://www.homely.com.au/homes/23-fort-avenue-kensington-gardens-sa-5068/13287677
13374853,2026-08-19,19/08/2026,"2D Broadway, South Brighton SA 5048",South Brighton,Western Coastal Corridors,Private Treaty (Bán thỏa thuận),Disclosed,1160000,"$1,160,000",3,2,3,342m²,12.37,https://www.homely.com.au/homes/2d-broadway-south-brighton-sa-5048/13374853
13377454,2026-08-19,19/08/2026,"1A Parana Street, Flinders Park SA 5025",Flinders Park,Western Coastal Corridors,Private Treaty (Bán thỏa thuận),Disclosed,1157000,"$1,157,000",3,2,2,N/A,8.61,https://www.homely.com.au/homes/1a-parana-street-flinders-park-sa-5025/13377454
13393917,2026-08-19,19/08/2026,"585 Goodwood Road, Colonel Light Gardens SA 5041",Colonel Light Gardens,City of Mitcham & Foothills,Private Treaty (Bán thỏa thuận),Disclosed,820000,"$820,000",2,1,2,743m²,4.41,https://www.homely.com.au/homes/585-goodwood-road-colonel-light-gardens-sa-50/13393917
13188160,2026-08-19,19/08/2026,"10 Baldwin Court, Wynn Vale SA 5127",Wynn Vale,Adelaide Hills & Tea Tree Gully Safe Enclaves,Private Treaty (Bán thỏa thuận),Disclosed,811500,"$811,500",3,1,2,457m²,18.49,https://www.homely.com.au/homes/10-baldwin-court-wynn-vale-sa-5127/13188160
13368144,2026-08-19,19/08/2026,"20/100 Rose Terrace, Wayville SA 5034",Wayville,City of Unley & Prestige South,Private Treaty (Bán thỏa thuận),Disclosed,682500,"$682,500",2,1,1,N/A,4.45,https://www.homely.com.au/homes/20-100-rose-terrace-wayville-sa-5034/13368144
13343746,2026-08-19,19/08/2026,"308 Goodwood Road, Clarence Park SA 5034",Clarence Park,City of Unley & Prestige South,Private Treaty (Bán thỏa thuận),Undisclosed,,Price Undisclosed,3,1,3,966m²,4.54,https://www.homely.com.au/homes/308-goodwood-road-clarence-park-sa-5034/13343746
13371473,2026-08-19,19/08/2026,"35 Sheldon Street, Norwood SA 5067",Norwood,"Norwood, Campbelltown & North-East Core",Private Treaty (Bán thỏa thuận),Undisclosed,,Price Undisclosed,3,2,1,N/A,4.01,https://www.homely.com.au/homes/35-sheldon-street-norwood-sa-5067/13371473
13196548,2026-08-19,19/08/2026,"48A Cardigan Avenue, Felixstow SA 5070",Felixstow,"Norwood, Campbelltown & North-East Core",Private Treaty (Bán thỏa thuận),Undisclosed,,Price Undisclosed,4,2,2,324m²,6.96,https://www.homely.com.au/homes/48a-cardigan-avenue-felixstow-sa-5070/13196548
13371666,2026-08-19,19/08/2026,"31 Lesley Crescent, Crafers SA 5152",Crafers,Adelaide Hills & Tea Tree Gully Safe Enclaves,Private Treaty (Bán thỏa thuận),Undisclosed,,Price Undisclosed,3,2,3,1076m²,7.71,https://www.homely.com.au/homes/31-lesley-crescent-crafers-sa-5152/13371666
13244711,2026-08-19,19/08/2026,"42 Cinnamon Avenue, St Agnes SA 5097",St Agnes,Adelaide Hills & Tea Tree Gully Safe Enclaves,Private Treaty (Bán thỏa thuận),Undisclosed,,Price Undisclosed,4,2,1,355m²,15.94,https://www.homely.com.au/homes/42-cinnamon-avenue-st-agnes-sa-5097/13244711
13391865,2026-08-18,18/08/2026,"66 Sturt Avenue, Colonel Light Gardens SA 5041",Colonel Light Gardens,City of Mitcham & Foothills,Private Treaty (Bán thỏa thuận),Disclosed,1700000,"$1,700,000",4,1,2,686m²,4.41,https://www.homely.com.au/homes/66-sturt-avenue-colonel-light-gardens-sa-5041/13391865
13369166,2026-08-18,18/08/2026,"59 Pomona Road, Stirling SA 5152",Stirling,Adelaide Hills & Tea Tree Gully Safe Enclaves,Private Treaty (Bán thỏa thuận),Disclosed,1350000,"$1,350,000",3,2,2,1450m²,9.62,https://www.homely.com.au/homes/59-pomona-road-stirling-sa-5152/13369166
13348769,2026-08-18,18/08/2026,"10 Mary Street, Unley SA 5061",Unley,City of Unley & Prestige South,Private Treaty (Bán thỏa thuận),Undisclosed,,Price Undisclosed,4,2,2,N/A,2.78,https://www.homely.com.au/homes/10-mary-street-unley-sa-5061/13348769
13373760,2026-08-18,18/08/2026,"435 Mount Barker Road, Bridgewater SA 5155",Bridgewater,Adelaide Hills & Tea Tree Gully Safe Enclaves,Private Treaty (Bán thỏa thuận),Undisclosed,,Price Undisclosed,1,1,2,1437m²,13.23,https://www.homely.com.au/homes/435-mount-barker-road-bridgewater-sa-5155/13373760
13374237,2026-08-17,17/08/2026,"19 Lancaster Street, Lockleys SA 5032",Lockleys,Western Coastal Corridors,Private Treaty (Bán thỏa thuận),Disclosed,1400500,"$1,400,500",3,1,3,711m²,8.8,https://www.homely.com.au/homes/19-lancaster-street-lockleys-sa-5032/13374237
13268725,2026-08-17,17/08/2026,"40A La Perouse Avenue, Flinders Park SA 5025",Flinders Park,Western Coastal Corridors,Private Treaty (Bán thỏa thuận),Disclosed,1320000,"$1,320,000",4,2,3,383m²,8.61,https://www.homely.com.au/homes/40a-la-perouse-avenue-flinders-park-sa-5025/13268725
13252380,2026-08-17,17/08/2026,"29C Wilton Avenue, Somerton Park SA 5044",Somerton Park,Western Coastal Corridors,Private Treaty (Bán thỏa thuận),Disclosed,945000,"$945,000",3,1,3,303m²,10.75,https://www.homely.com.au/homes/29c-wilton-avenue-somerton-park-sa-5044/13252380
13217595,2026-08-17,17/08/2026,"208 Sportsmans Drive, West Lakes SA 5021",West Lakes,Western Coastal Corridors,Private Treaty (Bán thỏa thuận),Disclosed,800000,"$800,000",2,1,1,185m²,14.63,https://www.homely.com.au/homes/208-sportsmans-drive-west-lakes-sa-5021/13217595
13375464,2026-08-17,17/08/2026,"10 Fourth Avenue, Everard Park SA 5035",Everard Park,City of Unley & Prestige South,Private Treaty (Bán thỏa thuận),Undisclosed,,Price Undisclosed,3,1,2,719m²,4.93,https://www.homely.com.au/homes/10-fourth-avenue-everard-park-sa-5035/13375464
13333772,2026-08-17,17/08/2026,"14 Vawser Court, Coromandel Valley SA 5051",Coromandel Valley,City of Mitcham & Foothills,Private Treaty (Bán thỏa thuận),Undisclosed,,Price Undisclosed,5,2,2,735m²,9.16,https://www.homely.com.au/homes/14-vawser-court-coromandel-valley-sa-5051/13333772
13363125,2026-08-17,17/08/2026,"54 Maple Avenue, Rostrevor SA 5073",Rostrevor,"Norwood, Campbelltown & North-East Core",Private Treaty (Bán thỏa thuận),Undisclosed,,Price Undisclosed,4,1,2,880m²,8.04,https://www.homely.com.au/homes/54-maple-avenue-rostrevor-sa-5073/13363125
13255932,2026-08-17,17/08/2026,"191 Military Road, Henley Beach South SA 5022",Henley Beach South,Western Coastal Corridors,Private Treaty (Bán thỏa thuận),Undisclosed,,Price Undisclosed,3,2,2,N/A,12.15,https://www.homely.com.au/homes/191-military-road-henley-beach-south-sa-5022/13255932
13195845,2026-08-17,17/08/2026,"11 De Pledge Court, Wynn Vale SA 5127",Wynn Vale,Adelaide Hills & Tea Tree Gully Safe Enclaves,Private Treaty (Bán thỏa thuận),Undisclosed,,Price Undisclosed,4,2,1,346m²,18.49,https://www.homely.com.au/homes/11-de-pledge-court-wynn-vale-sa-5127/13195845
13213519,2026-08-16,16/08/2026,"83A Sir Johns Marks Drive, West Lakes SA 5021",West Lakes,Western Coastal Corridors,Private Treaty (Bán thỏa thuận),Disclosed,3330000,"$3,330,000",5,4,4,547m²,14.63,https://www.homely.com.au/homes/83a-sir-johns-marks-drive-west-lakes-sa-5021/13213519
13196465,2026-08-16,16/08/2026,"38A Florence Street, Fullarton SA 5063",Fullarton,City of Unley & Prestige South,Private Treaty (Bán thỏa thuận),Disclosed,1500000,"$1,500,000",3,2,1,396m²,1.24,https://www.homely.com.au/homes/38a-florence-street-fullarton-sa-5063/13196465
13008893,2026-08-16,16/08/2026,"3 Rockness Court, Woodforde SA 5072",Woodforde,Adelaide Hills & Tea Tree Gully Safe Enclaves,Private Treaty (Bán thỏa thuận),Disclosed,1070000,"$1,070,000",3,1,3,812m²,8.35,https://www.homely.com.au/homes/3-rockness-court-woodforde-sa-5072/13008893
13377456,2026-08-16,16/08/2026,"3 Davis Road, Glynde SA 5070",Glynde,"Norwood, Campbelltown & North-East Core",Private Treaty (Bán thỏa thuận),Disclosed,1030000,"$1,030,000",3,1,2,568m²,6.67,https://www.homely.com.au/homes/3-davis-road-glynde-sa-5070/13377456
13392615,2026-08-16,16/08/2026,"5B Mundon Street, Campbelltown SA 5074",Campbelltown,"Norwood, Campbelltown & North-East Core",Private Treaty (Bán thỏa thuận),Disclosed,1005000,"$1,005,000",4,2,1,356m²,8.01,https://www.homely.com.au/homes/5b-mundon-street-campbelltown-sa-5074/13392615
13357867,2026-08-15,15/08/2026,"68B Allinga Avenue, Glenunga SA 5064",Glenunga,City of Burnside & Core East,Private Treaty (Bán thỏa thuận),Disclosed,1960000,"$1,960,000",3,2,2,418m²,1.24,https://www.homely.com.au/homes/68b-allinga-avenue-glenunga-sa-5064/13357867
13366826,2026-08-15,15/08/2026,"12 Highbury Drive, Highbury SA 5089",Highbury,Adelaide Hills & Tea Tree Gully Safe Enclaves,Private Treaty (Bán thỏa thuận),Disclosed,1180000,"$1,180,000",3,2,4,381m²,12.87,https://www.homely.com.au/homes/12-highbury-drive-highbury-sa-5089/13366826
13364023,2026-08-15,15/08/2026,"32 Ormond Grove, Toorak Gardens SA 5065",Toorak Gardens,City of Burnside & Core East,Private Treaty (Bán thỏa thuận),Undisclosed,,Price Undisclosed,4,2,2,867m²,2.68,https://www.homely.com.au/homes/32-ormond-grove-toorak-gardens-sa-5065/13364023
13365885,2026-08-15,15/08/2026,"12 Chatswood Grove, Newton SA 5074",Newton,"Norwood, Campbelltown & North-East Core",Private Treaty (Bán thỏa thuận),Undisclosed,,Price Undisclosed,3,2,1,570m²,9.65,https://www.homely.com.au/homes/12-chatswood-grove-newton-sa-5074/13365885
13360282,2026-08-15,15/08/2026,"6 York Street, Henley Beach SA 5022",Henley Beach,Western Coastal Corridors,Private Treaty (Bán thỏa thuận),Undisclosed,,Price Undisclosed,4,2,6,920m²,12.15,https://www.homely.com.au/homes/6-york-street-henley-beach-sa-5022/13360282
13318287,2026-08-15,15/08/2026,"3/47 Tasman Avenue, Flinders Park SA 5025",Flinders Park,Western Coastal Corridors,Private Treaty (Bán thỏa thuận),Undisclosed,,Price Undisclosed,3,1,1,253m²,8.61,https://www.homely.com.au/homes/3-47-tasman-avenue-flinders-park-sa-5025/13318287
13368423,2026-08-14,14/08/2026,"10 Wilkinson Road, Parkside SA 5063",Parkside,City of Unley & Prestige South,Private Treaty (Bán thỏa thuận),Disclosed,2563500,"$2,563,500",4,2,2,1223m²,2.43,https://www.homely.com.au/homes/10-wilkinson-road-parkside-sa-5063/13368423
13367482,2026-08-14,14/08/2026,"6 Emerson Grove, Tranmere SA 5073",Tranmere,"Norwood, Campbelltown & North-East Core",Private Treaty (Bán thỏa thuận),Disclosed,1320000,"$1,320,000",2,1,5,906.3099m²,5.78,https://www.homely.com.au/homes/6-emerson-grove-tranmere-sa-5073/13367482
13267250,2026-08-14,14/08/2026,"14 Sassafras Drive, Highbury SA 5089",Highbury,Adelaide Hills & Tea Tree Gully Safe Enclaves,Private Treaty (Bán thỏa thuận),Disclosed,1240000,"$1,240,000",4,2,4,690m²,12.87,https://www.homely.com.au/homes/14-sassafras-drive-highbury-sa-5089/13267250
13195490,2026-08-14,14/08/2026,"1/12 Hillview Crescent, South Brighton SA 5048",South Brighton,Western Coastal Corridors,Private Treaty (Bán thỏa thuận),Disclosed,835000,"$835,000",3,1,1,N/A,12.37,https://www.homely.com.au/homes/1-12-hillview-crescent-south-brighton-sa-5048/13195490
13292368,2026-08-14,14/08/2026,"1/28 Hastings Street, Glenelg South SA 5045",Glenelg South,Western Coastal Corridors,Private Treaty (Bán thỏa thuận),Disclosed,780000,"$780,000",2,1,1,N/A,11.01,https://www.homely.com.au/homes/1-28-hastings-street-glenelg-south-sa-5045/13292368
13315625,2026-08-14,14/08/2026,"15 Inverloch Avenue, Torrens Park SA 5062",Torrens Park,City of Mitcham & Foothills,Private Treaty (Bán thỏa thuận),Undisclosed,,Price Undisclosed,4,1,2,1451m²,2.77,https://www.homely.com.au/homes/15-inverloch-avenue-torrens-park-sa-5062/13315625
13397273,2026-08-14,14/08/2026,"30 Brown Street, Norwood SA 5067",Norwood,"Norwood, Campbelltown & North-East Core",Private Treaty (Bán thỏa thuận),Undisclosed,,Price Undisclosed,4,2,2,853m²,4.01,https://www.homely.com.au/homes/30-brown-street-norwood-sa-5067/13397273
13030338,2026-08-14,14/08/2026,"20 Mitton Avenue, Henley Beach SA 5022",Henley Beach,Western Coastal Corridors,Private Treaty (Bán thỏa thuận),Undisclosed,,Price Undisclosed,4,2,4,372m²,12.15,https://www.homely.com.au/homes/20-mitton-avenue-henley-beach-sa-5022/13030338
13361454,2026-08-14,14/08/2026,"5/9 Bartlett Terrace, Semaphore Park SA 5019",Semaphore Park,Western Coastal Corridors,Private Treaty (Bán thỏa thuận),Undisclosed,,Price Undisclosed,2,1,1,N/A,17.73,https://www.homely.com.au/homes/5-9-bartlett-terrace-semaphore-park-sa-5019/13361454
13332773,2026-08-14,14/08/2026,"32 Captain Robertson Avenue, Golden Grove SA 5125",Golden Grove,Adelaide Hills & Tea Tree Gully Safe Enclaves,Private Treaty (Bán thỏa thuận),Undisclosed,,Price Undisclosed,4,2,2,595m²,20.78,https://www.homely.com.au/homes/32-captain-robertson-avenue-golden-grove-sa-5/13332773
13371901,2026-08-13,13/08/2026,"6 Chapel Way, Rostrevor SA 5073",Rostrevor,"Norwood, Campbelltown & North-East Core",Private Treaty (Bán thỏa thuận),Disclosed,1580000,"$1,580,000",4,2,2,357m²,8.04,https://www.homely.com.au/homes/6-chapel-way-rostrevor-sa-5073/13371901
13392409,2026-08-13,13/08/2026,"11/1 Mooloola Way, West Lakes Shore SA 5020",West Lakes Shore,Western Coastal Corridors,Private Treaty (Bán thỏa thuận),Disclosed,672000,"$672,000",3,1,2,N/A,14.63,https://www.homely.com.au/homes/11-1-mooloola-way-west-lakes-shore-sa-5020/13392409
13344601,2026-08-13,13/08/2026,"29/44 Glynburn Road, Hectorville SA 5073",Hectorville,"Norwood, Campbelltown & North-East Core",Private Treaty (Bán thỏa thuận),Disclosed,570000,"$570,000",2,1,1,41m²,6.98,https://www.homely.com.au/homes/29-44-glynburn-road-hectorville-sa-5073/13344601
13366356,2026-08-13,13/08/2026,"6 / 125 Third Ave, Royston Park SA 5070",Royston Park,"Norwood, Campbelltown & North-East Core",Private Treaty (Bán thỏa thuận),Undisclosed,,Price Undisclosed,2,1,1,139m²,6.66,https://www.homely.com.au/homes/6---125-third-ave-royston-park-sa-5070/13366356
13190099,2026-08-13,13/08/2026,"23 Cudmore Terrace, Henley Beach SA 5022",Henley Beach,Western Coastal Corridors,Private Treaty (Bán thỏa thuận),Undisclosed,,Price Undisclosed,4,1,3,518m²,12.15,https://www.homely.com.au/homes/23-cudmore-terrace-henley-beach-sa-5022/13190099
13272667,2026-08-12,12/08/2026,"13 West Terrace, Kensington Gardens SA 5068",Kensington Gardens,City of Burnside & Core East,Private Treaty (Bán thỏa thuận),Disclosed,2298000,"$2,298,000",3,3,2,608m²,4.96,https://www.homely.com.au/homes/13-west-terrace-kensington-gardens-sa-5068/13272667
13149452,2026-08-12,12/08/2026,"8 Crossing Street, St Georges SA 5064",St Georges,City of Burnside & Core East,Private Treaty (Bán thỏa thuận),Disclosed,1450000,"$1,450,000",3,2,2,546m²,1.58,https://www.homely.com.au/homes/8-crossing-street-st-georges-sa-5064/13149452
13375697,2026-08-12,12/08/2026,"17 Old Belair Road, Mitcham SA 5062",Mitcham,City of Mitcham & Foothills,Private Treaty (Bán thỏa thuận),Disclosed,1392500,"$1,392,500",4,2,2,676m²,2.68,https://www.homely.com.au/homes/17-old-belair-road-mitcham-sa-5062/13375697
13369423,2026-08-12,12/08/2026,"50 Tristania Terrace, Dernancourt SA 5075",Dernancourt,Adelaide Hills & Tea Tree Gully Safe Enclaves,Private Treaty (Bán thỏa thuận),Disclosed,930000,"$930,000",3,1,2,775m²,11.46,https://www.homely.com.au/homes/50-tristania-terrace-dernancourt-sa-5075/13369423
13335233,2026-08-12,12/08/2026,"3/73 Balham Avenue, Kingswood SA 5062",Kingswood,City of Mitcham & Foothills,Private Treaty (Bán thỏa thuận),Disclosed,808000,"$808,000",2,1,1,N/A,1.95,https://www.homely.com.au/homes/3-73-balham-avenue-kingswood-sa-5062/13335233
13331872,2026-08-12,12/08/2026,"7 Edmund Road, Highbury SA 5089",Highbury,Adelaide Hills & Tea Tree Gully Safe Enclaves,Private Treaty (Bán thỏa thuận),Disclosed,775000,"$775,000",3,1,1,392m²,12.87,https://www.homely.com.au/homes/7-edmund-road-highbury-sa-5089/13331872
13294588,2026-08-12,12/08/2026,"5/5 Third Avenue, Glenelg East SA 5045",Glenelg East,Western Coastal Corridors,Private Treaty (Bán thỏa thuận),Disclosed,675000,"$675,000",2,1,1,N/A,11.01,https://www.homely.com.au/homes/5-5-third-avenue-glenelg-east-sa-5045/13294588
13105481,2026-08-12,12/08/2026,"28/180-184 Seaview Road, Henley Beach South SA 5022",Henley Beach South,Western Coastal Corridors,Private Treaty (Bán thỏa thuận),Disclosed,550000,"$550,000",2,1,1,N/A,12.15,https://www.homely.com.au/homes/28-180-184-seaview-road-henley-beach-south-sa/13105481
13371840,2026-08-12,12/08/2026,"60 Murray Street, Clapham SA 5062",Clapham,City of Mitcham & Foothills,Private Treaty (Bán thỏa thuận),Undisclosed,,Price Undisclosed,3,1,2,634m²,4.05,https://www.homely.com.au/homes/60-murray-street-clapham-sa-5062/13371840
13336869,2026-08-12,12/08/2026,"18 Cambridge Street, Hackney SA 5069",Hackney,"Norwood, Campbelltown & North-East Core",Private Treaty (Bán thỏa thuận),Undisclosed,,Price Undisclosed,3,2,2,280m²,5.02,https://www.homely.com.au/homes/18-cambridge-street-hackney-sa-5069/13336869
13241000,2026-08-12,12/08/2026,"14 Burton Road, Athelstone SA 5076",Athelstone,"Norwood, Campbelltown & North-East Core",Private Treaty (Bán thỏa thuận),Undisclosed,,Price Undisclosed,5,2,2,712m²,10.85,https://www.homely.com.au/homes/14-burton-road-athelstone-sa-5076/13241000
13324719,2026-08-12,12/08/2026,"29 Georgia Avenue, Grange SA 5022",Grange,Western Coastal Corridors,Private Treaty (Bán thỏa thuận),Undisclosed,,Price Undisclosed,3,2,2,464m²,13.92,https://www.homely.com.au/homes/29-georgia-avenue-grange-sa-5022/13324719
13313819,2026-08-12,12/08/2026,"86 West Beach Road, West Beach SA 5024",West Beach,Western Coastal Corridors,Private Treaty (Bán thỏa thuận),Undisclosed,,Price Undisclosed,3,2,3,708m²,11.62,https://www.homely.com.au/homes/86-west-beach-road-west-beach-sa-5024/13313819
13353531,2026-08-12,12/08/2026,"25A Nambour Crescent, West Lakes Shore SA 5020",West Lakes Shore,Western Coastal Corridors,Private Treaty (Bán thỏa thuận),Undisclosed,,Price Undisclosed,3,2,4,415m²,14.63,https://www.homely.com.au/homes/25a-nambour-crescent-west-lakes-shore-sa-5020/13353531
13351480,2026-08-12,12/08/2026,"1 Bermuda Avenue, West Lakes Shore SA 5020",West Lakes Shore,Western Coastal Corridors,Private Treaty (Bán thỏa thuận),Undisclosed,,Price Undisclosed,4,2,2,603m²,14.63,https://www.homely.com.au/homes/1-bermuda-avenue-west-lakes-shore-sa-5020/13351480
13373358,2026-08-12,12/08/2026,"18 Kanbara Street, Flinders Park SA 5025",Flinders Park,Western Coastal Corridors,Private Treaty (Bán thỏa thuận),Undisclosed,,Price Undisclosed,4,2,2,660m²,8.61,https://www.homely.com.au/homes/18-kanbara-street-flinders-park-sa-5025/13373358
13285013,2026-08-12,12/08/2026,"12 Chertsey Court, Wynn Vale SA 5127",Wynn Vale,Adelaide Hills & Tea Tree Gully Safe Enclaves,Private Treaty (Bán thỏa thuận),Undisclosed,,Price Undisclosed,3,1,1,798m²,18.49,https://www.homely.com.au/homes/12-chertsey-court-wynn-vale-sa-5127/13285013
13394655,2026-08-11,11/08/2026,"27 North Parade, Kingswood SA 5062",Kingswood,City of Mitcham & Foothills,Private Treaty (Bán thỏa thuận),Disclosed,1320000,"$1,320,000",3,1,2,520m²,1.95,https://www.homely.com.au/homes/27-north-parade-kingswood-sa-5062/13394655
13354559,2026-08-11,11/08/2026,"33 Hughes Avenue, Henley Beach SA 5022",Henley Beach,Western Coastal Corridors,Private Treaty (Bán thỏa thuận),Disclosed,1300000,"$1,300,000",3,2,1,340m²,12.15,https://www.homely.com.au/homes/33-hughes-avenue-henley-beach-sa-5022/13354559
13337091,2026-08-11,11/08/2026,"8 Sizer Street, Lower Mitcham SA 5062",Lower Mitcham,City of Mitcham & Foothills,Private Treaty (Bán thỏa thuận),Disclosed,1275000,"$1,275,000",3,1,2,428m²,2.68,https://www.homely.com.au/homes/8-sizer-street-lower-mitcham-sa-5062/13337091
13231527,2026-08-11,11/08/2026,"67 Military Road, West Beach SA 5024",West Beach,Western Coastal Corridors,Private Treaty (Bán thỏa thuận),Disclosed,1203500,"$1,203,500",3,1,2,404m²,11.62,https://www.homely.com.au/homes/67-military-road-west-beach-sa-5024/13231527
13279747,2026-08-11,11/08/2026,"453 Belair Road, Belair SA 5052",Belair,City of Mitcham & Foothills,Private Treaty (Bán thỏa thuận),Disclosed,1100065,"$1,100,065",3,1,2,1769m²,4.42,https://www.homely.com.au/homes/453-belair-road-belair-sa-5052/13279747
13316050,2026-08-11,11/08/2026,"14 Folkestone Road, South Brighton SA 5048",South Brighton,Western Coastal Corridors,Private Treaty (Bán thỏa thuận),Disclosed,980000,"$980,000",3,1,2,N/A,12.37,https://www.homely.com.au/homes/14-folkestone-road-south-brighton-sa-5048/13316050
13369424,2026-08-11,11/08/2026,"5/193 OG Road, Marden SA 5070",Marden,"Norwood, Campbelltown & North-East Core",Private Treaty (Bán thỏa thuận),Disclosed,520000,"$520,000",2,1,1,N/A,6.4,https://www.homely.com.au/homes/5-193-og-road-marden-sa-5070/13369424
13346920,2026-08-11,11/08/2026,"24 McAllan Avenue, Beaumont SA 5066",Beaumont,City of Burnside & Core East,Private Treaty (Bán thỏa thuận),Undisclosed,,Price Undisclosed,4,2,3,801m²,3.12,https://www.homely.com.au/homes/24-mcallan-avenue-beaumont-sa-5066/13346920
13364678,2026-08-11,11/08/2026,"27/49 Leader Street, Goodwood SA 5034",Goodwood,City of Unley & Prestige South,Private Treaty (Bán thỏa thuận),Undisclosed,,Price Undisclosed,2,1,1,N/A,4.14,https://www.homely.com.au/homes/27-49-leader-street-goodwood-sa-5034/13364678
13334417,2026-08-11,11/08/2026,"11/29 Edmund Street, Norwood SA 5067",Norwood,"Norwood, Campbelltown & North-East Core",Private Treaty (Bán thỏa thuận),Undisclosed,,Price Undisclosed,3,1,1,139m²,4.01,https://www.homely.com.au/homes/11-29-edmund-street-norwood-sa-5067/13334417
13369661,2026-08-11,11/08/2026,"4/16 Tenth Avenue, St Peters SA 5069",St Peters,"Norwood, Campbelltown & North-East Core",Private Treaty (Bán thỏa thuận),Undisclosed,,Price Undisclosed,2,1,1,N/A,5.12,https://www.homely.com.au/homes/4-16-tenth-avenue-st-peters-sa-5069/13369661
13372445,2026-08-11,11/08/2026,"14/3 Alexander Lane, Marden SA 5070",Marden,"Norwood, Campbelltown & North-East Core",Private Treaty (Bán thỏa thuận),Undisclosed,,Price Undisclosed,2,1,1,N/A,6.4,https://www.homely.com.au/homes/14-3-alexander-lane-marden-sa-5070/13372445
13214033,2026-08-11,11/08/2026,"11 Drake Avenue, Flinders Park SA 5025",Flinders Park,Western Coastal Corridors,Private Treaty (Bán thỏa thuận),Undisclosed,,Price Undisclosed,4,3,4,253m²,8.61,https://www.homely.com.au/homes/11-drake-avenue-flinders-park-sa-5025/13214033
13371547,2026-08-11,11/08/2026,"65 Osterley Avenue, Bridgewater SA 5155",Bridgewater,Adelaide Hills & Tea Tree Gully Safe Enclaves,Private Treaty (Bán thỏa thuận),Undisclosed,,Price Undisclosed,3,2,2,1061m²,13.23,https://www.homely.com.au/homes/65-osterley-avenue-bridgewater-sa-5155/13371547
13353690,2026-08-10,10/08/2026,"6 Nioka Road, Dernancourt SA 5075",Dernancourt,Adelaide Hills & Tea Tree Gully Safe Enclaves,Private Treaty (Bán thỏa thuận),Disclosed,1200000,"$1,200,000",3,2,1,299m²,11.46,https://www.homely.com.au/homes/6-nioka-road-dernancourt-sa-5075/13353690
13353229,2026-08-10,10/08/2026,"9 Wall Street, Norwood SA 5067",Norwood,"Norwood, Campbelltown & North-East Core",Private Treaty (Bán thỏa thuận),Disclosed,1175000,"$1,175,000",2,1,1,N/A,4.01,https://www.homely.com.au/homes/9-wall-street-norwood-sa-5067/13353229
13312457,2026-08-10,10/08/2026,"18 Essling Place, Greenwith SA 5125",Greenwith,Adelaide Hills & Tea Tree Gully Safe Enclaves,Private Treaty (Bán thỏa thuận),Disclosed,1060000,"$1,060,000",4,2,2,602m²,22.4,https://www.homely.com.au/homes/18-essling-place-greenwith-sa-5125/13312457
13353074,2026-08-10,10/08/2026,"15 Olive Street, Glenelg SA 5045",Glenelg,Western Coastal Corridors,Private Treaty (Bán thỏa thuận),Disclosed,885000,"$885,000",2,1,2,211m²,11.01,https://www.homely.com.au/homes/15-olive-street-glenelg-sa-5045/13353074
13375478,2026-08-10,10/08/2026,"35 Hudson Lowe Drive, Greenwith SA 5125",Greenwith,Adelaide Hills & Tea Tree Gully Safe Enclaves,Private Treaty (Bán thỏa thuận),Disclosed,832000,"$832,000",3,1,3,345m²,22.4,https://www.homely.com.au/homes/35-hudson-lowe-drive-greenwith-sa-5125/13375478
13371717,2026-08-10,10/08/2026,"1/19 Shelley Street, Firle SA 5070",Firle,"Norwood, Campbelltown & North-East Core",Private Treaty (Bán thỏa thuận),Disclosed,766000,"$766,000",2,1,1,N/A,5.69,https://www.homely.com.au/homes/1-19-shelley-street-firle-sa-5070/13371717
13369870,2026-08-10,10/08/2026,"10/2 Rowells Road, Lockleys SA 5032",Lockleys,Western Coastal Corridors,Private Treaty (Bán thỏa thuận),Disclosed,733000,"$733,000",3,1,1,186m²,8.8,https://www.homely.com.au/homes/10-2-rowells-road-lockleys-sa-5032/13369870
13210723,2026-08-10,10/08/2026,"7/10 Minna Terrace, Semaphore Park SA 5019",Semaphore Park,Western Coastal Corridors,Private Treaty (Bán thỏa thuận),Disclosed,640000,"$640,000",2,1,3,N/A,17.73,https://www.homely.com.au/homes/7-10-minna-terrace-semaphore-park-sa-5019/13210723
13267299,2026-08-10,10/08/2026,"4/87 Mary Street, Unley SA 5061",Unley,City of Unley & Prestige South,Private Treaty (Bán thỏa thuận),Disclosed,560000,"$560,000",2,1,1,N/A,2.78,https://www.homely.com.au/homes/4-87-mary-street-unley-sa-5061/13267299
12746147,2026-08-10,10/08/2026,"23D Rugby Street, Kingswood SA 5062",Kingswood,City of Mitcham & Foothills,Private Treaty (Bán thỏa thuận),Undisclosed,,Price Undisclosed,5,3,2,554.1m²,1.95,https://www.homely.com.au/homes/23d-rugby-street-kingswood-sa-5062/12746147
13361415,2026-08-10,10/08/2026,"6/74 Military Road, Tennyson SA 5022",Tennyson,Western Coastal Corridors,Private Treaty (Bán thỏa thuận),Undisclosed,,Price Undisclosed,2,1,2,N/A,15.79,https://www.homely.com.au/homes/6-74-military-road-tennyson-sa-5022/13361415
13334266,2026-08-10,10/08/2026,"5C Madeline Crescent, Fulham Gardens SA 5024",Fulham Gardens,Western Coastal Corridors,Private Treaty (Bán thỏa thuận),Undisclosed,,Price Undisclosed,3,2,2,435m²,10.46,https://www.homely.com.au/homes/5c-madeline-crescent-fulham-gardens-sa-5024/13334266
13352929,2026-08-09,09/08/2026,"3/47 Elizabeth Street, Torrensville SA 5031",Torrensville,Western Coastal Corridors,Private Treaty (Bán thỏa thuận),Undisclosed,,Price Undisclosed,2,1,1,176m²,6.47,https://www.homely.com.au/homes/3-47-elizabeth-street-torrensville-sa-5031/13352929
13354504,2026-08-08,08/08/2026,"63 Sheffield Street, Malvern SA 5061",Malvern,City of Unley & Prestige South,Private Treaty (Bán thỏa thuận),Disclosed,2260000,"$2,260,000",3,1,2,650m²,2.2,https://www.homely.com.au/homes/63-sheffield-street-malvern-sa-5061/13354504
13354500,2026-08-08,08/08/2026,"10 Grantley Avenue, Millswood SA 5034",Millswood,City of Unley & Prestige South,Private Treaty (Bán thỏa thuận),Disclosed,2140000,"$2,140,000",3,2,2,731m²,4.01,https://www.homely.com.au/homes/10-grantley-avenue-millswood-sa-5034/13354500
13354503,2026-08-08,08/08/2026,"75 Caulfield Avenue, Cumberland Park SA 5041",Cumberland Park,City of Mitcham & Foothills,Private Treaty (Bán thỏa thuận),Disclosed,1800000,"$1,800,000",4,2,3,715m²,4.27,https://www.homely.com.au/homes/75-caulfield-avenue-cumberland-park-sa-5041/13354503
13338178,2026-08-08,08/08/2026,"11 Karawirra Avenue, Rostrevor SA 5073",Rostrevor,"Norwood, Campbelltown & North-East Core",Private Treaty (Bán thỏa thuận),Disclosed,1750000,"$1,750,000",4,2,4,927m²,8.04,https://www.homely.com.au/homes/11-karawirra-avenue-rostrevor-sa-5073/13338178
13254086,2026-08-08,08/08/2026,"10 Foster Street, Parkside SA 5063",Parkside,City of Unley & Prestige South,Private Treaty (Bán thỏa thuận),Disclosed,1410000,"$1,410,000",3,2,2,304m²,2.43,https://www.homely.com.au/homes/10-foster-street-parkside-sa-5063/13254086
13347934,2026-08-08,08/08/2026,"14 Windermere Avenue, West Lakes SA 5021",West Lakes,Western Coastal Corridors,Private Treaty (Bán thỏa thuận),Disclosed,1300000,"$1,300,000",4,2,7,637m²,14.63,https://www.homely.com.au/homes/14-windermere-avenue-west-lakes-sa-5021/13347934
13353689,2026-08-08,08/08/2026,"7 Alder Street, Paradise SA 5075",Paradise,"Norwood, Campbelltown & North-East Core",Private Treaty (Bán thỏa thuận),Disclosed,837000,"$837,000",3,1,2,N/A,9.59,https://www.homely.com.au/homes/7-alder-street-paradise-sa-5075/13353689
13343803,2026-08-08,08/08/2026,"6 Aboyne Street, Banksia Park SA 5091",Banksia Park,Adelaide Hills & Tea Tree Gully Safe Enclaves,Private Treaty (Bán thỏa thuận),Disclosed,750000,"$750,000",3,1,4,710m²,18.32,https://www.homely.com.au/homes/6-aboyne-street-banksia-park-sa-5091/13343803
13191895,2026-08-08,08/08/2026,"14 Everard Street, Glen Osmond SA 5064",Glen Osmond,City of Burnside & Core East,Private Treaty (Bán thỏa thuận),Undisclosed,,Price Undisclosed,3,1,1,N/A,1.36,https://www.homely.com.au/homes/14-everard-street-glen-osmond-sa-5064/13191895
13337364,2026-08-08,08/08/2026,"24 Townsend Street, Parkside SA 5063",Parkside,City of Unley & Prestige South,Private Treaty (Bán thỏa thuận),Undisclosed,,Price Undisclosed,3,2,1,231m²,2.43,https://www.homely.com.au/homes/24-townsend-street-parkside-sa-5063/13337364
13350625,2026-08-08,08/08/2026,"27 Sandra Avenue, Rostrevor SA 5073",Rostrevor,"Norwood, Campbelltown & North-East Core",Private Treaty (Bán thỏa thuận),Undisclosed,,Price Undisclosed,4,3,2,325m²,8.04,https://www.homely.com.au/homes/27-sandra-avenue-rostrevor-sa-5073/13350625
13346921,2026-08-08,08/08/2026,"12 Reid Avenue, Tranmere SA 5073",Tranmere,"Norwood, Campbelltown & North-East Core",Private Treaty (Bán thỏa thuận),Undisclosed,,Price Undisclosed,3,1,1,712m²,5.78,https://www.homely.com.au/homes/12-reid-avenue-tranmere-sa-5073/13346921
13344600,2026-08-07,07/08/2026,"5 Wensleydale Avenue, Hectorville SA 5073",Hectorville,"Norwood, Campbelltown & North-East Core",Private Treaty (Bán thỏa thuận),Disclosed,1100000,"$1,100,000",3,1,2,740m²,6.98,https://www.homely.com.au/homes/5-wensleydale-avenue-hectorville-sa-5073/13344600
13333925,2026-08-07,07/08/2026,"24 Chatswood Grove, Golden Grove SA 5125",Golden Grove,Adelaide Hills & Tea Tree Gully Safe Enclaves,Private Treaty (Bán thỏa thuận),Disclosed,1043750,"$1,043,750",4,2,2,522m²,20.78,https://www.homely.com.au/homes/24-chatswood-grove-golden-grove-sa-5125/13333925
13348564,2026-08-07,07/08/2026,"4/1 Mark Street, Campbelltown SA 5074",Campbelltown,"Norwood, Campbelltown & North-East Core",Private Treaty (Bán thỏa thuận),Disclosed,870000,"$870,000",3,2,2,151m²,8.01,https://www.homely.com.au/homes/4-1-mark-street-campbelltown-sa-5074/13348564
13222354,2026-08-07,07/08/2026,"89 Gorge Road, Paradise SA 5075",Paradise,"Norwood, Campbelltown & North-East Core",Private Treaty (Bán thỏa thuận),Disclosed,860000,"$860,000",3,1,1,N/A,9.59,https://www.homely.com.au/homes/89-gorge-road-paradise-sa-5075/13222354
13332001,2026-08-07,07/08/2026,"2/562 Anzac Highway, Glenelg East SA 5045",Glenelg East,Western Coastal Corridors,Private Treaty (Bán thỏa thuận),Disclosed,666000,"$666,000",2,1,1,N/A,11.01,https://www.homely.com.au/homes/2-562-anzac-highway-glenelg-east-sa-5045/13332001
13268662,2026-08-07,07/08/2026,"3/48 Maitland Street, Mitcham SA 5062",Mitcham,City of Mitcham & Foothills,Private Treaty (Bán thỏa thuận),Disclosed,490000,"$490,000",2,1,1,107m²,2.68,https://www.homely.com.au/homes/3-48-maitland-street-mitcham-sa-5062/13268662
13355924,2026-08-07,07/08/2026,"16A Sydenham Road, Norwood SA 5067",Norwood,"Norwood, Campbelltown & North-East Core",Private Treaty (Bán thỏa thuận),Undisclosed,,Price Undisclosed,3,1,2,133m²,4.01,https://www.homely.com.au/homes/16a-sydenham-road-norwood-sa-5067/13355924
13333843,2026-08-07,07/08/2026,"7 Adelaide Street, Maylands SA 5069",Maylands,"Norwood, Campbelltown & North-East Core",Private Treaty (Bán thỏa thuận),Undisclosed,,Price Undisclosed,3,2,1,N/A,4.38,https://www.homely.com.au/homes/7-adelaide-street-maylands-sa-5069/13333843
13206863,2026-08-07,07/08/2026,"5/10 Glen Avenue, Tranmere SA 5073",Tranmere,"Norwood, Campbelltown & North-East Core",Private Treaty (Bán thỏa thuận),Undisclosed,,Price Undisclosed,3,2,2,N/A,5.78,https://www.homely.com.au/homes/5-10-glen-avenue-tranmere-sa-5073/13206863
13314343,2026-08-07,07/08/2026,"29/180-184 Seaview Road, Henley Beach South SA 5022",Henley Beach South,Western Coastal Corridors,Private Treaty (Bán thỏa thuận),Undisclosed,,Price Undisclosed,2,1,1,N/A,12.15,https://www.homely.com.au/homes/29-180-184-seaview-road-henley-beach-south-sa/13314343
13368378,2026-08-07,07/08/2026,"44 Baker Street, Somerton Park SA 5044",Somerton Park,Western Coastal Corridors,Private Treaty (Bán thỏa thuận),Undisclosed,,Price Undisclosed,4,2,4,690m²,10.75,https://www.homely.com.au/homes/44-baker-street-somerton-park-sa-5044/13368378
13293210,2026-08-07,07/08/2026,"25 Yacca Road, Seacliff SA 5049",Seacliff,Western Coastal Corridors,Private Treaty (Bán thỏa thuận),Undisclosed,,Price Undisclosed,3,2,4,N/A,13.63,https://www.homely.com.au/homes/25-yacca-road-seacliff-sa-5049/13293210
13273216,2026-08-07,07/08/2026,"4 Banyan Court, Greenwith SA 5125",Greenwith,Adelaide Hills & Tea Tree Gully Safe Enclaves,Private Treaty (Bán thỏa thuận),Undisclosed,,Price Undisclosed,4,2,2,678m²,22.4,https://www.homely.com.au/homes/4-banyan-court-greenwith-sa-5125/13273216
13122546,2026-08-07,07/08/2026,"4/4 McCann Place, Greenwith SA 5125",Greenwith,Adelaide Hills & Tea Tree Gully Safe Enclaves,Private Treaty (Bán thỏa thuận),Undisclosed,,Price Undisclosed,4,2,2,456m²,22.4,https://www.homely.com.au/homes/4-4-mccann-place-greenwith-sa-5125/13122546
13373879,2026-08-06,06/08/2026,"55 Penzance Street, Glenelg South SA 5045",Glenelg South,Western Coastal Corridors,Private Treaty (Bán thỏa thuận),Disclosed,2525000,"$2,525,000",4,2,4,680m²,11.01,https://www.homely.com.au/homes/55-penzance-street-glenelg-south-sa-5045/13373879
13146740,2026-08-06,06/08/2026,"95 Sixth Avenue, St Peters SA 5069",St Peters,"Norwood, Campbelltown & North-East Core",Private Treaty (Bán thỏa thuận),Disclosed,1830000,"$1,830,000",3,1,2,696m²,5.12,https://www.homely.com.au/homes/95-sixth-avenue-st-peters-sa-5069/13146740
13232352,2026-08-06,06/08/2026,"42 Caroline Drive, Fulham Gardens SA 5024",Fulham Gardens,Western Coastal Corridors,Private Treaty (Bán thỏa thuận),Disclosed,1445000,"$1,445,000",4,3,2,294m²,10.46,https://www.homely.com.au/homes/42-caroline-drive-fulham-gardens-sa-5024/13232352
13246328,2026-08-06,06/08/2026,"22 Hart Street, Campbelltown SA 5074",Campbelltown,"Norwood, Campbelltown & North-East Core",Private Treaty (Bán thỏa thuận),Disclosed,1120000,"$1,120,000",4,3,2,219m²,8.01,https://www.homely.com.au/homes/22-hart-street-campbelltown-sa-5074/13246328
13346881,2026-08-06,06/08/2026,"1/44 Mary Street, Glenelg North SA 5045",Glenelg North,Western Coastal Corridors,Private Treaty (Bán thỏa thuận),Disclosed,857500,"$857,500",2,1,2,263m²,11.01,https://www.homely.com.au/homes/1-44-mary-street-glenelg-north-sa-5045/13346881
13368216,2026-08-06,06/08/2026,"2/65 Dudley Avenue, Daw Park SA 5041",Daw Park,City of Mitcham & Foothills,Private Treaty (Bán thỏa thuận),Disclosed,597000,"$597,000",2,1,1,N/A,5.41,https://www.homely.com.au/homes/2-65-dudley-avenue-daw-park-sa-5041/13368216
13081621,2026-08-06,06/08/2026,"4/19 Kitchener Street, Netherby SA 5062",Netherby,City of Mitcham & Foothills,Private Treaty (Bán thỏa thuận),Undisclosed,,Price Undisclosed,2,1,1,N/A,1.27,https://www.homely.com.au/homes/4-19-kitchener-street-netherby-sa-5062/13081621
13353691,2026-08-06,06/08/2026,"1 Orchid Court, Paradise SA 5075",Paradise,"Norwood, Campbelltown & North-East Core",Private Treaty (Bán thỏa thuận),Undisclosed,,Price Undisclosed,4,2,4,466m²,9.59,https://www.homely.com.au/homes/1-orchid-court-paradise-sa-5075/13353691
13328369,2026-08-06,06/08/2026,"121/344 Seaview Road, Henley Beach SA 5022",Henley Beach,Western Coastal Corridors,Private Treaty (Bán thỏa thuận),Undisclosed,,Price Undisclosed,3,2,2,N/A,12.15,https://www.homely.com.au/homes/121-344-seaview-road-henley-beach-sa-5022/13328369
13274621,2026-08-06,06/08/2026,"1b Derwent Crescent, Banksia Park SA 5091",Banksia Park,Adelaide Hills & Tea Tree Gully Safe Enclaves,Private Treaty (Bán thỏa thuận),Undisclosed,,Price Undisclosed,4,2,2,345m²,18.32,https://www.homely.com.au/homes/1b-derwent-crescent-banksia-park-sa-5091/13274621
13334763,2026-08-05,05/08/2026,"26 Salisbury Street, Somerton Park SA 5044",Somerton Park,Western Coastal Corridors,Private Treaty (Bán thỏa thuận),Disclosed,1915000,"$1,915,000",5,2,2,709m²,10.75,https://www.homely.com.au/homes/26-salisbury-street-somerton-park-sa-5044/13334763
13372634,2026-08-05,05/08/2026,"31 Church Street, Highgate SA 5063",Highgate,City of Unley & Prestige South,Private Treaty (Bán thỏa thuận),Disclosed,1800000,"$1,800,000",3,2,2,378m²,0.84,https://www.homely.com.au/homes/31-church-street-highgate-sa-5063/13372634
13351511,2026-08-05,05/08/2026,"1212 Greenhill Road, Uraidla SA 5142",Uraidla,Adelaide Hills & Tea Tree Gully Safe Enclaves,Private Treaty (Bán thỏa thuận),Disclosed,1345000,"$1,345,000",5,1,3,2500m²,10.31,https://www.homely.com.au/homes/1212-greenhill-road-uraidla-sa-5142/13351511
13318592,2026-08-05,05/08/2026,"11A Essex Street, Newton SA 5074",Newton,"Norwood, Campbelltown & North-East Core",Private Treaty (Bán thỏa thuận),Disclosed,1075000,"$1,075,000",3,2,2,327m²,9.65,https://www.homely.com.au/homes/11a-essex-street-newton-sa-5074/13318592
13354974,2026-08-05,05/08/2026,"21 West Street, Torrensville SA 5031",Torrensville,Western Coastal Corridors,Private Treaty (Bán thỏa thuận),Disclosed,880000,"$880,000",2,1,1,201m²,6.47,https://www.homely.com.au/homes/21-west-street-torrensville-sa-5031/13354974
13334513,2026-08-05,05/08/2026,"2 Dunks Street, Parkside SA 5063",Parkside,City of Unley & Prestige South,Private Treaty (Bán thỏa thuận),Disclosed,870000,"$870,000",2,1,1,174m²,2.43,https://www.homely.com.au/homes/2-dunks-street-parkside-sa-5063/13334513
13350154,2026-08-05,05/08/2026,"41 Colton Street, West Lakes SA 5021",West Lakes,Western Coastal Corridors,Private Treaty (Bán thỏa thuận),Disclosed,820000,"$820,000",3,1,1,N/A,14.63,https://www.homely.com.au/homes/41-colton-street-west-lakes-sa-5021/13350154
13291557,2026-08-05,05/08/2026,"14/15 Byron Street, Glenelg SA 5045",Glenelg,Western Coastal Corridors,Private Treaty (Bán thỏa thuận),Disclosed,625000,"$625,000",3,1,2,N/A,11.01,https://www.homely.com.au/homes/14-15-byron-street-glenelg-sa-5045/13291557
13347660,2026-08-05,05/08/2026,"2/17-19 Church Street, Marden SA 5070",Marden,"Norwood, Campbelltown & North-East Core",Private Treaty (Bán thỏa thuận),Undisclosed,,Price Undisclosed,2,1,1,181m²,6.4,https://www.homely.com.au/homes/2-17-19-church-street-marden-sa-5070/13347660
13315704,2026-08-05,05/08/2026,"32 Romalo Avenue, Magill SA 5072",Magill,"Norwood, Campbelltown & North-East Core",Private Treaty (Bán thỏa thuận),Undisclosed,,Price Undisclosed,4,2,2,770m²,6.32,https://www.homely.com.au/homes/32-romalo-avenue-magill-sa-5072/13315704
13203040,2026-08-05,05/08/2026,"D1/35 Davies  Avenue, Tranmere SA 5073",Tranmere,"Norwood, Campbelltown & North-East Core",Private Treaty (Bán thỏa thuận),Undisclosed,,Price Undisclosed,4,2,2,N/A,5.78,https://www.homely.com.au/homes/d1-35-davies-avenue-tranmere-sa-5073/13203040
13352497,2026-08-05,05/08/2026,"66 Osterley Avenue, Bridgewater SA 5155",Bridgewater,Adelaide Hills & Tea Tree Gully Safe Enclaves,Private Treaty (Bán thỏa thuận),Undisclosed,,Price Undisclosed,4,3,2,1220m²,13.23,https://www.homely.com.au/homes/66-osterley-avenue-bridgewater-sa-5155/13352497
13353615,2026-08-04,04/08/2026,"9 Arnold Street, Underdale SA 5032",Underdale,Western Coastal Corridors,Private Treaty (Bán thỏa thuận),Disclosed,1671000,"$1,671,000",5,3,5,930m²,7.65,https://www.homely.com.au/homes/9-arnold-street-underdale-sa-5032/13353615
13117842,2026-08-04,04/08/2026,"2C Quandong Street, North Brighton SA 5048",North Brighton,Western Coastal Corridors,Private Treaty (Bán thỏa thuận),Disclosed,1200000,"$1,200,000",4,2,2,N/A,12.37,https://www.homely.com.au/homes/2c-quandong-street-north-brighton-sa-5048/13117842
13335120,2026-08-04,04/08/2026,"11 / 2 Countryman Court, Kidman Park SA 5025",Kidman Park,Western Coastal Corridors,Private Treaty (Bán thỏa thuận),Disclosed,931000,"$931,000",4,2,2,N/A,9.7,https://www.homely.com.au/homes/11---2-countryman-court-kidman-park-sa-5025/13335120
13076163,2026-08-04,04/08/2026,"36 Manly Circuit, West Lakes Shore SA 5020",West Lakes Shore,Western Coastal Corridors,Private Treaty (Bán thỏa thuận),Disclosed,930000,"$930,000",3,2,4,685m²,14.63,https://www.homely.com.au/homes/36-manly-circuit-west-lakes-shore-sa-5020/13076163
13332587,2026-08-04,04/08/2026,"1/14 Orient Road, Kensington Gardens SA 5068",Kensington Gardens,City of Burnside & Core East,Private Treaty (Bán thỏa thuận),Disclosed,820000,"$820,000",2,1,1,N/A,4.96,https://www.homely.com.au/homes/1-14-orient-road-kensington-gardens-sa-5068/13332587
13292297,2026-08-04,04/08/2026,"7/8 Giles Avenue, Glenelg SA 5045",Glenelg,Western Coastal Corridors,Private Treaty (Bán thỏa thuận),Disclosed,755000,"$755,000",3,1,1,N/A,11.01,https://www.homely.com.au/homes/7-8-giles-avenue-glenelg-sa-5045/13292297
13353021,2026-08-04,04/08/2026,"37A Highfield Ave, St Georges SA 5064",St Georges,City of Burnside & Core East,Private Treaty (Bán thỏa thuận),Undisclosed,,Price Undisclosed,3,2,2,547m²,1.58,https://www.homely.com.au/homes/37a-highfield-ave-st-georges-sa-5064/13353021
13332055,2026-08-04,04/08/2026,"8 Jacaranda Boulevard, Glenside SA 5065",Glenside,City of Burnside & Core East,Private Treaty (Bán thỏa thuận),Undisclosed,,Price Undisclosed,3,2,1,N/A,2.06,https://www.homely.com.au/homes/8-jacaranda-boulevard-glenside-sa-5065/13332055
13367616,2026-08-04,04/08/2026,"1 Clarence Street, Blackwood SA 5051",Blackwood,City of Mitcham & Foothills,Private Treaty (Bán thỏa thuận),Undisclosed,,Price Undisclosed,5,2,2,1035m²,7.07,https://www.homely.com.au/homes/1-clarence-street-blackwood-sa-5051/13367616
13244321,2026-08-04,04/08/2026,"30 Wilpena Street, Eden Hills SA 5050",Eden Hills,City of Mitcham & Foothills,Private Treaty (Bán thỏa thuận),Undisclosed,,Price Undisclosed,4,2,4,3024m²,7.12,https://www.homely.com.au/homes/30-wilpena-street-eden-hills-sa-5050/13244321
13356556,2026-08-04,04/08/2026,"405/82 Osmond Terrace, Norwood SA 5067",Norwood,"Norwood, Campbelltown & North-East Core",Private Treaty (Bán thỏa thuận),Undisclosed,,Price Undisclosed,3,2,2,N/A,4.01,https://www.homely.com.au/homes/405-82-osmond-terrace-norwood-sa-5067/13356556
13195590,2026-08-04,04/08/2026,"10 Ruby Street, Payneham SA 5070",Payneham,"Norwood, Campbelltown & North-East Core",Private Treaty (Bán thỏa thuận),Undisclosed,,Price Undisclosed,5,2,2,459m²,6.41,https://www.homely.com.au/homes/10-ruby-street-payneham-sa-5070/13195590
13294124,2026-08-04,04/08/2026,"43 Jamaica Avenue, Fulham Gardens SA 5024",Fulham Gardens,Western Coastal Corridors,Private Treaty (Bán thỏa thuận),Undisclosed,,Price Undisclosed,4,2,3,301m²,10.46,https://www.homely.com.au/homes/43-jamaica-avenue-fulham-gardens-sa-5024/13294124
13346391,2026-08-04,04/08/2026,"611/16 Holdfast Promenade, Glenelg SA 5045",Glenelg,Western Coastal Corridors,Private Treaty (Bán thỏa thuận),Undisclosed,,Price Undisclosed,1,1,1,N/A,11.01,https://www.homely.com.au/homes/611-16-holdfast-promenade-glenelg-sa-5045/13346391
13128241,2026-08-03,03/08/2026,"47 Commercial Road, Hyde Park SA 5061",Hyde Park,City of Unley & Prestige South,Private Treaty (Bán thỏa thuận),Disclosed,3250000,"$3,250,000",4,3,3,638m²,3.2,https://www.homely.com.au/homes/47-commercial-road-hyde-park-sa-5061/13128241
13333165,2026-08-03,03/08/2026,"9B Winchester Avenue, Hove SA 5048",Hove,Western Coastal Corridors,Private Treaty (Bán thỏa thuận),Disclosed,1270000,"$1,270,000",4,3,2,234m²,12.45,https://www.homely.com.au/homes/9b-winchester-avenue-hove-sa-5048/13333165
13335998,2026-08-03,03/08/2026,"8 North Street, Hectorville SA 5073",Hectorville,"Norwood, Campbelltown & North-East Core",Private Treaty (Bán thỏa thuận),Disclosed,1041000,"$1,041,000",3,1,4,740m²,6.98,https://www.homely.com.au/homes/8-north-street-hectorville-sa-5073/13335998
13350983,2026-08-03,03/08/2026,"80/33 Colley Terrace, Glenelg SA 5045",Glenelg,Western Coastal Corridors,Private Treaty (Bán thỏa thuận),Disclosed,870000,"$870,000",2,1,1,N/A,11.01,https://www.homely.com.au/homes/80-33-colley-terrace-glenelg-sa-5045/13350983
13300379,2026-08-03,03/08/2026,"19 Tarraleah Street, Banksia Park SA 5091",Banksia Park,Adelaide Hills & Tea Tree Gully Safe Enclaves,Private Treaty (Bán thỏa thuận),Disclosed,856000,"$856,000",3,1,2,700m²,18.32,https://www.homely.com.au/homes/19-tarraleah-street-banksia-park-sa-5091/13300379
13356250,2026-08-03,03/08/2026,"3/601 South Road, Everard Park SA 5035",Everard Park,City of Unley & Prestige South,Private Treaty (Bán thỏa thuận),Disclosed,720000,"$720,000",2,1,2,N/A,4.93,https://www.homely.com.au/homes/3-601-south-road-everard-park-sa-5035/13356250
13330277,2026-08-03,03/08/2026,"22/194-196 Seaview Road, Henley Beach South SA 5022",Henley Beach South,Western Coastal Corridors,Private Treaty (Bán thỏa thuận),Disclosed,545000,"$545,000",2,1,1,12m²,12.15,https://www.homely.com.au/homes/22-194-196-seaview-road-henley-beach-south-sa/13330277
13334596,2026-08-03,03/08/2026,"c202/88 Magill Road, Norwood SA 5067",Norwood,"Norwood, Campbelltown & North-East Core",Private Treaty (Bán thỏa thuận),Undisclosed,,Price Undisclosed,2,2,1,N/A,4.01,https://www.homely.com.au/homes/c202-88-magill-road-norwood-sa-5067/13334596
13289534,2026-08-03,03/08/2026,"12 Morcomb Street, Stepney SA 5069",Stepney,"Norwood, Campbelltown & North-East Core",Private Treaty (Bán thỏa thuận),Undisclosed,,Price Undisclosed,4,1,1,494m²,4.73,https://www.homely.com.au/homes/12-morcomb-street-stepney-sa-5069/13289534
13266995,2026-08-03,03/08/2026,"1/118 Shakespeare Avenue, Magill SA 5072",Magill,"Norwood, Campbelltown & North-East Core",Private Treaty (Bán thỏa thuận),Undisclosed,,Price Undisclosed,2,1,1,N/A,6.32,https://www.homely.com.au/homes/1-118-shakespeare-avenue-magill-sa-5072/13266995
13283857,2026-08-02,02/08/2026,"151 Stock Road, Mylor SA 5153",Mylor,Adelaide Hills & Tea Tree Gully Safe Enclaves,Private Treaty (Bán thỏa thuận),Disclosed,3200000,"$3,200,000",9,5,15,64700m²,14.71,https://www.homely.com.au/homes/151-stock-road-mylor-sa-5153/13283857
13254239,2026-08-02,02/08/2026,"9B Sandford Street, Kensington Gardens SA 5068",Kensington Gardens,City of Burnside & Core East,Private Treaty (Bán thỏa thuận),Disclosed,1400000,"$1,400,000",3,2,2,309m²,4.96,https://www.homely.com.au/homes/9b-sandford-street-kensington-gardens-sa-5068/13254239
13325327,2026-08-02,02/08/2026,"6 Ridge Road, Stirling SA 5152",Stirling,Adelaide Hills & Tea Tree Gully Safe Enclaves,Private Treaty (Bán thỏa thuận),Undisclosed,,Price Undisclosed,4,2,3,N/A,9.62,https://www.homely.com.au/homes/6-ridge-road-stirling-sa-5152/13325327
13331064,2026-08-01,01/08/2026,"14 Martin Court, West Lakes SA 5021",West Lakes,Western Coastal Corridors,Private Treaty (Bán thỏa thuận),Disclosed,1940000,"$1,940,000",4,3,5,524m²,14.63,https://www.homely.com.au/homes/14-martin-court-west-lakes-sa-5021/13331064
13321478,2026-08-01,01/08/2026,"6 Catherine Street, Beulah Park SA 5067",Beulah Park,City of Burnside & Core East,Private Treaty (Bán thỏa thuận),Disclosed,1615000,"$1,615,000",3,2,2,302m²,4.39,https://www.homely.com.au/homes/6-catherine-street-beulah-park-sa-5067/13321478
13333053,2026-08-01,01/08/2026,"6 Surf Street, South Brighton SA 5048",South Brighton,Western Coastal Corridors,Private Treaty (Bán thỏa thuận),Disclosed,1255000,"$1,255,000",3,1,2,920m²,12.37,https://www.homely.com.au/homes/6-surf-street-south-brighton-sa-5048/13333053
13316023,2026-08-01,01/08/2026,"18 Douglas Street, Parkside SA 5063",Parkside,City of Unley & Prestige South,Private Treaty (Bán thỏa thuận),Disclosed,1230000,"$1,230,000",2,1,2,301m²,2.43,https://www.homely.com.au/homes/18-douglas-street-parkside-sa-5063/13316023
13323015,2026-08-01,01/08/2026,"42 Karri Drive, Dernancourt SA 5075",Dernancourt,Adelaide Hills & Tea Tree Gully Safe Enclaves,Private Treaty (Bán thỏa thuận),Disclosed,1025000,"$1,025,000",3,2,1,740m²,11.46,https://www.homely.com.au/homes/42-karri-drive-dernancourt-sa-5075/13323015
13333927,2026-08-01,01/08/2026,"6A Yanakie Avenue, Surrey Downs SA 5126",Surrey Downs,Adelaide Hills & Tea Tree Gully Safe Enclaves,Private Treaty (Bán thỏa thuận),Disclosed,855000,"$855,000",3,2,1,291m²,19.29,https://www.homely.com.au/homes/6a-yanakie-avenue-surrey-downs-sa-5126/13333927
13195712,2026-08-01,01/08/2026,"111/19 Holdfast Promenade, Glenelg SA 5045",Glenelg,Western Coastal Corridors,Private Treaty (Bán thỏa thuận),Disclosed,620000,"$620,000",1,1,1,N/A,11.01,https://www.homely.com.au/homes/111-19-holdfast-promenade-glenelg-sa-5045/13195712
13334050,2026-08-01,01/08/2026,"3/9 Comaum Street, St Marys SA 5042",St Marys,City of Mitcham & Foothills,Private Treaty (Bán thỏa thuận),Disclosed,505000,"$505,000",2,1,1,N/A,6.81,https://www.homely.com.au/homes/3-9-comaum-street-st-marys-sa-5042/13334050
13327970,2026-08-01,01/08/2026,"96 Osmond Terrace, Norwood SA 5067",Norwood,"Norwood, Campbelltown & North-East Core",Private Treaty (Bán thỏa thuận),Undisclosed,,Price Undisclosed,4,2,2,389m²,4.01,https://www.homely.com.au/homes/96-osmond-terrace-norwood-sa-5067/13327970
13352852,2026-07-31,31/07/2026,"9 Stanhope Street, West Beach SA 5024",West Beach,Western Coastal Corridors,Private Treaty (Bán thỏa thuận),Disclosed,3900000,"$3,900,000",4,3,4,711m²,11.62,https://www.homely.com.au/homes/9-stanhope-street-west-beach-sa-5024/13352852
13328899,2026-07-31,31/07/2026,"78 Frederick Street, Maylands SA 5069",Maylands,"Norwood, Campbelltown & North-East Core",Private Treaty (Bán thỏa thuận),Disclosed,2200000,"$2,200,000",3,1,2,929m²,4.38,https://www.homely.com.au/homes/78-frederick-street-maylands-sa-5069/13328899
13188486,2026-07-31,31/07/2026,"1/138 Rose Terrace, Wayville SA 5034",Wayville,City of Unley & Prestige South,Private Treaty (Bán thỏa thuận),Disclosed,1100000,"$1,100,000",3,2,1,171m²,4.45,https://www.homely.com.au/homes/1-138-rose-terrace-wayville-sa-5034/13188486
13314455,2026-07-31,31/07/2026,"3/101 Glynburn Road (Facing Allen Avenue), Glynde SA 5070",Glynde,"Norwood, Campbelltown & North-East Core",Private Treaty (Bán thỏa thuận),Disclosed,865000,"$865,000",2,1,1,300m²,6.67,https://www.homely.com.au/homes/3-101-glynburn-road-facing-allen-avenue-glynd/13314455
13334078,2026-07-31,31/07/2026,"18B Goodwin Street, Newton SA 5074",Newton,"Norwood, Campbelltown & North-East Core",Private Treaty (Bán thỏa thuận),Disclosed,840000,"$840,000",3,1,1,374m²,9.65,https://www.homely.com.au/homes/18b-goodwin-street-newton-sa-5074/13334078
13176439,2026-07-31,31/07/2026,"13 Anderson Street, Woodforde SA 5072",Woodforde,Adelaide Hills & Tea Tree Gully Safe Enclaves,Private Treaty (Bán thỏa thuận),Disclosed,800000,"$800,000",2,2,1,135m²,8.35,https://www.homely.com.au/homes/13-anderson-street-woodforde-sa-5072/13176439
13354208,2026-07-31,31/07/2026,"8/29 Kerry Street, Athelstone SA 5076",Athelstone,"Norwood, Campbelltown & North-East Core",Private Treaty (Bán thỏa thuận),Disclosed,692000,"$692,000",2,1,1,241m²,10.85,https://www.homely.com.au/homes/8-29-kerry-street-athelstone-sa-5076/13354208
13230132,2026-07-31,31/07/2026,"5 Lindsay Terrace, Belair SA 5052",Belair,City of Mitcham & Foothills,Private Treaty (Bán thỏa thuận),Undisclosed,,Price Undisclosed,4,3,5,1121m²,4.42,https://www.homely.com.au/homes/5-lindsay-terrace-belair-sa-5052/13230132
12749811,2026-07-31,31/07/2026,"Res 2, 88 Gage Street, Firle SA 5070",Firle,"Norwood, Campbelltown & North-East Core",Private Treaty (Bán thỏa thuận),Undisclosed,,Price Undisclosed,4,2,2,N/A,5.69,https://www.homely.com.au/homes/res-2-88-gage-street-firle-sa-5070/12749811
13283162,2026-07-31,31/07/2026,"16 Milton Avenue, Tranmere SA 5073",Tranmere,"Norwood, Campbelltown & North-East Core",Private Treaty (Bán thỏa thuận),Undisclosed,,Price Undisclosed,3,1,1,489m²,5.78,https://www.homely.com.au/homes/16-milton-avenue-tranmere-sa-5073/13283162
13270471,2026-07-31,31/07/2026,"546a Brighton Road, South Brighton SA 5048",South Brighton,Western Coastal Corridors,Private Treaty (Bán thỏa thuận),Undisclosed,,Price Undisclosed,3,2,2,152m²,12.37,https://www.homely.com.au/homes/546a-brighton-road-south-brighton-sa-5048/13270471
13210167,2026-07-31,31/07/2026,"1/30 Linwood Court, Wynn Vale SA 5127",Wynn Vale,Adelaide Hills & Tea Tree Gully Safe Enclaves,Private Treaty (Bán thỏa thuận),Undisclosed,,Price Undisclosed,2,1,1,342m²,18.49,https://www.homely.com.au/homes/1-30-linwood-court-wynn-vale-sa-5127/13210167
13178254,2026-07-31,31/07/2026,"37 Karingal Road, Dernancourt SA 5075",Dernancourt,Adelaide Hills & Tea Tree Gully Safe Enclaves,Private Treaty (Bán thỏa thuận),Undisclosed,,Price Undisclosed,3,2,1,318m²,11.46,https://www.homely.com.au/homes/37-karingal-road-dernancourt-sa-5075/13178254
13215779,2026-07-30,30/07/2026,"19 Willow Bend, Marden SA 5070",Marden,"Norwood, Campbelltown & North-East Core",Private Treaty (Bán thỏa thuận),Disclosed,1150000,"$1,150,000",3,1,2,310m²,6.4,https://www.homely.com.au/homes/19-willow-bend-marden-sa-5070/13215779
13314970,2026-07-30,30/07/2026,"9 Shannon Crescent, Coromandel Valley SA 5051",Coromandel Valley,City of Mitcham & Foothills,Private Treaty (Bán thỏa thuận),Disclosed,947000,"$947,000",3,1,1,936m²,9.16,https://www.homely.com.au/homes/9-shannon-crescent-coromandel-valley-sa-5051/13314970
13330685,2026-07-30,30/07/2026,"8/11 Balham Avenue, Kingswood SA 5062",Kingswood,City of Mitcham & Foothills,Private Treaty (Bán thỏa thuận),Disclosed,865000,"$865,000",2,1,1,N/A,1.95,https://www.homely.com.au/homes/8-11-balham-avenue-kingswood-sa-5062/13330685
13252730,2026-07-30,30/07/2026,"17 Chapel Way, Rostrevor SA 5073",Rostrevor,"Norwood, Campbelltown & North-East Core",Private Treaty (Bán thỏa thuận),Disclosed,850000,"$850,000",3,2,3,94m²,8.04,https://www.homely.com.au/homes/17-chapel-way-rostrevor-sa-5073/13252730
13325250,2026-07-30,30/07/2026,"6A Avago Street, St Agnes SA 5097",St Agnes,Adelaide Hills & Tea Tree Gully Safe Enclaves,Private Treaty (Bán thỏa thuận),Disclosed,711000,"$711,000",2,1,1,N/A,15.94,https://www.homely.com.au/homes/6a-avago-street-st-agnes-sa-5097/13325250
13252190,2026-07-30,30/07/2026,"1/18 Sando Avenue, Tranmere SA 5073",Tranmere,"Norwood, Campbelltown & North-East Core",Private Treaty (Bán thỏa thuận),Disclosed,518500,"$518,500",2,1,1,70m²,5.78,https://www.homely.com.au/homes/1-18-sando-avenue-tranmere-sa-5073/13252190
13125814,2026-07-30,30/07/2026,"13B Grantham Grove, Paradise SA 5075",Paradise,"Norwood, Campbelltown & North-East Core",Private Treaty (Bán thỏa thuận),Undisclosed,,Price Undisclosed,3,1,3,N/A,9.59,https://www.homely.com.au/homes/13b-grantham-grove-paradise-sa-5075/13125814
13247482,2026-07-30,30/07/2026,"2/44 Glynburn Road, Hectorville SA 5073",Hectorville,"Norwood, Campbelltown & North-East Core",Private Treaty (Bán thỏa thuận),Undisclosed,,Price Undisclosed,2,1,1,106m²,6.98,https://www.homely.com.au/homes/2-44-glynburn-road-hectorville-sa-5073/13247482
13297661,2026-07-30,30/07/2026,"2B Kenton Street, Lockleys SA 5032",Lockleys,Western Coastal Corridors,Private Treaty (Bán thỏa thuận),Undisclosed,,Price Undisclosed,3,2,2,309m²,8.8,https://www.homely.com.au/homes/2b-kenton-street-lockleys-sa-5032/13297661
13036644,2026-07-30,30/07/2026,"77 Piccadilly Road, Crafers SA 5152",Crafers,Adelaide Hills & Tea Tree Gully Safe Enclaves,Private Treaty (Bán thỏa thuận),Undisclosed,,Price Undisclosed,7,4,4,2014m²,7.71,https://www.homely.com.au/homes/77-piccadilly-road-crafers-sa-5152/13036644
13315443,2026-07-29,29/07/2026,"57 Waratah Street, Seacliff SA 5049",Seacliff,Western Coastal Corridors,Private Treaty (Bán thỏa thuận),Disclosed,1205000,"$1,205,000",2,1,1,549m²,13.63,https://www.homely.com.au/homes/57-waratah-street-seacliff-sa-5049/13315443
13255265,2026-07-29,29/07/2026,"48 First Avenue, Payneham South SA 5070",Payneham South,"Norwood, Campbelltown & North-East Core",Private Treaty (Bán thỏa thuận),Disclosed,874000,"$874,000",2,2,1,402m²,6.41,https://www.homely.com.au/homes/48-first-avenue-payneham-south-sa-5070/13255265
13332088,2026-07-29,29/07/2026,"5/53 Bevington Road, Glenunga SA 5064",Glenunga,City of Burnside & Core East,Private Treaty (Bán thỏa thuận),Disclosed,809000,"$809,000",2,1,1,N/A,1.24,https://www.homely.com.au/homes/5-53-bevington-road-glenunga-sa-5064/13332088
13333706,2026-07-29,29/07/2026,"5/517 Tapleys Hill Road, Fulham Gardens SA 5024",Fulham Gardens,Western Coastal Corridors,Private Treaty (Bán thỏa thuận),Disclosed,605000,"$605,000",2,1,2,193m²,10.46,https://www.homely.com.au/homes/5-517-tapleys-hill-road-fulham-gardens-sa-502/13333706
13253039,2026-07-29,29/07/2026,"4/11 Philip Avenue, Leabrook SA 5068",Leabrook,City of Burnside & Core East,Private Treaty (Bán thỏa thuận),Disclosed,520000,"$520,000",1,1,1,80m²,4.04,https://www.homely.com.au/homes/4-11-philip-avenue-leabrook-sa-5068/13253039
13329394,2026-07-29,29/07/2026,"46 Dashwood Road, Beaumont SA 5066",Beaumont,City of Burnside & Core East,Private Treaty (Bán thỏa thuận),Undisclosed,,Price Undisclosed,3,1,4,1050m²,3.12,https://www.homely.com.au/homes/46-dashwood-road-beaumont-sa-5066/13329394
13353289,2026-07-29,29/07/2026,"4/52 Hillcrest Drive, Eden Hills SA 5050",Eden Hills,City of Mitcham & Foothills,Private Treaty (Bán thỏa thuận),Undisclosed,,Price Undisclosed,1,1,1,N/A,7.12,https://www.homely.com.au/homes/4-52-hillcrest-drive-eden-hills-sa-5050/13353289
13211544,2026-07-29,29/07/2026,"22-24 Braemore Terrace, Campbelltown SA 5074",Campbelltown,"Norwood, Campbelltown & North-East Core",Private Treaty (Bán thỏa thuận),Undisclosed,,Price Undisclosed,3,1,1,1086m²,8.01,https://www.homely.com.au/homes/22-24-braemore-terrace-campbelltown-sa-5074/13211544
13331988,2026-07-29,29/07/2026,"8B Dennis Avenue, Newton SA 5074",Newton,"Norwood, Campbelltown & North-East Core",Private Treaty (Bán thỏa thuận),Undisclosed,,Price Undisclosed,2,1,1,291m²,9.65,https://www.homely.com.au/homes/8b-dennis-avenue-newton-sa-5074/13331988
13273295,2026-07-29,29/07/2026,"3/82 Military Road, Tennyson SA 5022",Tennyson,Western Coastal Corridors,Private Treaty (Bán thỏa thuận),Undisclosed,,Price Undisclosed,2,1,1,N/A,15.79,https://www.homely.com.au/homes/3-82-military-road-tennyson-sa-5022/13273295
13328327,2026-07-28,28/07/2026,"9a Gaskin Road, Flinders Park SA 5025",Flinders Park,Western Coastal Corridors,Private Treaty (Bán thỏa thuận),Disclosed,1450000,"$1,450,000",3,2,2,349m²,8.61,https://www.homely.com.au/homes/9a-gaskin-road-flinders-park-sa-5025/13328327
13336346,2026-07-28,28/07/2026,"39 Maitland Street, Mitcham SA 5062",Mitcham,City of Mitcham & Foothills,Private Treaty (Bán thỏa thuận),Disclosed,1300000,"$1,300,000",3,2,4,640m²,2.68,https://www.homely.com.au/homes/39-maitland-street-mitcham-sa-5062/13336346
13332050,2026-07-28,28/07/2026,"15 Taylors Road, Mitcham SA 5062",Mitcham,City of Mitcham & Foothills,Private Treaty (Bán thỏa thuận),Disclosed,982480,"$982,480",3,1,1,513m²,2.68,https://www.homely.com.au/homes/15-taylors-road-mitcham-sa-5062/13332050
13272744,2026-07-28,28/07/2026,"2/41A Aroha Terrace, Black Forest SA 5035",Black Forest,City of Unley & Prestige South,Private Treaty (Bán thỏa thuận),Disclosed,970000,"$970,000",3,2,2,N/A,5.38,https://www.homely.com.au/homes/2-41a-aroha-terrace-black-forest-sa-5035/13272744
13354560,2026-07-28,28/07/2026,"1/2A Rosella Avenue, Glenalta SA 5052",Glenalta,City of Mitcham & Foothills,Private Treaty (Bán thỏa thuận),Disclosed,875000,"$875,000",3,1,2,N/A,5.9,https://www.homely.com.au/homes/1-2a-rosella-avenue-glenalta-sa-5052/13354560
13252215,2026-07-28,28/07/2026,"2/114 Military Road, Henley Beach South SA 5022",Henley Beach South,Western Coastal Corridors,Private Treaty (Bán thỏa thuận),Disclosed,705200,"$705,200",2,1,1,120m²,12.15,https://www.homely.com.au/homes/2-114-military-road-henley-beach-south-sa-502/13252215
13317455,2026-07-28,28/07/2026,"Unit 19/58 Portrush Road, Payneham SA 5070",Payneham,"Norwood, Campbelltown & North-East Core",Private Treaty (Bán thỏa thuận),Disclosed,626000,"$626,000",2,1,1,N/A,6.41,https://www.homely.com.au/homes/unit-19-58-portrush-road-payneham-sa-5070/13317455
13308595,2026-07-28,28/07/2026,"4/36 Montrose Avenue, Netherby SA 5062",Netherby,City of Mitcham & Foothills,Private Treaty (Bán thỏa thuận),Undisclosed,,Price Undisclosed,2,1,2,N/A,1.27,https://www.homely.com.au/homes/4-36-montrose-avenue-netherby-sa-5062/13308595
13192244,2026-07-28,28/07/2026,"31 Glenwood Drive, Bellevue Heights SA 5050",Bellevue Heights,City of Mitcham & Foothills,Private Treaty (Bán thỏa thuận),Undisclosed,,Price Undisclosed,3,2,2,1044m²,8.79,https://www.homely.com.au/homes/31-glenwood-drive-bellevue-heights-sa-5050/13192244
13297720,2026-07-28,28/07/2026,"10 Dudley Road, Marryatville SA 5068",Marryatville,"Norwood, Campbelltown & North-East Core",Private Treaty (Bán thỏa thuận),Undisclosed,,Price Undisclosed,2,1,2,323m²,3.42,https://www.homely.com.au/homes/10-dudley-road-marryatville-sa-5068/13297720
13329074,2026-07-28,28/07/2026,"27B Chapel Street, Magill SA 5072",Magill,"Norwood, Campbelltown & North-East Core",Private Treaty (Bán thỏa thuận),Undisclosed,,Price Undisclosed,2,2,1,320m²,6.32,https://www.homely.com.au/homes/27b-chapel-street-magill-sa-5072/13329074
13291310,2026-07-28,28/07/2026,"10 Hunt Avenue, Tranmere SA 5073",Tranmere,"Norwood, Campbelltown & North-East Core",Private Treaty (Bán thỏa thuận),Undisclosed,,Price Undisclosed,5,2,2,870m²,5.78,https://www.homely.com.au/homes/10-hunt-avenue-tranmere-sa-5073/13291310
13288114,2026-07-28,28/07/2026,"26 William Street, Tea Tree Gully SA 5091",Tea Tree Gully,Adelaide Hills & Tea Tree Gully Safe Enclaves,Private Treaty (Bán thỏa thuận),Undisclosed,,Price Undisclosed,5,3,2,2794m²,16.9,https://www.homely.com.au/homes/26-william-street-tea-tree-gully-sa-5091/13288114
13334060,2026-07-27,27/07/2026,"88 Milan Terrace, Aldgate SA 5154",Aldgate,Adelaide Hills & Tea Tree Gully Safe Enclaves,Private Treaty (Bán thỏa thuận),Disclosed,1310000,"$1,310,000",3,2,2,1460m²,11.23,https://www.homely.com.au/homes/88-milan-terrace-aldgate-sa-5154/13334060
13331796,2026-07-27,27/07/2026,"22 Morton Street, Kidman Park SA 5025",Kidman Park,Western Coastal Corridors,Private Treaty (Bán thỏa thuận),Disclosed,810000,"$810,000",2,1,1,N/A,9.7,https://www.homely.com.au/homes/22-morton-street-kidman-park-sa-5025/13331796
13316024,2026-07-27,27/07/2026,"4/125 Third Avenue, Royston Park SA 5070",Royston Park,"Norwood, Campbelltown & North-East Core",Private Treaty (Bán thỏa thuận),Disclosed,780000,"$780,000",2,1,1,N/A,6.66,https://www.homely.com.au/homes/4-125-third-avenue-royston-park-sa-5070/13316024
13310692,2026-07-27,27/07/2026,"1/3A Arthur Street, Payneham SA 5070",Payneham,"Norwood, Campbelltown & North-East Core",Private Treaty (Bán thỏa thuận),Disclosed,715000,"$715,000",2,1,2,152m²,6.41,https://www.homely.com.au/homes/1-3a-arthur-street-payneham-sa-5070/13310692
13232616,2026-07-27,27/07/2026,"402/1 Banksia Street, Glenside SA 5065",Glenside,City of Burnside & Core East,Private Treaty (Bán thỏa thuận),Disclosed,616000,"$616,000",1,1,1,N/A,2.06,https://www.homely.com.au/homes/402-1-banksia-street-glenside-sa-5065/13232616
13298112,2026-07-27,27/07/2026,"36B Willunga Street, Eden Hills SA 5050",Eden Hills,City of Mitcham & Foothills,Private Treaty (Bán thỏa thuận),Undisclosed,,Price Undisclosed,4,2,3,1989m²,7.12,https://www.homely.com.au/homes/36b-willunga-street-eden-hills-sa-5050/13298112
13274366,2026-07-27,27/07/2026,"28 Thornton Street, Kensington SA 5068",Kensington,"Norwood, Campbelltown & North-East Core",Private Treaty (Bán thỏa thuận),Undisclosed,,Price Undisclosed,3,2,2,N/A,4.96,https://www.homely.com.au/homes/28-thornton-street-kensington-sa-5068/13274366
13309539,2026-07-27,27/07/2026,"2 Kapoola Avenue, Campbelltown SA 5074",Campbelltown,"Norwood, Campbelltown & North-East Core",Private Treaty (Bán thỏa thuận),Undisclosed,,Price Undisclosed,3,1,3,668m²,8.01,https://www.homely.com.au/homes/2-kapoola-avenue-campbelltown-sa-5074/13309539
13315775,2026-07-27,27/07/2026,"35 Windsor Avenue, Magill SA 5072",Magill,"Norwood, Campbelltown & North-East Core",Private Treaty (Bán thỏa thuận),Undisclosed,,Price Undisclosed,4,3,2,390m²,6.32,https://www.homely.com.au/homes/35-windsor-avenue-magill-sa-5072/13315775
13205368,2026-07-27,27/07/2026,"55 Jetty Street, Grange SA 5022",Grange,Western Coastal Corridors,Private Treaty (Bán thỏa thuận),Undisclosed,,Price Undisclosed,4,2,2,349m²,13.92,https://www.homely.com.au/homes/55-jetty-street-grange-sa-5022/13205368
13233649,2026-07-26,26/07/2026,"2A Meath Avenue, Athelstone SA 5076",Athelstone,"Norwood, Campbelltown & North-East Core",Private Treaty (Bán thỏa thuận),Disclosed,875000,"$875,000",4,2,1,355m²,10.85,https://www.homely.com.au/homes/2a-meath-avenue-athelstone-sa-5076/13233649
13312543,2026-07-25,25/07/2026,"39 Briant Road, Magill SA 5072",Magill,"Norwood, Campbelltown & North-East Core",Private Treaty (Bán thỏa thuận),Disclosed,1525000,"$1,525,000",4,2,6,961m²,6.32,https://www.homely.com.au/homes/39-briant-road-magill-sa-5072/13312543
13315242,2026-07-25,25/07/2026,"11 Mumford Avenue, St Agnes SA 5097",St Agnes,Adelaide Hills & Tea Tree Gully Safe Enclaves,Private Treaty (Bán thỏa thuận),Disclosed,880000,"$880,000",4,2,2,695m²,15.94,https://www.homely.com.au/homes/11-mumford-avenue-st-agnes-sa-5097/13315242
13311861,2026-07-25,25/07/2026,"12 Blyth Street, Parkside SA 5063",Parkside,City of Unley & Prestige South,Private Treaty (Bán thỏa thuận),Undisclosed,,Price Undisclosed,3,2,3,601m²,2.43,https://www.homely.com.au/homes/12-blyth-street-parkside-sa-5063/13311861
13316005,2026-07-25,25/07/2026,"7 Winston Crescent, West Beach SA 5024",West Beach,Western Coastal Corridors,Private Treaty (Bán thỏa thuận),Undisclosed,,Price Undisclosed,3,1,2,N/A,11.62,https://www.homely.com.au/homes/7-winston-crescent-west-beach-sa-5024/13316005
13307769,2026-07-25,25/07/2026,"15 Coulls Road, Banksia Park SA 5091",Banksia Park,Adelaide Hills & Tea Tree Gully Safe Enclaves,Private Treaty (Bán thỏa thuận),Undisclosed,,Price Undisclosed,4,2,2,625m²,18.32,https://www.homely.com.au/homes/15-coulls-road-banksia-park-sa-5091/13307769
13224810,2026-07-24,24/07/2026,"20 Glen Avenue, Unley Park SA 5061",Unley Park,City of Unley & Prestige South,Private Treaty (Bán thỏa thuận),Disclosed,2130000,"$2,130,000",3,1,1,853m²,2.78,https://www.homely.com.au/homes/20-glen-avenue-unley-park-sa-5061/13224810
13289631,2026-07-24,24/07/2026,"22 Florence Street, Fullarton SA 5063",Fullarton,City of Unley & Prestige South,Private Treaty (Bán thỏa thuận),Disclosed,1580000,"$1,580,000",4,1,3,704m²,1.24,https://www.homely.com.au/homes/22-florence-street-fullarton-sa-5063/13289631
13283765,2026-07-24,24/07/2026,"13 Norman Terrace, Forestville SA 5035",Forestville,City of Unley & Prestige South,Private Treaty (Bán thỏa thuận),Disclosed,1231000,"$1,231,000",3,1,2,728m²,5.03,https://www.homely.com.au/homes/13-norman-terrace-forestville-sa-5035/13283765
13114832,2026-07-24,24/07/2026,"33 Quinlan Avenue, St Marys SA 5042",St Marys,City of Mitcham & Foothills,Private Treaty (Bán thỏa thuận),Disclosed,1130000,"$1,130,000",3,2,1,439m²,6.81,https://www.homely.com.au/homes/33-quinlan-avenue-st-marys-sa-5042/13114832
13273314,2026-07-24,24/07/2026,"11 Zephyr Court, Surrey Downs SA 5126",Surrey Downs,Adelaide Hills & Tea Tree Gully Safe Enclaves,Private Treaty (Bán thỏa thuận),Disclosed,850500,"$850,500",3,1,2,693m²,19.29,https://www.homely.com.au/homes/11-zephyr-court-surrey-downs-sa-5126/13273314
13302237,2026-07-24,24/07/2026,"5/6 Clifton Street, Hawthorn SA 5062",Hawthorn,City of Mitcham & Foothills,Private Treaty (Bán thỏa thuận),Disclosed,800000,"$800,000",2,1,1,186m²,2.99,https://www.homely.com.au/homes/5-6-clifton-street-hawthorn-sa-5062/13302237
13336934,2026-07-24,24/07/2026,"8/63 Marlborough Street, Malvern SA 5061",Malvern,City of Unley & Prestige South,Private Treaty (Bán thỏa thuận),Undisclosed,,Price Undisclosed,2,1,1,N/A,2.2,https://www.homely.com.au/homes/8-63-marlborough-street-malvern-sa-5061/13336934
13308716,2026-07-24,24/07/2026,"6 Kentucky Court, Panorama SA 5041",Panorama,City of Mitcham & Foothills,Private Treaty (Bán thỏa thuận),Undisclosed,,Price Undisclosed,3,2,4,615m²,5.07,https://www.homely.com.au/homes/6-kentucky-court-panorama-sa-5041/13308716
13339721,2026-07-24,24/07/2026,"24 Drysdale Crescent, Campbelltown SA 5074",Campbelltown,"Norwood, Campbelltown & North-East Core",Private Treaty (Bán thỏa thuận),Undisclosed,,Price Undisclosed,4,2,4,500m²,8.01,https://www.homely.com.au/homes/24-drysdale-crescent-campbelltown-sa-5074/13339721
13273524,2026-07-24,24/07/2026,"4B Newman Street, Magill SA 5072",Magill,"Norwood, Campbelltown & North-East Core",Private Treaty (Bán thỏa thuận),Undisclosed,,Price Undisclosed,4,3,2,200m²,6.32,https://www.homely.com.au/homes/4b-newman-street-magill-sa-5072/13273524
13232691,2026-07-24,24/07/2026,"7 Landal Boulevard, Redwood Park SA 5097",Redwood Park,Adelaide Hills & Tea Tree Gully Safe Enclaves,Private Treaty (Bán thỏa thuận),Undisclosed,,Price Undisclosed,4,2,2,348m²,17.11,https://www.homely.com.au/homes/7-landal-boulevard-redwood-park-sa-5097/13232691
13073332,2026-07-24,24/07/2026,"10 Tongariro Street, Greenwith SA 5125",Greenwith,Adelaide Hills & Tea Tree Gully Safe Enclaves,Private Treaty (Bán thỏa thuận),Undisclosed,,Price Undisclosed,4,2,4,912m²,22.4,https://www.homely.com.au/homes/10-tongariro-street-greenwith-sa-5125/13073332
13029529,2026-07-23,23/07/2026,"7 The Grove, Dulwich SA 5065",Dulwich,City of Burnside & Core East,Private Treaty (Bán thỏa thuận),Disclosed,2400000,"$2,400,000",6,2,4,686m²,2.62,https://www.homely.com.au/homes/7-the-grove-dulwich-sa-5065/13029529
13315078,2026-07-23,23/07/2026,"29D Bricknell Street, Magill SA 5072",Magill,"Norwood, Campbelltown & North-East Core",Private Treaty (Bán thỏa thuận),Disclosed,721000,"$721,000",2,2,1,186m²,6.32,https://www.homely.com.au/homes/29d-bricknell-street-magill-sa-5072/13315078
13250864,2026-07-23,23/07/2026,"3/38 Kitchener Avenue, Dulwich SA 5065",Dulwich,City of Burnside & Core East,Private Treaty (Bán thỏa thuận),Disclosed,595500,"$595,500",1,1,1,51m²,2.62,https://www.homely.com.au/homes/3-38-kitchener-avenue-dulwich-sa-5065/13250864
13326180,2026-07-23,23/07/2026,"3/34 Northgate Street, Unley Park SA 5061",Unley Park,City of Unley & Prestige South,Private Treaty (Bán thỏa thuận),Undisclosed,,Price Undisclosed,2,1,1,N/A,2.78,https://www.homely.com.au/homes/3-34-northgate-street-unley-park-sa-5061/13326180
13249359,2026-07-23,23/07/2026,"26 St Marys Street, St Marys SA 5042",St Marys,City of Mitcham & Foothills,Private Treaty (Bán thỏa thuận),Undisclosed,,Price Undisclosed,2,2,2,300m²,6.81,https://www.homely.com.au/homes/26-st-marys-street-st-marys-sa-5042/13249359
13270286,2026-07-23,23/07/2026,"2 Richland Road, Newton SA 5074",Newton,"Norwood, Campbelltown & North-East Core",Private Treaty (Bán thỏa thuận),Undisclosed,,Price Undisclosed,3,2,2,299m²,9.65,https://www.homely.com.au/homes/2-richland-road-newton-sa-5074/13270286
13318368,2026-07-23,23/07/2026,"37 West Street, Torrensville SA 5031",Torrensville,Western Coastal Corridors,Private Treaty (Bán thỏa thuận),Undisclosed,,Price Undisclosed,3,1,4,622m²,6.47,https://www.homely.com.au/homes/37-west-street-torrensville-sa-5031/13318368
13215264,2026-07-23,23/07/2026,"2/32 Pier Street, Glenelg South SA 5045",Glenelg South,Western Coastal Corridors,Private Treaty (Bán thỏa thuận),Undisclosed,,Price Undisclosed,2,1,1,N/A,11.01,https://www.homely.com.au/homes/2-32-pier-street-glenelg-south-sa-5045/13215264
13343313,2026-07-23,23/07/2026,"37 Lesley Crescent, Crafers SA 5152",Crafers,Adelaide Hills & Tea Tree Gully Safe Enclaves,Private Treaty (Bán thỏa thuận),Undisclosed,,Price Undisclosed,3,1,3,1997m²,7.71,https://www.homely.com.au/homes/37-lesley-crescent-crafers-sa-5152/13343313
13213674,2026-07-22,22/07/2026,"65 Eton Road, Somerton Park SA 5044",Somerton Park,Western Coastal Corridors,Private Treaty (Bán thỏa thuận),Disclosed,3200000,"$3,200,000",5,2,4,890m²,10.75,https://www.homely.com.au/homes/65-eton-road-somerton-park-sa-5044/13213674
13117630,2026-07-22,22/07/2026,"37 Tarlton Street, Somerton Park SA 5044",Somerton Park,Western Coastal Corridors,Private Treaty (Bán thỏa thuận),Disclosed,2350000,"$2,350,000",4,2,2,343m²,10.75,https://www.homely.com.au/homes/37-tarlton-street-somerton-park-sa-5044/13117630
13315619,2026-07-22,22/07/2026,"1A Carey Street, Magill SA 5072",Magill,"Norwood, Campbelltown & North-East Core",Private Treaty (Bán thỏa thuận),Disclosed,1356000,"$1,356,000",3,1,2,300m²,6.32,https://www.homely.com.au/homes/1a-carey-street-magill-sa-5072/13315619
13218959,2026-07-22,22/07/2026,"3/272 Grange Road, Flinders Park SA 5025",Flinders Park,Western Coastal Corridors,Private Treaty (Bán thỏa thuận),Disclosed,810000,"$810,000",3,2,2,N/A,8.61,https://www.homely.com.au/homes/3-272-grange-road-flinders-park-sa-5025/13218959
13174846,2026-07-22,22/07/2026,"1/32 Addison Road, Black Forest SA 5035",Black Forest,City of Unley & Prestige South,Private Treaty (Bán thỏa thuận),Disclosed,782000,"$782,000",2,1,2,N/A,5.38,https://www.homely.com.au/homes/1-32-addison-road-black-forest-sa-5035/13174846
13291841,2026-07-22,22/07/2026,"479 Kensington Road, Rosslyn Park SA 5072",Rosslyn Park,City of Burnside & Core East,Private Treaty (Bán thỏa thuận),Undisclosed,,Price Undisclosed,3,1,1,504m²,5.6,https://www.homely.com.au/homes/479-kensington-road-rosslyn-park-sa-5072/13291841
13228088,2026-07-22,22/07/2026,"13 Cowper Road, Black Forest SA 5035",Black Forest,City of Unley & Prestige South,Private Treaty (Bán thỏa thuận),Undisclosed,,Price Undisclosed,4,2,5,696m²,5.38,https://www.homely.com.au/homes/13-cowper-road-black-forest-sa-5035/13228088
13315444,2026-07-22,22/07/2026,"105 William Street, Norwood SA 5067",Norwood,"Norwood, Campbelltown & North-East Core",Private Treaty (Bán thỏa thuận),Undisclosed,,Price Undisclosed,5,3,3,690m²,4.01,https://www.homely.com.au/homes/105-william-street-norwood-sa-5067/13315444
13317058,2026-07-22,22/07/2026,"12B Leonard Street, Magill SA 5072",Magill,"Norwood, Campbelltown & North-East Core",Private Treaty (Bán thỏa thuận),Undisclosed,,Price Undisclosed,3,2,1,131m²,6.32,https://www.homely.com.au/homes/12b-leonard-street-magill-sa-5072/13317058
13294304,2026-07-22,22/07/2026,"1 Lock Street, Kidman Park SA 5025",Kidman Park,Western Coastal Corridors,Private Treaty (Bán thỏa thuận),Undisclosed,,Price Undisclosed,4,2,2,347m²,9.7,https://www.homely.com.au/homes/1-lock-street-kidman-park-sa-5025/13294304
13307596,2026-07-22,22/07/2026,"8/308 Hancock Road, Surrey Downs SA 5126",Surrey Downs,Adelaide Hills & Tea Tree Gully Safe Enclaves,Private Treaty (Bán thỏa thuận),Undisclosed,,Price Undisclosed,3,1,2,313m²,19.29,https://www.homely.com.au/homes/8-308-hancock-road-surrey-downs-sa-5126/13307596
13233770,2026-07-21,21/07/2026,"173 Wattle Street, Malvern SA 5061",Malvern,City of Unley & Prestige South,Private Treaty (Bán thỏa thuận),Disclosed,2215000,"$2,215,000",3,2,2,557m²,2.2,https://www.homely.com.au/homes/173-wattle-street-malvern-sa-5061/13233770
12958682,2026-07-21,21/07/2026,"1e Campbell Road, Parkside SA 5063",Parkside,City of Unley & Prestige South,Private Treaty (Bán thỏa thuận),Disclosed,1545000,"$1,545,000",4,3,2,N/A,2.43,https://www.homely.com.au/homes/1e-campbell-road-parkside-sa-5063/12958682
13318197,2026-07-21,21/07/2026,"11 Karri Drive, Dernancourt SA 5075",Dernancourt,Adelaide Hills & Tea Tree Gully Safe Enclaves,Private Treaty (Bán thỏa thuận),Disclosed,1210000,"$1,210,000",4,2,2,695m²,11.46,https://www.homely.com.au/homes/11-karri-drive-dernancourt-sa-5075/13318197
13289487,2026-07-21,21/07/2026,"5/2-4 Glen Osmond Road, Parkside SA 5063",Parkside,City of Unley & Prestige South,Private Treaty (Bán thỏa thuận),Disclosed,910000,"$910,000",3,2,2,170m²,2.43,https://www.homely.com.au/homes/5-2-4-glen-osmond-road-parkside-sa-5063/13289487
13311352,2026-07-21,21/07/2026,"3/6 Millar Court, Campbelltown SA 5074",Campbelltown,"Norwood, Campbelltown & North-East Core",Private Treaty (Bán thỏa thuận),Disclosed,820000,"$820,000",3,2,1,127m²,8.01,https://www.homely.com.au/homes/3-6-millar-court-campbelltown-sa-5074/13311352
13321981,2026-07-21,21/07/2026,"209/89 Buchanan Drive, Woodforde SA 5072",Woodforde,Adelaide Hills & Tea Tree Gully Safe Enclaves,Private Treaty (Bán thỏa thuận),Disclosed,510000,"$510,000",1,1,1,N/A,8.35,https://www.homely.com.au/homes/209-89-buchanan-drive-woodforde-sa-5072/13321981
13313254,2026-07-21,21/07/2026,"21 Keith Road, Blackwood SA 5051",Blackwood,City of Mitcham & Foothills,Private Treaty (Bán thỏa thuận),Undisclosed,,Price Undisclosed,3,1,3,1032m²,7.07,https://www.homely.com.au/homes/21-keith-road-blackwood-sa-5051/13313254
13271719,2026-07-21,21/07/2026,"3/12 Marian Road, Payneham SA 5070",Payneham,"Norwood, Campbelltown & North-East Core",Private Treaty (Bán thỏa thuận),Undisclosed,,Price Undisclosed,2,1,1,N/A,6.41,https://www.homely.com.au/homes/3-12-marian-road-payneham-sa-5070/13271719
13177112,2026-07-21,21/07/2026,"68 Swan Street, Grange SA 5022",Grange,Western Coastal Corridors,Private Treaty (Bán thỏa thuận),Undisclosed,,Price Undisclosed,4,5,2,397m²,13.92,https://www.homely.com.au/homes/68-swan-street-grange-sa-5022/13177112
13294996,2026-07-21,21/07/2026,"138 Augusta Street, Glenelg East SA 5045",Glenelg East,Western Coastal Corridors,Private Treaty (Bán thỏa thuận),Undisclosed,,Price Undisclosed,4,2,4,766m²,11.01,https://www.homely.com.au/homes/138-augusta-street-glenelg-east-sa-5045/13294996
13253344,2026-07-20,20/07/2026,"114 Portrush Road, Payneham South SA 5070",Payneham South,"Norwood, Campbelltown & North-East Core",Private Treaty (Bán thỏa thuận),Disclosed,1253000,"$1,253,000",4,2,2,419m²,6.41,https://www.homely.com.au/homes/114-portrush-road-payneham-south-sa-5070/13253344
13284818,2026-07-20,20/07/2026,"85 Military Road, Tennyson SA 5022",Tennyson,Western Coastal Corridors,Private Treaty (Bán thỏa thuận),Disclosed,1193500,"$1,193,500",3,2,2,298m²,15.79,https://www.homely.com.au/homes/85-military-road-tennyson-sa-5022/13284818
13315933,2026-07-20,20/07/2026,"25 Station Avenue, Blackwood SA 5051",Blackwood,City of Mitcham & Foothills,Private Treaty (Bán thỏa thuận),Disclosed,1180000,"$1,180,000",3,2,2,376m²,7.07,https://www.homely.com.au/homes/25-station-avenue-blackwood-sa-5051/13315933
13290625,2026-07-20,20/07/2026,"44 Silcock Circuit, Greenwith SA 5125",Greenwith,Adelaide Hills & Tea Tree Gully Safe Enclaves,Private Treaty (Bán thỏa thuận),Disclosed,950000,"$950,000",4,2,2,607m²,22.4,https://www.homely.com.au/homes/44-silcock-circuit-greenwith-sa-5125/13290625
13272973,2026-07-20,20/07/2026,"5/103 King William Road, Unley SA 5061",Unley,City of Unley & Prestige South,Private Treaty (Bán thỏa thuận),Disclosed,690000,"$690,000",2,1,1,N/A,2.78,https://www.homely.com.au/homes/5-103-king-william-road-unley-sa-5061/13272973
13233546,2026-07-20,20/07/2026,"1/19 Cuthero Terrace, Kensington Gardens SA 5068",Kensington Gardens,City of Burnside & Core East,Private Treaty (Bán thỏa thuận),Undisclosed,,Price Undisclosed,2,1,1,N/A,4.96,https://www.homely.com.au/homes/1-19-cuthero-terrace-kensington-gardens-sa-50/13233546
13312588,2026-07-20,20/07/2026,"5/131 Greenhill Road, Unley SA 5061",Unley,City of Unley & Prestige South,Private Treaty (Bán thỏa thuận),Undisclosed,,Price Undisclosed,1,1,1,N/A,2.78,https://www.homely.com.au/homes/5-131-greenhill-road-unley-sa-5061/13312588
13314664,2026-07-20,20/07/2026,"3 Ashmore Road, Bellevue Heights SA 5050",Bellevue Heights,City of Mitcham & Foothills,Private Treaty (Bán thỏa thuận),Undisclosed,,Price Undisclosed,4,2,2,831m²,8.79,https://www.homely.com.au/homes/3-ashmore-road-bellevue-heights-sa-5050/13314664
13269247,2026-07-20,20/07/2026,"28 Appelbee Crescent, Norwood SA 5067",Norwood,"Norwood, Campbelltown & North-East Core",Private Treaty (Bán thỏa thuận),Undisclosed,,Price Undisclosed,3,1,2,N/A,4.01,https://www.homely.com.au/homes/28-appelbee-crescent-norwood-sa-5067/13269247
13254399,2026-07-20,20/07/2026,"3A Vivien Avenue, Newton SA 5074",Newton,"Norwood, Campbelltown & North-East Core",Private Treaty (Bán thỏa thuận),Undisclosed,,Price Undisclosed,3,2,3,348m²,9.65,https://www.homely.com.au/homes/3a-vivien-avenue-newton-sa-5074/13254399
13233594,2026-07-20,20/07/2026,"6/23 Baker Street, Grange SA 5022",Grange,Western Coastal Corridors,Private Treaty (Bán thỏa thuận),Undisclosed,,Price Undisclosed,3,1,2,N/A,13.92,https://www.homely.com.au/homes/6-23-baker-street-grange-sa-5022/13233594
13314367,2026-07-20,20/07/2026,"18 Monticle Street, Highbury SA 5089",Highbury,Adelaide Hills & Tea Tree Gully Safe Enclaves,Private Treaty (Bán thỏa thuận),Undisclosed,,Price Undisclosed,4,2,5,925m²,12.87,https://www.homely.com.au/homes/18-monticle-street-highbury-sa-5089/13314367
13202553,2026-07-19,19/07/2026,"43A Stradbroke Road, Athelstone SA 5076",Athelstone,"Norwood, Campbelltown & North-East Core",Private Treaty (Bán thỏa thuận),Disclosed,1150000,"$1,150,000",4,2,3,466m²,10.85,https://www.homely.com.au/homes/43a-stradbroke-road-athelstone-sa-5076/13202553
13286766,2026-07-19,19/07/2026,"3 Chisholm Avenue, Burnside SA 5066",Burnside,City of Burnside & Core East,Private Treaty (Bán thỏa thuận),Undisclosed,,Price Undisclosed,4,3,2,765m²,3.83,https://www.homely.com.au/homes/3-chisholm-avenue-burnside-sa-5066/13286766
13285407,2026-07-19,19/07/2026,"11 Waterfall Terrace, Burnside SA 5066",Burnside,City of Burnside & Core East,Private Treaty (Bán thỏa thuận),Undisclosed,,Price Undisclosed,3,1,2,749m²,3.83,https://www.homely.com.au/homes/11-waterfall-terrace-burnside-sa-5066/13285407
13236382,2026-07-19,19/07/2026,"38 Kenilworth Road, Parkside SA 5063",Parkside,City of Unley & Prestige South,Private Treaty (Bán thỏa thuận),Undisclosed,,Price Undisclosed,3,1,2,495m²,2.43,https://www.homely.com.au/homes/38-kenilworth-road-parkside-sa-5063/13236382
13286806,2026-07-19,19/07/2026,"4 & 4A Verona Avenue, Newton SA 5074",Newton,"Norwood, Campbelltown & North-East Core",Private Treaty (Bán thỏa thuận),Undisclosed,,Price Undisclosed,4,2,2,823m²,9.65,https://www.homely.com.au/homes/4-4a-verona-avenue-newton-sa-5074/13286806
13286038,2026-07-19,19/07/2026,"6B Linda Drive, Athelstone SA 5076",Athelstone,"Norwood, Campbelltown & North-East Core",Private Treaty (Bán thỏa thuận),Undisclosed,,Price Undisclosed,3,1,1,357m²,10.85,https://www.homely.com.au/homes/6b-linda-drive-athelstone-sa-5076/13286038
13120887,2026-07-19,19/07/2026,"8/1 Third Avenue, Glenelg East SA 5045",Glenelg East,Western Coastal Corridors,Private Treaty (Bán thỏa thuận),Undisclosed,,Price Undisclosed,2,1,1,N/A,11.01,https://www.homely.com.au/homes/8-1-third-avenue-glenelg-east-sa-5045/13120887
13289972,2026-07-18,18/07/2026,"35 Caulfield Avenue, Cumberland Park SA 5041",Cumberland Park,City of Mitcham & Foothills,Private Treaty (Bán thỏa thuận),Disclosed,2105000,"$2,105,000",3,2,3,715m²,4.27,https://www.homely.com.au/homes/35-caulfield-avenue-cumberland-park-sa-5041/13289972
13278386,2026-07-18,18/07/2026,"14 Willowood Drive, Golden Grove SA 5125",Golden Grove,Adelaide Hills & Tea Tree Gully Safe Enclaves,Private Treaty (Bán thỏa thuận),Disclosed,2050000,"$2,050,000",5,2,2,1367m²,20.78,https://www.homely.com.au/homes/14-willowood-drive-golden-grove-sa-5125/13278386
13286079,2026-07-18,18/07/2026,"24 Gray Street, West Beach SA 5024",West Beach,Western Coastal Corridors,Private Treaty (Bán thỏa thuận),Disclosed,1650000,"$1,650,000",4,2,3,767m²,11.62,https://www.homely.com.au/homes/24-gray-street-west-beach-sa-5024/13286079
13300856,2026-07-18,18/07/2026,"39 Mellor Avenue, Underdale SA 5032",Underdale,Western Coastal Corridors,Private Treaty (Bán thỏa thuận),Disclosed,1380000,"$1,380,000",3,2,2,N/A,7.65,https://www.homely.com.au/homes/39-mellor-avenue-underdale-sa-5032/13300856
13279731,2026-07-18,18/07/2026,"24 Kildare Avenue, Marden SA 5070",Marden,"Norwood, Campbelltown & North-East Core",Private Treaty (Bán thỏa thuận),Disclosed,1325000,"$1,325,000",5,2,2,688m²,6.4,https://www.homely.com.au/homes/24-kildare-avenue-marden-sa-5070/13279731
13283625,2026-07-18,18/07/2026,"14 Glen Avenue, Tranmere SA 5073",Tranmere,"Norwood, Campbelltown & North-East Core",Private Treaty (Bán thỏa thuận),Undisclosed,,Price Undisclosed,3,1,1,845m²,5.78,https://www.homely.com.au/homes/14-glen-avenue-tranmere-sa-5073/13283625
13290761,2026-07-18,18/07/2026,"17 Dillon Avenue, Flinders Park SA 5025",Flinders Park,Western Coastal Corridors,Private Treaty (Bán thỏa thuận),Undisclosed,,Price Undisclosed,4,2,2,602m²,8.61,https://www.homely.com.au/homes/17-dillon-avenue-flinders-park-sa-5025/13290761
13283521,2026-07-18,18/07/2026,"3 Margaret Street, Kidman Park SA 5025",Kidman Park,Western Coastal Corridors,Private Treaty (Bán thỏa thuận),Undisclosed,,Price Undisclosed,3,1,1,612m²,9.7,https://www.homely.com.au/homes/3-margaret-street-kidman-park-sa-5025/13283521
12462651,2026-07-18,18/07/2026,"8 Rostrevor Road, Stirling SA 5152",Stirling,Adelaide Hills & Tea Tree Gully Safe Enclaves,Private Treaty (Bán thỏa thuận),Undisclosed,,Price Undisclosed,5,2,3,2000m²,9.62,https://www.homely.com.au/homes/8-rostrevor-road-stirling-sa-5152/12462651
13180703,2026-07-17,17/07/2026,"35 Arkaba Road, Aldgate SA 5154",Aldgate,Adelaide Hills & Tea Tree Gully Safe Enclaves,Private Treaty (Bán thỏa thuận),Disclosed,1582830,"$1,582,830",4,1,2,1920m²,11.23,https://www.homely.com.au/homes/35-arkaba-road-aldgate-sa-5154/13180703
13272874,2026-07-17,17/07/2026,"22 Kingswood Crescent, Lockleys SA 5032",Lockleys,Western Coastal Corridors,Private Treaty (Bán thỏa thuận),Disclosed,1390000,"$1,390,000",4,2,2,322m²,8.8,https://www.homely.com.au/homes/22-kingswood-crescent-lockleys-sa-5032/13272874
13215708,2026-07-17,17/07/2026,"6 Fairfax Terrace, Torrensville SA 5031",Torrensville,Western Coastal Corridors,Private Treaty (Bán thỏa thuận),Disclosed,1175000,"$1,175,000",3,2,2,341m²,6.47,https://www.homely.com.au/homes/6-fairfax-terrace-torrensville-sa-5031/13215708
13273313,2026-07-17,17/07/2026,"119/27 Colley Terrace, Glenelg SA 5045",Glenelg,Western Coastal Corridors,Private Treaty (Bán thỏa thuận),Disclosed,970000,"$970,000",2,1,2,N/A,11.01,https://www.homely.com.au/homes/119-27-colley-terrace-glenelg-sa-5045/13273313
13086200,2026-07-17,17/07/2026,"2/1 Benson Street, Norwood SA 5067",Norwood,"Norwood, Campbelltown & North-East Core",Private Treaty (Bán thỏa thuận),Disclosed,850000,"$850,000",2,1,1,286m²,4.01,https://www.homely.com.au/homes/2-1-benson-street-norwood-sa-5067/13086200
13176261,2026-07-17,17/07/2026,"40 Greville Avenue, Flinders Park SA 5025",Flinders Park,Western Coastal Corridors,Private Treaty (Bán thỏa thuận),Disclosed,850000,"$850,000",3,1,1,514m²,8.61,https://www.homely.com.au/homes/40-greville-avenue-flinders-park-sa-5025/13176261
13295255,2026-07-17,17/07/2026,"28 Samuel Court, Greenwith SA 5125",Greenwith,Adelaide Hills & Tea Tree Gully Safe Enclaves,Private Treaty (Bán thỏa thuận),Disclosed,800000,"$800,000",3,1,1,313m²,22.4,https://www.homely.com.au/homes/28-samuel-court-greenwith-sa-5125/13295255
13314467,2026-07-17,17/07/2026,"54 Auricchio Avenue, St Marys SA 5042",St Marys,City of Mitcham & Foothills,Private Treaty (Bán thỏa thuận),Disclosed,750000,"$750,000",2,1,1,565m²,6.81,https://www.homely.com.au/homes/54-auricchio-avenue-st-marys-sa-5042/13314467
13190972,2026-07-17,17/07/2026,"7/6 Christie Avenue, Toorak Gardens SA 5065",Toorak Gardens,City of Burnside & Core East,Private Treaty (Bán thỏa thuận),Undisclosed,,Price Undisclosed,2,1,1,N/A,2.68,https://www.homely.com.au/homes/7-6-christie-avenue-toorak-gardens-sa-5065/13190972
13299066,2026-07-17,17/07/2026,"7/11 Hawthorn Crescent, Hazelwood Park SA 5066",Hazelwood Park,City of Burnside & Core East,Private Treaty (Bán thỏa thuận),Undisclosed,,Price Undisclosed,1,1,1,N/A,3.55,https://www.homely.com.au/homes/7-11-hawthorn-crescent-hazelwood-park-sa-5066/13299066
13280139,2026-07-17,17/07/2026,"24 Dryandra Drive, Belair SA 5052",Belair,City of Mitcham & Foothills,Private Treaty (Bán thỏa thuận),Undisclosed,,Price Undisclosed,3,2,2,1412m²,4.42,https://www.homely.com.au/homes/24-dryandra-drive-belair-sa-5052/13280139
13024584,2026-07-17,17/07/2026,"24 Dunbar Terrace, Glenelg East SA 5045",Glenelg East,Western Coastal Corridors,Private Treaty (Bán thỏa thuận),Undisclosed,,Price Undisclosed,5,3,5,882m²,11.01,https://www.homely.com.au/homes/24-dunbar-terrace-glenelg-east-sa-5045/13024584
13220798,2026-07-17,17/07/2026,"5 De Castella Avenue, Wynn Vale SA 5127",Wynn Vale,Adelaide Hills & Tea Tree Gully Safe Enclaves,Private Treaty (Bán thỏa thuận),Undisclosed,,Price Undisclosed,3,1,1,645m²,18.49,https://www.homely.com.au/homes/5-de-castella-avenue-wynn-vale-sa-5127/13220798
13092817,2026-07-17,17/07/2026,"1/3 Arthur Street, Ridgehaven SA 5097",Ridgehaven,Adelaide Hills & Tea Tree Gully Safe Enclaves,Private Treaty (Bán thỏa thuận),Undisclosed,,Price Undisclosed,2,1,1,201m²,16.48,https://www.homely.com.au/homes/1-3-arthur-street-ridgehaven-sa-5097/13092817
13231789,2026-07-16,16/07/2026,"1A Laurence Street, Lower Mitcham SA 5062",Lower Mitcham,City of Mitcham & Foothills,Private Treaty (Bán thỏa thuận),Disclosed,2000000,"$2,000,000",4,2,2,518m²,2.68,https://www.homely.com.au/homes/1a-laurence-street-lower-mitcham-sa-5062/13231789
13290438,2026-07-16,16/07/2026,"18C Neath Avenue, South Brighton SA 5048",South Brighton,Western Coastal Corridors,Private Treaty (Bán thỏa thuận),Disclosed,1200000,"$1,200,000",4,2,3,362m²,12.37,https://www.homely.com.au/homes/18c-neath-avenue-south-brighton-sa-5048/13290438
13125844,2026-07-16,16/07/2026,"9A Ronald Terrace, Glenelg North SA 5045",Glenelg North,Western Coastal Corridors,Private Treaty (Bán thỏa thuận),Disclosed,900000,"$900,000",3,1,4,N/A,11.01,https://www.homely.com.au/homes/9a-ronald-terrace-glenelg-north-sa-5045/13125844
13310683,2026-07-16,16/07/2026,"102/69 Troubridge Drive, West Lakes SA 5021",West Lakes,Western Coastal Corridors,Private Treaty (Bán thỏa thuận),Disclosed,833000,"$833,000",2,2,2,N/A,14.63,https://www.homely.com.au/homes/102-69-troubridge-drive-west-lakes-sa-5021/13310683
13156119,2026-07-16,16/07/2026,"15/27 Tudor Street, Dulwich SA 5065",Dulwich,City of Burnside & Core East,Private Treaty (Bán thỏa thuận),Disclosed,660000,"$660,000",2,1,1,N/A,2.62,https://www.homely.com.au/homes/15-27-tudor-street-dulwich-sa-5065/13156119
13118032,2026-07-16,16/07/2026,"6/55 Augusta Street, Glenelg East SA 5045",Glenelg East,Western Coastal Corridors,Private Treaty (Bán thỏa thuận),Disclosed,630000,"$630,000",2,1,1,N/A,11.01,https://www.homely.com.au/homes/6-55-augusta-street-glenelg-east-sa-5045/13118032
13313987,2026-07-16,16/07/2026,"44 Commercial Road, Hyde Park SA 5061",Hyde Park,City of Unley & Prestige South,Private Treaty (Bán thỏa thuận),Undisclosed,,Price Undisclosed,3,2,2,N/A,3.2,https://www.homely.com.au/homes/44-commercial-road-hyde-park-sa-5061/13313987
13281383,2026-07-16,16/07/2026,"304/2 The Pinery, West Lakes SA 5021",West Lakes,Western Coastal Corridors,Private Treaty (Bán thỏa thuận),Undisclosed,,Price Undisclosed,2,2,2,N/A,14.63,https://www.homely.com.au/homes/304-2-the-pinery-west-lakes-sa-5021/13281383
13308493,2026-07-16,16/07/2026,"7 Viewpoint Court, Wynn Vale SA 5127",Wynn Vale,Adelaide Hills & Tea Tree Gully Safe Enclaves,Private Treaty (Bán thỏa thuận),Undisclosed,,Price Undisclosed,5,3,2,809m²,18.49,https://www.homely.com.au/homes/7-viewpoint-court-wynn-vale-sa-5127/13308493
13308791,2026-07-16,16/07/2026,"11/19 Susan Street, St Agnes SA 5097",St Agnes,Adelaide Hills & Tea Tree Gully Safe Enclaves,Private Treaty (Bán thỏa thuận),Undisclosed,,Price Undisclosed,2,1,1,235m²,15.94,https://www.homely.com.au/homes/11-19-susan-street-st-agnes-sa-5097/13308791
13230189,2026-07-16,16/07/2026,"271 Smart Road, St Agnes SA 5097",St Agnes,Adelaide Hills & Tea Tree Gully Safe Enclaves,Private Treaty (Bán thỏa thuận),Undisclosed,,Price Undisclosed,4,2,2,645m²,15.94,https://www.homely.com.au/homes/271-smart-road-st-agnes-sa-5097/13230189
13179307,2026-07-15,15/07/2026,"45A Webb Street, Henley Beach SA 5022",Henley Beach,Western Coastal Corridors,Private Treaty (Bán thỏa thuận),Disclosed,1875000,"$1,875,000",4,3,4,355m²,12.15,https://www.homely.com.au/homes/45a-webb-street-henley-beach-sa-5022/13179307
13233569,2026-07-15,15/07/2026,"15 Gum Grove, Belair SA 5052",Belair,City of Mitcham & Foothills,Private Treaty (Bán thỏa thuận),Disclosed,1346000,"$1,346,000",4,2,2,1980m²,4.42,https://www.homely.com.au/homes/15-gum-grove-belair-sa-5052/13233569
13292594,2026-07-15,15/07/2026,"2 Gaffney Place, Hectorville SA 5073",Hectorville,"Norwood, Campbelltown & North-East Core",Private Treaty (Bán thỏa thuận),Disclosed,950000,"$950,000",3,1,2,739m²,6.98,https://www.homely.com.au/homes/2-gaffney-place-hectorville-sa-5073/13292594
13254046,2026-07-15,15/07/2026,"3/32 Maxwell Terrace, Glenelg East SA 5045",Glenelg East,Western Coastal Corridors,Private Treaty (Bán thỏa thuận),Disclosed,695000,"$695,000",2,1,1,N/A,11.01,https://www.homely.com.au/homes/3-32-maxwell-terrace-glenelg-east-sa-5045/13254046
13273450,2026-07-15,15/07/2026,"46 Torrens Street, Linden Park SA 5065",Linden Park,City of Burnside & Core East,Private Treaty (Bán thỏa thuận),Undisclosed,,Price Undisclosed,2,1,1,N/A,2.36,https://www.homely.com.au/homes/46-torrens-street-linden-park-sa-5065/13273450
13292254,2026-07-15,15/07/2026,"3/9 Kerta Weeta Avenue, Black Forest SA 5035",Black Forest,City of Unley & Prestige South,Private Treaty (Bán thỏa thuận),Undisclosed,,Price Undisclosed,2,1,1,N/A,5.38,https://www.homely.com.au/homes/3-9-kerta-weeta-avenue-black-forest-sa-5035/13292254
13157228,2026-07-15,15/07/2026,"25 Emily Avenue, Clapham SA 5062",Clapham,City of Mitcham & Foothills,Private Treaty (Bán thỏa thuận),Undisclosed,,Price Undisclosed,4,2,3,825m²,4.05,https://www.homely.com.au/homes/25-emily-avenue-clapham-sa-5062/13157228
13316195,2026-07-15,15/07/2026,"1 Brightview Avenue, Blackwood SA 5051",Blackwood,City of Mitcham & Foothills,Private Treaty (Bán thỏa thuận),Undisclosed,,Price Undisclosed,4,2,2,998m²,7.07,https://www.homely.com.au/homes/1-brightview-avenue-blackwood-sa-5051/13316195
13297547,2026-07-15,15/07/2026,"4 Beta Crescent, Panorama SA 5041",Panorama,City of Mitcham & Foothills,Private Treaty (Bán thỏa thuận),Undisclosed,,Price Undisclosed,4,2,4,1198m²,5.07,https://www.homely.com.au/homes/4-beta-crescent-panorama-sa-5041/13297547
13295374,2026-07-15,15/07/2026,"8 Jean Avenue, Paradise SA 5075",Paradise,"Norwood, Campbelltown & North-East Core",Private Treaty (Bán thỏa thuận),Undisclosed,,Price Undisclosed,3,1,2,643m²,9.59,https://www.homely.com.au/homes/8-jean-avenue-paradise-sa-5075/13295374
13284355,2026-07-15,15/07/2026,"16 Ballad Avenue, Paradise SA 5075",Paradise,"Norwood, Campbelltown & North-East Core",Private Treaty (Bán thỏa thuận),Undisclosed,,Price Undisclosed,4,1,2,689m²,9.59,https://www.homely.com.au/homes/16-ballad-avenue-paradise-sa-5075/13284355
13243585,2026-07-15,15/07/2026,"25 Packer Crescent, Paradise SA 5075",Paradise,"Norwood, Campbelltown & North-East Core",Private Treaty (Bán thỏa thuận),Undisclosed,,Price Undisclosed,4,2,1,561m²,9.59,https://www.homely.com.au/homes/25-packer-crescent-paradise-sa-5075/13243585
13226314,2026-07-15,15/07/2026,"21 Adele Avenue, Kidman Park SA 5025",Kidman Park,Western Coastal Corridors,Private Treaty (Bán thỏa thuận),Undisclosed,,Price Undisclosed,4,2,1,702m²,9.7,https://www.homely.com.au/homes/21-adele-avenue-kidman-park-sa-5025/13226314
13188483,2026-07-14,14/07/2026,"7 Robsart Street, Parkside SA 5063",Parkside,City of Unley & Prestige South,Private Treaty (Bán thỏa thuận),Disclosed,1750000,"$1,750,000",4,2,2,790m²,2.43,https://www.homely.com.au/homes/7-robsart-street-parkside-sa-5063/13188483
13233317,2026-07-14,14/07/2026,"16 Merlin Road, Fulham Gardens SA 5024",Fulham Gardens,Western Coastal Corridors,Private Treaty (Bán thỏa thuận),Disclosed,1300000,"$1,300,000",3,2,1,700m²,10.46,https://www.homely.com.au/homes/16-merlin-road-fulham-gardens-sa-5024/13233317
13173773,2026-07-14,14/07/2026,"11 Laburnum Drive, Greenwith SA 5125",Greenwith,Adelaide Hills & Tea Tree Gully Safe Enclaves,Private Treaty (Bán thỏa thuận),Disclosed,1150000,"$1,150,000",4,2,5,881m²,22.4,https://www.homely.com.au/homes/11-laburnum-drive-greenwith-sa-5125/13173773
13300174,2026-07-14,14/07/2026,"22 Kauri Road, Hawthorndene SA 5051",Hawthorndene,City of Mitcham & Foothills,Private Treaty (Bán thỏa thuận),Disclosed,1010000,"$1,010,000",3,2,2,1284m²,2.99,https://www.homely.com.au/homes/22-kauri-road-hawthorndene-sa-5051/13300174
13232675,2026-07-14,14/07/2026,"10A Pendeen Street, Golden Grove SA 5125",Golden Grove,Adelaide Hills & Tea Tree Gully Safe Enclaves,Private Treaty (Bán thỏa thuận),Disclosed,725000,"$725,000",3,2,2,N/A,20.78,https://www.homely.com.au/homes/10a-pendeen-street-golden-grove-sa-5125/13232675
13230875,2026-07-14,14/07/2026,"5/20 Lincoln Street, Kensington Gardens SA 5068",Kensington Gardens,City of Burnside & Core East,Private Treaty (Bán thỏa thuận),Disclosed,652500,"$652,500",2,1,2,N/A,4.96,https://www.homely.com.au/homes/5-20-lincoln-street-kensington-gardens-sa-506/13230875
13294665,2026-07-14,14/07/2026,"2 Clovelly Avenue, Hove SA 5048",Hove,Western Coastal Corridors,Private Treaty (Bán thỏa thuận),Undisclosed,,Price Undisclosed,4,2,4,1014m²,12.45,https://www.homely.com.au/homes/2-clovelly-avenue-hove-sa-5048/13294665
13274110,2026-07-13,13/07/2026,"27 Myall Avenue, Kensington Gardens SA 5068",Kensington Gardens,City of Burnside & Core East,Private Treaty (Bán thỏa thuận),Disclosed,2850000,"$2,850,000",4,2,2,719m²,4.96,https://www.homely.com.au/homes/27-myall-avenue-kensington-gardens-sa-5068/13274110
13254808,2026-07-13,13/07/2026,"47A Arthur Street, Tranmere SA 5073",Tranmere,"Norwood, Campbelltown & North-East Core",Private Treaty (Bán thỏa thuận),Disclosed,1310000,"$1,310,000",3,2,2,371m²,5.78,https://www.homely.com.au/homes/47a-arthur-street-tranmere-sa-5073/13254808
13233112,2026-07-13,13/07/2026,"302/256 The Parade, Norwood SA 5067",Norwood,"Norwood, Campbelltown & North-East Core",Private Treaty (Bán thỏa thuận),Disclosed,900000,"$900,000",2,2,1,N/A,4.01,https://www.homely.com.au/homes/302-256-the-parade-norwood-sa-5067/13233112
13229679,2026-07-13,13/07/2026,"1/17 David Avenue, Glenelg North SA 5045",Glenelg North,Western Coastal Corridors,Private Treaty (Bán thỏa thuận),Disclosed,680000,"$680,000",2,1,1,127m²,11.01,https://www.homely.com.au/homes/1-17-david-avenue-glenelg-north-sa-5045/13229679
13272877,2026-07-13,13/07/2026,"12 Robinson Avenue, Beaumont SA 5066",Beaumont,City of Burnside & Core East,Private Treaty (Bán thỏa thuận),Undisclosed,,Price Undisclosed,4,2,3,1257m²,3.12,https://www.homely.com.au/homes/12-robinson-avenue-beaumont-sa-5066/13272877
13293320,2026-07-13,13/07/2026,"1 Alton Avenue, Torrens Park SA 5062",Torrens Park,City of Mitcham & Foothills,Private Treaty (Bán thỏa thuận),Undisclosed,,Price Undisclosed,4,1,4,1154m²,2.77,https://www.homely.com.au/homes/1-alton-avenue-torrens-park-sa-5062/13293320
13293457,2026-07-13,13/07/2026,"2/83 Cashel Street, Pasadena SA 5042",Pasadena,City of Mitcham & Foothills,Private Treaty (Bán thỏa thuận),Undisclosed,,Price Undisclosed,2,1,1,N/A,6.11,https://www.homely.com.au/homes/2-83-cashel-street-pasadena-sa-5042/13293457
13289488,2026-07-12,12/07/2026,"19a Sexton Road, Brighton SA 5048",Brighton,Western Coastal Corridors,Private Treaty (Bán thỏa thuận),Disclosed,1100000,"$1,100,000",3,2,2,N/A,12.37,https://www.homely.com.au/homes/19a-sexton-road-brighton-sa-5048/13289488
13265558,2026-07-12,12/07/2026,"2 Raymel Court, Campbelltown SA 5074",Campbelltown,"Norwood, Campbelltown & North-East Core",Private Treaty (Bán thỏa thuận),Disclosed,925000,"$925,000",3,1,2,646m²,8.01,https://www.homely.com.au/homes/2-raymel-court-campbelltown-sa-5074/13265558
13072786,2026-07-12,12/07/2026,"3 Morland Avenue, Stonyfell SA 5066",Stonyfell,City of Burnside & Core East,Private Treaty (Bán thỏa thuận),Undisclosed,,Price Undisclosed,4,2,4,715m²,4.88,https://www.homely.com.au/homes/3-morland-avenue-stonyfell-sa-5066/13072786
13267371,2026-07-11,11/07/2026,"4A Buttery Avenue, Rostrevor SA 5073",Rostrevor,"Norwood, Campbelltown & North-East Core",Private Treaty (Bán thỏa thuận),Disclosed,1062000,"$1,062,000",3,2,1,357m²,8.04,https://www.homely.com.au/homes/4a-buttery-avenue-rostrevor-sa-5073/13267371
13228079,2026-07-11,11/07/2026,"20 Vagnoni Avenue, Paradise SA 5075",Paradise,"Norwood, Campbelltown & North-East Core",Private Treaty (Bán thỏa thuận),Disclosed,1050000,"$1,050,000",3,2,4,733m²,9.59,https://www.homely.com.au/homes/20-vagnoni-avenue-paradise-sa-5075/13228079
13267929,2026-07-11,11/07/2026,"1/28 Moseley Street, Glenelg SA 5045",Glenelg,Western Coastal Corridors,Private Treaty (Bán thỏa thuận),Disclosed,915000,"$915,000",2,1,1,238m²,11.01,https://www.homely.com.au/homes/1-28-moseley-street-glenelg-sa-5045/13267929
13297462,2026-07-10,10/07/2026,"14 Parham Road, Eden Hills SA 5050",Eden Hills,City of Mitcham & Foothills,Private Treaty (Bán thỏa thuận),Disclosed,1575000,"$1,575,000",3,2,2,493m²,7.12,https://www.homely.com.au/homes/14-parham-road-eden-hills-sa-5050/13297462
13266552,2026-07-10,10/07/2026,"37 Boyd Crescent, West Lakes Shore SA 5020",West Lakes Shore,Western Coastal Corridors,Private Treaty (Bán thỏa thuận),Disclosed,1321000,"$1,321,000",3,2,2,N/A,14.63,https://www.homely.com.au/homes/37-boyd-crescent-west-lakes-shore-sa-5020/13266552
13059335,2026-07-10,10/07/2026,"4A Edison Street, Glenelg North SA 5045",Glenelg North,Western Coastal Corridors,Private Treaty (Bán thỏa thuận),Disclosed,1189000,"$1,189,000",3,2,2,352m²,11.01,https://www.homely.com.au/homes/4a-edison-street-glenelg-north-sa-5045/13059335
13227459,2026-07-10,10/07/2026,"4/14 Teak Street, Campbelltown SA 5074",Campbelltown,"Norwood, Campbelltown & North-East Core",Private Treaty (Bán thỏa thuận),Disclosed,819000,"$819,000",3,2,1,N/A,8.01,https://www.homely.com.au/homes/4-14-teak-street-campbelltown-sa-5074/13227459
13167946,2026-07-10,10/07/2026,"5/412 Yatala Vale Road, Surrey Downs SA 5126",Surrey Downs,Adelaide Hills & Tea Tree Gully Safe Enclaves,Private Treaty (Bán thỏa thuận),Disclosed,760000,"$760,000",3,1,2,210m²,19.29,https://www.homely.com.au/homes/5-412-yatala-vale-road-surrey-downs-sa-5126/13167946
11908622,2026-07-10,10/07/2026,"20/404 Payneham Road, Glynde SA 5070",Glynde,"Norwood, Campbelltown & North-East Core",Private Treaty (Bán thỏa thuận),Undisclosed,,Price Undisclosed,2,2,1,N/A,6.67,https://www.homely.com.au/homes/20-404-payneham-road-glynde-sa-5070/11908622
13269310,2026-07-09,09/07/2026,"17 Ayton Avenue, Fulham SA 5024",Fulham,Western Coastal Corridors,Private Treaty (Bán thỏa thuận),Disclosed,1510000,"$1,510,000",3,1,6,696m²,10.46,https://www.homely.com.au/homes/17-ayton-avenue-fulham-sa-5024/13269310
13289486,2026-07-09,09/07/2026,"15A Kauri Parade, Seacliff SA 5049",Seacliff,Western Coastal Corridors,Private Treaty (Bán thỏa thuận),Disclosed,1360000,"$1,360,000",3,2,2,355m²,13.63,https://www.homely.com.au/homes/15a-kauri-parade-seacliff-sa-5049/13289486
13263700,2026-07-09,09/07/2026,"6 Oak Avenue, Bridgewater SA 5155",Bridgewater,Adelaide Hills & Tea Tree Gully Safe Enclaves,Private Treaty (Bán thỏa thuận),Disclosed,1070000,"$1,070,000",3,1,2,927m²,13.23,https://www.homely.com.au/homes/6-oak-avenue-bridgewater-sa-5155/13263700
12662017,2026-07-09,09/07/2026,"9C Wilford Avenue, Underdale SA 5032",Underdale,Western Coastal Corridors,Private Treaty (Bán thỏa thuận),Disclosed,900000,"$900,000",4,2,2,N/A,7.65,https://www.homely.com.au/homes/9c-wilford-avenue-underdale-sa-5032/12662017
13254087,2026-07-09,09/07/2026,"11/27 Trevelyan Street, Wayville SA 5034",Wayville,City of Unley & Prestige South,Private Treaty (Bán thỏa thuận),Disclosed,695000,"$695,000",3,1,2,N/A,4.45,https://www.homely.com.au/homes/11-27-trevelyan-street-wayville-sa-5034/13254087
13290640,2026-07-09,09/07/2026,"2/54 Cashel Street, St Marys SA 5042",St Marys,City of Mitcham & Foothills,Private Treaty (Bán thỏa thuận),Disclosed,610000,"$610,000",2,1,2,N/A,6.81,https://www.homely.com.au/homes/2-54-cashel-street-st-marys-sa-5042/13290640
13214582,2026-07-09,09/07/2026,"2/47 Cator Street, Glenside SA 5065",Glenside,City of Burnside & Core East,Private Treaty (Bán thỏa thuận),Disclosed,550000,"$550,000",1,1,1,N/A,2.06,https://www.homely.com.au/homes/2-47-cator-street-glenside-sa-5065/13214582
13271917,2026-07-09,09/07/2026,"1 Kurralta Drive, Burnside SA 5066",Burnside,City of Burnside & Core East,Private Treaty (Bán thỏa thuận),Undisclosed,,Price Undisclosed,3,3,2,786m²,3.83,https://www.homely.com.au/homes/1-kurralta-drive-burnside-sa-5066/13271917
13131445,2026-07-09,09/07/2026,"2/14 Weller Street, Goodwood SA 5034",Goodwood,City of Unley & Prestige South,Private Treaty (Bán thỏa thuận),Undisclosed,,Price Undisclosed,2,1,1,N/A,4.14,https://www.homely.com.au/homes/2-14-weller-street-goodwood-sa-5034/13131445
13200729,2026-07-09,09/07/2026,"62 Montacute Road, Hectorville SA 5073",Hectorville,"Norwood, Campbelltown & North-East Core",Private Treaty (Bán thỏa thuận),Undisclosed,,Price Undisclosed,4,2,4,605m²,6.98,https://www.homely.com.au/homes/62-montacute-road-hectorville-sa-5073/13200729
13234578,2026-07-09,09/07/2026,"16A Glen Avon Terrace, Ridgehaven SA 5097",Ridgehaven,Adelaide Hills & Tea Tree Gully Safe Enclaves,Private Treaty (Bán thỏa thuận),Undisclosed,,Price Undisclosed,3,2,2,361m²,16.48,https://www.homely.com.au/homes/16a-glen-avon-terrace-ridgehaven-sa-5097/13234578
13283274,2026-07-09,09/07/2026,"44 Corbusier Drive, St Agnes SA 5097",St Agnes,Adelaide Hills & Tea Tree Gully Safe Enclaves,Private Treaty (Bán thỏa thuận),Undisclosed,,Price Undisclosed,3,1,2,850m²,15.94,https://www.homely.com.au/homes/44-corbusier-drive-st-agnes-sa-5097/13283274
13294666,2026-07-08,08/07/2026,"87 Seventh Avenue, St Peters SA 5069",St Peters,"Norwood, Campbelltown & North-East Core",Private Treaty (Bán thỏa thuận),Disclosed,2600000,"$2,600,000",4,2,2,766m²,5.12,https://www.homely.com.au/homes/87-seventh-avenue-st-peters-sa-5069/13294666
13089948,2026-07-08,08/07/2026,"65 Cedar Avenue, South Brighton SA 5048",South Brighton,Western Coastal Corridors,Private Treaty (Bán thỏa thuận),Disclosed,2400000,"$2,400,000",5,3,3,674m²,12.37,https://www.homely.com.au/homes/65-cedar-avenue-south-brighton-sa-5048/13089948
13268302,2026-07-08,08/07/2026,"16 Weemala Crescent, Rostrevor SA 5073",Rostrevor,"Norwood, Campbelltown & North-East Core",Private Treaty (Bán thỏa thuận),Disclosed,1810000,"$1,810,000",5,2,2,1117m²,8.04,https://www.homely.com.au/homes/16-weemala-crescent-rostrevor-sa-5073/13268302
13213521,2026-07-08,08/07/2026,"127 Halsey Road, Henley Beach South SA 5022",Henley Beach South,Western Coastal Corridors,Private Treaty (Bán thỏa thuận),Disclosed,1740000,"$1,740,000",4,2,2,404m²,12.15,https://www.homely.com.au/homes/127-halsey-road-henley-beach-south-sa-5022/13213521
13193689,2026-07-08,08/07/2026,"40 Leamington Road, Aldgate SA 5154",Aldgate,Adelaide Hills & Tea Tree Gully Safe Enclaves,Private Treaty (Bán thỏa thuận),Disclosed,1600000,"$1,600,000",4,2,2,2750m²,11.23,https://www.homely.com.au/homes/40-leamington-road-aldgate-sa-5154/13193689
13194767,2026-07-08,08/07/2026,"9 Thurles Street, St Marys SA 5042",St Marys,City of Mitcham & Foothills,Private Treaty (Bán thỏa thuận),Disclosed,987500,"$987,500",3,2,3,488m²,6.81,https://www.homely.com.au/homes/9-thurles-street-st-marys-sa-5042/13194767
13267544,2026-07-08,08/07/2026,"27 Malpas Street, Rostrevor SA 5073",Rostrevor,"Norwood, Campbelltown & North-East Core",Private Treaty (Bán thỏa thuận),Disclosed,785000,"$785,000",3,1,1,401m²,8.04,https://www.homely.com.au/homes/27-malpas-street-rostrevor-sa-5073/13267544
13270113,2026-07-08,08/07/2026,"14/152 Montacute Road, Rostrevor SA 5073",Rostrevor,"Norwood, Campbelltown & North-East Core",Private Treaty (Bán thỏa thuận),Disclosed,641000,"$641,000",2,1,1,N/A,8.04,https://www.homely.com.au/homes/14-152-montacute-road-rostrevor-sa-5073/13270113
13153166,2026-07-08,08/07/2026,"16 May Terrace, Kensington Park SA 5068",Kensington Park,City of Burnside & Core East,Private Treaty (Bán thỏa thuận),Undisclosed,,Price Undisclosed,4,2,4,627m²,4.1,https://www.homely.com.au/homes/16-may-terrace-kensington-park-sa-5068/13153166
13272304,2026-07-08,08/07/2026,"4/2 Cross Street, Fullarton SA 5063",Fullarton,City of Unley & Prestige South,Private Treaty (Bán thỏa thuận),Undisclosed,,Price Undisclosed,3,1,2,N/A,1.24,https://www.homely.com.au/homes/4-2-cross-street-fullarton-sa-5063/13272304
13291587,2026-07-08,08/07/2026,"26B Kitchener Street, Netherby SA 5062",Netherby,City of Mitcham & Foothills,Private Treaty (Bán thỏa thuận),Undisclosed,,Price Undisclosed,3,2,1,N/A,1.27,https://www.homely.com.au/homes/26b-kitchener-street-netherby-sa-5062/13291587
13263694,2026-07-08,08/07/2026,"8 Gough Crescent, Firle SA 5070",Firle,"Norwood, Campbelltown & North-East Core",Private Treaty (Bán thỏa thuận),Undisclosed,,Price Undisclosed,3,1,2,568m²,5.69,https://www.homely.com.au/homes/8-gough-crescent-firle-sa-5070/13263694
13273173,2026-07-08,08/07/2026,"35B Arthur Street, Tranmere SA 5073",Tranmere,"Norwood, Campbelltown & North-East Core",Private Treaty (Bán thỏa thuận),Undisclosed,,Price Undisclosed,5,2,4,390m²,5.78,https://www.homely.com.au/homes/35b-arthur-street-tranmere-sa-5073/13273173
13054844,2026-07-08,08/07/2026,"53 Mabel Street, Stirling SA 5152",Stirling,Adelaide Hills & Tea Tree Gully Safe Enclaves,Private Treaty (Bán thỏa thuận),Undisclosed,,Price Undisclosed,3,1,1,N/A,9.62,https://www.homely.com.au/homes/53-mabel-street-stirling-sa-5152/13054844
13120471,2026-07-07,07/07/2026,"6 Bindarra Road, Brighton SA 5048",Brighton,Western Coastal Corridors,Private Treaty (Bán thỏa thuận),Disclosed,2750000,"$2,750,000",5,2,2,771m²,12.37,https://www.homely.com.au/homes/6-bindarra-road-brighton-sa-5048/13120471
13252246,2026-07-07,07/07/2026,"30 Cambridge Avenue, West Beach SA 5024",West Beach,Western Coastal Corridors,Private Treaty (Bán thỏa thuận),Disclosed,1850000,"$1,850,000",4,3,3,340m²,11.62,https://www.homely.com.au/homes/30-cambridge-avenue-west-beach-sa-5024/13252246
13236165,2026-07-07,07/07/2026,"6 Ashburton Avenue, West Lakes Shore SA 5020",West Lakes Shore,Western Coastal Corridors,Private Treaty (Bán thỏa thuận),Disclosed,1560000,"$1,560,000",4,3,4,352m²,14.63,https://www.homely.com.au/homes/6-ashburton-avenue-west-lakes-shore-sa-5020/13236165
13252359,2026-07-07,07/07/2026,"26 White Sands Drive, West Beach SA 5024",West Beach,Western Coastal Corridors,Private Treaty (Bán thỏa thuận),Disclosed,1435000,"$1,435,000",3,2,2,395m²,11.62,https://www.homely.com.au/homes/26-white-sands-drive-west-beach-sa-5024/13252359
13172764,2026-07-07,07/07/2026,"6/28 Ormond Avenue, Daw Park SA 5041",Daw Park,City of Mitcham & Foothills,Private Treaty (Bán thỏa thuận),Disclosed,531000,"$531,000",1,1,1,N/A,5.41,https://www.homely.com.au/homes/6-28-ormond-avenue-daw-park-sa-5041/13172764
13177543,2026-07-07,07/07/2026,"22 Gothic Avenue, Stonyfell SA 5066",Stonyfell,City of Burnside & Core East,Private Treaty (Bán thỏa thuận),Undisclosed,,Price Undisclosed,4,2,2,520m²,4.88,https://www.homely.com.au/homes/22-gothic-avenue-stonyfell-sa-5066/13177543
13218897,2026-07-07,07/07/2026,"17 Gladstone Street, Fullarton SA 5063",Fullarton,City of Unley & Prestige South,Private Treaty (Bán thỏa thuận),Undisclosed,,Price Undisclosed,3,2,3,625m²,1.24,https://www.homely.com.au/homes/17-gladstone-street-fullarton-sa-5063/13218897
13208999,2026-07-07,07/07/2026,"4 Birksgate Drive, Urrbrae SA 5064",Urrbrae,City of Mitcham & Foothills,Private Treaty (Bán thỏa thuận),Undisclosed,,Price Undisclosed,4,3,2,707m²,1.55,https://www.homely.com.au/homes/4-birksgate-drive-urrbrae-sa-5064/13208999
13249652,2026-07-07,07/07/2026,"12 Mitchell Crescent, Pasadena SA 5042",Pasadena,City of Mitcham & Foothills,Private Treaty (Bán thỏa thuận),Undisclosed,,Price Undisclosed,4,2,2,1114m²,6.11,https://www.homely.com.au/homes/12-mitchell-crescent-pasadena-sa-5042/13249652
13254165,2026-07-07,07/07/2026,"17 Clarke Street, Norwood SA 5067",Norwood,"Norwood, Campbelltown & North-East Core",Private Treaty (Bán thỏa thuận),Undisclosed,,Price Undisclosed,3,2,2,N/A,4.01,https://www.homely.com.au/homes/17-clarke-street-norwood-sa-5067/13254165
13234759,2026-07-06,06/07/2026,"11 Raymel Crescent, Campbelltown SA 5074",Campbelltown,"Norwood, Campbelltown & North-East Core",Private Treaty (Bán thỏa thuận),Disclosed,1295000,"$1,295,000",4,2,2,595m²,8.01,https://www.homely.com.au/homes/11-raymel-crescent-campbelltown-sa-5074/13234759
13196167,2026-07-06,06/07/2026,"3 Tolmer Court, Mitcham SA 5062",Mitcham,City of Mitcham & Foothills,Private Treaty (Bán thỏa thuận),Disclosed,1250000,"$1,250,000",4,2,2,640m²,2.68,https://www.homely.com.au/homes/3-tolmer-court-mitcham-sa-5062/13196167
13232445,2026-07-06,06/07/2026,"25 David Avenue, Glenelg North SA 5045",Glenelg North,Western Coastal Corridors,Private Treaty (Bán thỏa thuận),Disclosed,1250000,"$1,250,000",3,1,1,680m²,11.01,https://www.homely.com.au/homes/25-david-avenue-glenelg-north-sa-5045/13232445
13252461,2026-07-06,06/07/2026,"80A Cashel Street, St Marys SA 5042",St Marys,City of Mitcham & Foothills,Private Treaty (Bán thỏa thuận),Disclosed,1040000,"$1,040,000",3,2,2,N/A,6.81,https://www.homely.com.au/homes/80a-cashel-street-st-marys-sa-5042/13252461
13263245,2026-07-06,06/07/2026,"1/52 Dunbar Terrace, Glenelg East SA 5045",Glenelg East,Western Coastal Corridors,Private Treaty (Bán thỏa thuận),Disclosed,1025000,"$1,025,000",3,1,1,308m²,11.01,https://www.homely.com.au/homes/1-52-dunbar-terrace-glenelg-east-sa-5045/13263245
13251057,2026-07-06,06/07/2026,"22B Norton Summit Road, Magill SA 5072",Magill,"Norwood, Campbelltown & North-East Core",Private Treaty (Bán thỏa thuận),Disclosed,871000,"$871,000",3,2,2,252m²,6.32,https://www.homely.com.au/homes/22b-norton-summit-road-magill-sa-5072/13251057
13244078,2026-07-06,06/07/2026,"396 Milne Road, Redwood Park SA 5097",Redwood Park,Adelaide Hills & Tea Tree Gully Safe Enclaves,Private Treaty (Bán thỏa thuận),Disclosed,870000,"$870,000",3,1,2,530m²,17.11,https://www.homely.com.au/homes/396-milne-road-redwood-park-sa-5097/13244078
13253429,2026-07-06,06/07/2026,"142 Reid Avenue, Magill SA 5072",Magill,"Norwood, Campbelltown & North-East Core",Private Treaty (Bán thỏa thuận),Disclosed,850000,"$850,000",2,1,1,370m²,6.32,https://www.homely.com.au/homes/142-reid-avenue-magill-sa-5072/13253429
13245592,2026-07-06,06/07/2026,"1/11 Barnett Avenue, St Marys SA 5042",St Marys,City of Mitcham & Foothills,Private Treaty (Bán thỏa thuận),Disclosed,708000,"$708,000",2,1,1,193m²,6.81,https://www.homely.com.au/homes/1-11-barnett-avenue-st-marys-sa-5042/13245592
13101194,2026-07-06,06/07/2026,"540a Milne Road, Redwood Park SA 5097",Redwood Park,Adelaide Hills & Tea Tree Gully Safe Enclaves,Private Treaty (Bán thỏa thuận),Disclosed,485000,"$485,000",3,1,1,350m²,17.11,https://www.homely.com.au/homes/540a-milne-road-redwood-park-sa-5097/13101194
13210580,2026-07-06,06/07/2026,"8 Lambeth Walk, Kings Park SA 5034",Kings Park,City of Unley & Prestige South,Private Treaty (Bán thỏa thuận),Undisclosed,,Price Undisclosed,3,2,8,2523m²,3.59,https://www.homely.com.au/homes/8-lambeth-walk-kings-park-sa-5034/13210580
13270761,2026-07-06,06/07/2026,"1/58 Princes Road, Torrens Park SA 5062",Torrens Park,City of Mitcham & Foothills,Private Treaty (Bán thỏa thuận),Undisclosed,,Price Undisclosed,2,1,1,342m²,2.77,https://www.homely.com.au/homes/1-58-princes-road-torrens-park-sa-5062/13270761
13273874,2026-07-06,06/07/2026,"1B Perry Lane, Eden Hills SA 5050",Eden Hills,City of Mitcham & Foothills,Private Treaty (Bán thỏa thuận),Undisclosed,,Price Undisclosed,4,1,4,1303m²,7.12,https://www.homely.com.au/homes/1b-perry-lane-eden-hills-sa-5050/13273874
13248461,2026-07-06,06/07/2026,"5 Alpha Road, Bellevue Heights SA 5050",Bellevue Heights,City of Mitcham & Foothills,Private Treaty (Bán thỏa thuận),Undisclosed,,Price Undisclosed,4,2,2,693m²,8.79,https://www.homely.com.au/homes/5-alpha-road-bellevue-heights-sa-5050/13248461
13293394,2026-07-06,06/07/2026,"28A Bolingbroke Avenue, Henley Beach SA 5022",Henley Beach,Western Coastal Corridors,Private Treaty (Bán thỏa thuận),Undisclosed,,Price Undisclosed,3,1,1,337m²,12.15,https://www.homely.com.au/homes/28a-bolingbroke-avenue-henley-beach-sa-5022/13293394
13175689,2026-07-06,06/07/2026,"13 Cottesloe Street, West Beach SA 5024",West Beach,Western Coastal Corridors,Private Treaty (Bán thỏa thuận),Undisclosed,,Price Undisclosed,4,2,2,406m²,11.62,https://www.homely.com.au/homes/13-cottesloe-street-west-beach-sa-5024/13175689
13028560,2026-07-06,06/07/2026,"5 Angove Park Drive, Tea Tree Gully SA 5091",Tea Tree Gully,Adelaide Hills & Tea Tree Gully Safe Enclaves,Private Treaty (Bán thỏa thuận),Undisclosed,,Price Undisclosed,3,2,2,533m²,16.9,https://www.homely.com.au/homes/5-angove-park-drive-tea-tree-gully-sa-5091/13028560
13253832,2026-07-06,06/07/2026,"15 Wirilda Avenue, Surrey Downs SA 5126",Surrey Downs,Adelaide Hills & Tea Tree Gully Safe Enclaves,Private Treaty (Bán thỏa thuận),Undisclosed,,Price Undisclosed,3,1,1,570m²,19.29,https://www.homely.com.au/homes/15-wirilda-avenue-surrey-downs-sa-5126/13253832
13250858,2026-07-05,05/07/2026,"11 Mara Place, West Lakes SA 5021",West Lakes,Western Coastal Corridors,Private Treaty (Bán thỏa thuận),Undisclosed,,Price Undisclosed,4,2,1,570m²,14.63,https://www.homely.com.au/homes/11-mara-place-west-lakes-sa-5021/13250858
13235490,2026-07-05,05/07/2026,"3/11 Kelsey Street, Kidman Park SA 5025",Kidman Park,Western Coastal Corridors,Private Treaty (Bán thỏa thuận),Undisclosed,,Price Undisclosed,3,2,1,N/A,9.7,https://www.homely.com.au/homes/3-11-kelsey-street-kidman-park-sa-5025/13235490
13252245,2026-07-04,04/07/2026,"48 Northgate Street, Unley Park SA 5061",Unley Park,City of Unley & Prestige South,Private Treaty (Bán thỏa thuận),Disclosed,1690000,"$1,690,000",4,2,2,481m²,2.78,https://www.homely.com.au/homes/48-northgate-street-unley-park-sa-5061/13252245
13253882,2026-07-04,04/07/2026,"23 Ontario Avenue, Panorama SA 5041",Panorama,City of Mitcham & Foothills,Private Treaty (Bán thỏa thuận),Disclosed,1150000,"$1,150,000",3,1,2,700m²,5.07,https://www.homely.com.au/homes/23-ontario-avenue-panorama-sa-5041/13253882
13248086,2026-07-04,04/07/2026,"12A Keyes Street, Linden Park SA 5065",Linden Park,City of Burnside & Core East,Private Treaty (Bán thỏa thuận),Undisclosed,,Price Undisclosed,3,2,2,399m²,2.36,https://www.homely.com.au/homes/12a-keyes-street-linden-park-sa-5065/13248086
13248892,2026-07-04,04/07/2026,"11 Lorenz Street, Campbelltown SA 5074",Campbelltown,"Norwood, Campbelltown & North-East Core",Private Treaty (Bán thỏa thuận),Undisclosed,,Price Undisclosed,3,1,1,740m²,8.01,https://www.homely.com.au/homes/11-lorenz-street-campbelltown-sa-5074/13248892
13241484,2026-07-03,03/07/2026,"1 Snow Street, Glen Osmond SA 5064",Glen Osmond,City of Burnside & Core East,Private Treaty (Bán thỏa thuận),Disclosed,2500000,"$2,500,000",5,3,8,1924m²,1.36,https://www.homely.com.au/homes/1-snow-street-glen-osmond-sa-5064/13241484
13081707,2026-07-03,03/07/2026,"21 Hamilton Street, Somerton Park SA 5044",Somerton Park,Western Coastal Corridors,Private Treaty (Bán thỏa thuận),Disclosed,2400000,"$2,400,000",4,2,2,323m²,10.75,https://www.homely.com.au/homes/21-hamilton-street-somerton-park-sa-5044/13081707
13175700,2026-07-03,03/07/2026,"2/220 Esplanade, Seacliff SA 5049",Seacliff,Western Coastal Corridors,Private Treaty (Bán thỏa thuận),Disclosed,2000000,"$2,000,000",4,3,2,N/A,13.63,https://www.homely.com.au/homes/2-220-esplanade-seacliff-sa-5049/13175700
13249185,2026-07-03,03/07/2026,"12 Cairns Street, Norwood SA 5067",Norwood,"Norwood, Campbelltown & North-East Core",Private Treaty (Bán thỏa thuận),Disclosed,1310000,"$1,310,000",3,1,3,371m²,4.01,https://www.homely.com.au/homes/12-cairns-street-norwood-sa-5067/13249185
13252017,2026-07-03,03/07/2026,"10/8 Overbury Drive, Clarence Park SA 5034",Clarence Park,City of Unley & Prestige South,Private Treaty (Bán thỏa thuận),Disclosed,600000,"$600,000",2,1,1,N/A,4.54,https://www.homely.com.au/homes/10-8-overbury-drive-clarence-park-sa-5034/13252017
13215251,2026-07-03,03/07/2026,"13/46 Military Road, West Beach SA 5024",West Beach,Western Coastal Corridors,Private Treaty (Bán thỏa thuận),Disclosed,575000,"$575,000",2,1,1,N/A,11.62,https://www.homely.com.au/homes/13-46-military-road-west-beach-sa-5024/13215251
13159593,2026-07-03,03/07/2026,"33 Watson Avenue, Rose Park SA 5067",Rose Park,City of Burnside & Core East,Private Treaty (Bán thỏa thuận),Undisclosed,,Price Undisclosed,4,3,2,N/A,3.37,https://www.homely.com.au/homes/33-watson-avenue-rose-park-sa-5067/13159593
13102392,2026-07-03,03/07/2026,"40 Winchester Street, St Peters SA 5069",St Peters,"Norwood, Campbelltown & North-East Core",Private Treaty (Bán thỏa thuận),Undisclosed,,Price Undisclosed,4,2,2,892m²,5.12,https://www.homely.com.au/homes/40-winchester-street-st-peters-sa-5069/13102392
13161334,2026-07-03,03/07/2026,"2 Smith Court, Redwood Park SA 5097",Redwood Park,Adelaide Hills & Tea Tree Gully Safe Enclaves,Private Treaty (Bán thỏa thuận),Undisclosed,,Price Undisclosed,3,1,1,650m²,17.11,https://www.homely.com.au/homes/2-smith-court-redwood-park-sa-5097/13161334
13273608,2026-07-02,02/07/2026,"58 Moseley Street, Glenelg South SA 5045",Glenelg South,Western Coastal Corridors,Private Treaty (Bán thỏa thuận),Disclosed,1435000,"$1,435,000",3,1,2,319m²,11.01,https://www.homely.com.au/homes/58-moseley-street-glenelg-south-sa-5045/13273608
13232210,2026-07-02,02/07/2026,"3/47 Devon Street, Goodwood SA 5034",Goodwood,City of Unley & Prestige South,Private Treaty (Bán thỏa thuận),Disclosed,1250000,"$1,250,000",2,1,1,273m²,4.14,https://www.homely.com.au/homes/3-47-devon-street-goodwood-sa-5034/13232210
13234098,2026-07-02,02/07/2026,"1/2 Fourth Avenue, Glenelg East SA 5045",Glenelg East,Western Coastal Corridors,Private Treaty (Bán thỏa thuận),Disclosed,840000,"$840,000",2,1,2,N/A,11.01,https://www.homely.com.au/homes/1-2-fourth-avenue-glenelg-east-sa-5045/13234098
13226124,2026-07-02,02/07/2026,"1/23 Howard Street, Underdale SA 5032",Underdale,Western Coastal Corridors,Private Treaty (Bán thỏa thuận),Disclosed,735000,"$735,000",2,1,1,284m²,7.65,https://www.homely.com.au/homes/1-23-howard-street-underdale-sa-5032/13226124
13210291,2026-07-02,02/07/2026,"14 Day Avenue, Rostrevor SA 5073",Rostrevor,"Norwood, Campbelltown & North-East Core",Private Treaty (Bán thỏa thuận),Undisclosed,,Price Undisclosed,2,1,1,N/A,8.04,https://www.homely.com.au/homes/14-day-avenue-rostrevor-sa-5073/13210291
13232649,2026-07-02,02/07/2026,"4/83 Hayward Avenue, Torrensville SA 5031",Torrensville,Western Coastal Corridors,Private Treaty (Bán thỏa thuận),Undisclosed,,Price Undisclosed,2,1,1,153m²,6.47,https://www.homely.com.au/homes/4-83-hayward-avenue-torrensville-sa-5031/13232649
13210959,2026-07-02,02/07/2026,"8 Lucy May Drive, Seacliff SA 5049",Seacliff,Western Coastal Corridors,Private Treaty (Bán thỏa thuận),Undisclosed,,Price Undisclosed,3,1,1,302m²,13.63,https://www.homely.com.au/homes/8-lucy-may-drive-seacliff-sa-5049/13210959
13247070,2026-07-02,02/07/2026,"18 Valley View Drive, Highbury SA 5089",Highbury,Adelaide Hills & Tea Tree Gully Safe Enclaves,Private Treaty (Bán thỏa thuận),Undisclosed,,Price Undisclosed,4,2,3,1020m²,12.87,https://www.homely.com.au/homes/18-valley-view-drive-highbury-sa-5089/13247070
13209570,2026-07-01,01/07/2026,"5 Braeside Avenue, Myrtle Bank SA 5064",Myrtle Bank,City of Burnside & Core East,Private Treaty (Bán thỏa thuận),Disclosed,1500000,"$1,500,000",4,3,5,742m²,0.09,https://www.homely.com.au/homes/5-braeside-avenue-myrtle-bank-sa-5064/13209570
13235785,2026-07-01,01/07/2026,"9/39 Jetty Road, Brighton SA 5048",Brighton,Western Coastal Corridors,Private Treaty (Bán thỏa thuận),Disclosed,911000,"$911,000",2,1,2,N/A,12.37,https://www.homely.com.au/homes/9-39-jetty-road-brighton-sa-5048/13235785
13206207,2026-07-01,01/07/2026,"18 Clover Court, Wynn Vale SA 5127",Wynn Vale,Adelaide Hills & Tea Tree Gully Safe Enclaves,Private Treaty (Bán thỏa thuận),Disclosed,750000,"$750,000",3,2,1,468m²,18.49,https://www.homely.com.au/homes/18-clover-court-wynn-vale-sa-5127/13206207
13249334,2026-07-01,01/07/2026,"7/2 Davis Street, Norwood SA 5067",Norwood,"Norwood, Campbelltown & North-East Core",Private Treaty (Bán thỏa thuận),Disclosed,570000,"$570,000",2,1,1,N/A,4.01,https://www.homely.com.au/homes/7-2-davis-street-norwood-sa-5067/13249334
13218064,2026-07-01,01/07/2026,"25 Gurney Road, Dulwich SA 5065",Dulwich,City of Burnside & Core East,Private Treaty (Bán thỏa thuận),Undisclosed,,Price Undisclosed,4,2,2,794m²,2.62,https://www.homely.com.au/homes/25-gurney-road-dulwich-sa-5065/13218064
12534979,2026-07-01,01/07/2026,"23 Wootoona Terrace, St Georges SA 5064",St Georges,City of Burnside & Core East,Private Treaty (Bán thỏa thuận),Undisclosed,,Price Undisclosed,3,1,1,4064m²,1.58,https://www.homely.com.au/homes/23-wootoona-terrace-st-georges-sa-5064/12534979
13081848,2026-07-01,01/07/2026,"17 Hughes Street, Unley SA 5061",Unley,City of Unley & Prestige South,Private Treaty (Bán thỏa thuận),Undisclosed,,Price Undisclosed,3,1,3,900m²,2.78,https://www.homely.com.au/homes/17-hughes-street-unley-sa-5061/13081848
13149453,2026-07-01,01/07/2026,"2 Orchard Grove, Hawthorndene SA 5051",Hawthorndene,City of Mitcham & Foothills,Private Treaty (Bán thỏa thuận),Undisclosed,,Price Undisclosed,4,3,6,700m²,2.99,https://www.homely.com.au/homes/2-orchard-grove-hawthorndene-sa-5051/13149453
13153994,2026-07-01,01/07/2026,"1 Springbank Road, Colonel Light Gardens SA 5041",Colonel Light Gardens,City of Mitcham & Foothills,Private Treaty (Bán thỏa thuận),Undisclosed,,Price Undisclosed,4,2,2,640m²,4.41,https://www.homely.com.au/homes/1-springbank-road-colonel-light-gardens-sa-50/13153994
13231761,2026-07-01,01/07/2026,"8C Kerry Street, Campbelltown SA 5074",Campbelltown,"Norwood, Campbelltown & North-East Core",Private Treaty (Bán thỏa thuận),Undisclosed,,Price Undisclosed,3,2,1,N/A,8.01,https://www.homely.com.au/homes/8c-kerry-street-campbelltown-sa-5074/13231761
13255198,2026-07-01,01/07/2026,"2B Hazelwood Avenue, Hectorville SA 5073",Hectorville,"Norwood, Campbelltown & North-East Core",Private Treaty (Bán thỏa thuận),Undisclosed,,Price Undisclosed,4,3,2,245m²,6.98,https://www.homely.com.au/homes/2b-hazelwood-avenue-hectorville-sa-5073/13255198
13219638,2026-07-01,01/07/2026,"40 Parry Avenue, Somerton Park SA 5044",Somerton Park,Western Coastal Corridors,Private Treaty (Bán thỏa thuận),Undisclosed,,Price Undisclosed,3,2,2,394m²,10.75,https://www.homely.com.au/homes/40-parry-avenue-somerton-park-sa-5044/13219638
13174840,2026-07-01,01/07/2026,"33 Towers Road, Bridgewater SA 5155",Bridgewater,Adelaide Hills & Tea Tree Gully Safe Enclaves,Private Treaty (Bán thỏa thuận),Undisclosed,,Price Undisclosed,4,2,5,1095m²,13.23,https://www.homely.com.au/homes/33-towers-road-bridgewater-sa-5155/13174840
13128615,2026-07-01,01/07/2026,"10 Blanche Street, Ridgehaven SA 5097",Ridgehaven,Adelaide Hills & Tea Tree Gully Safe Enclaves,Private Treaty (Bán thỏa thuận),Undisclosed,,Price Undisclosed,3,1,1,809m²,16.48,https://www.homely.com.au/homes/10-blanche-street-ridgehaven-sa-5097/13128615
13117338,2026-06-30,30/06/2026,"27 Gamma Crescent, Panorama SA 5041",Panorama,City of Mitcham & Foothills,Private Treaty (Bán thỏa thuận),Disclosed,1820000,"$1,820,000",5,3,6,920m²,5.07,https://www.homely.com.au/homes/27-gamma-crescent-panorama-sa-5041/13117338
13233728,2026-06-30,30/06/2026,"10 Cuthbert Court, Golden Grove SA 5125",Golden Grove,Adelaide Hills & Tea Tree Gully Safe Enclaves,Private Treaty (Bán thỏa thuận),Disclosed,1085000,"$1,085,000",3,2,2,680m²,20.78,https://www.homely.com.au/homes/10-cuthbert-court-golden-grove-sa-5125/13233728
13244030,2026-06-30,30/06/2026,"12C Hambledon Road, Campbelltown SA 5074",Campbelltown,"Norwood, Campbelltown & North-East Core",Private Treaty (Bán thỏa thuận),Disclosed,1080000,"$1,080,000",4,3,2,223m²,8.01,https://www.homely.com.au/homes/12c-hambledon-road-campbelltown-sa-5074/13244030
13128931,2026-06-30,30/06/2026,"7/1 Moorea Court, West Lakes SA 5021",West Lakes,Western Coastal Corridors,Private Treaty (Bán thỏa thuận),Disclosed,789000,"$789,000",2,1,3,N/A,14.63,https://www.homely.com.au/homes/7-1-moorea-court-west-lakes-sa-5021/13128931
13185882,2026-06-30,30/06/2026,"1/21 McDiarmid Avenue, Pasadena SA 5042",Pasadena,City of Mitcham & Foothills,Private Treaty (Bán thỏa thuận),Disclosed,665000,"$665,000",2,1,2,N/A,6.11,https://www.homely.com.au/homes/1-21-mcdiarmid-avenue-pasadena-sa-5042/13185882
13232017,2026-06-30,30/06/2026,"17 Porter Street, Parkside SA 5063",Parkside,City of Unley & Prestige South,Private Treaty (Bán thỏa thuận),Undisclosed,,Price Undisclosed,2,1,1,N/A,2.43,https://www.homely.com.au/homes/17-porter-street-parkside-sa-5063/13232017
13250218,2026-06-30,30/06/2026,"33 Laffers Road, Belair SA 5052",Belair,City of Mitcham & Foothills,Private Treaty (Bán thỏa thuận),Undisclosed,,Price Undisclosed,4,2,4,1275m²,4.42,https://www.homely.com.au/homes/33-laffers-road-belair-sa-5052/13250218
13253806,2026-06-30,30/06/2026,"37 Sheldon Street, Norwood SA 5067",Norwood,"Norwood, Campbelltown & North-East Core",Private Treaty (Bán thỏa thuận),Undisclosed,,Price Undisclosed,3,2,2,N/A,4.01,https://www.homely.com.au/homes/37-sheldon-street-norwood-sa-5067/13253806
13233886,2026-06-30,30/06/2026,"41 Willow Bend, Marden SA 5070",Marden,"Norwood, Campbelltown & North-East Core",Private Treaty (Bán thỏa thuận),Undisclosed,,Price Undisclosed,5,3,2,554m²,6.4,https://www.homely.com.au/homes/41-willow-bend-marden-sa-5070/13233886
13233520,2026-06-30,30/06/2026,"24A Esplanade, Somerton Park SA 5044",Somerton Park,Western Coastal Corridors,Private Treaty (Bán thỏa thuận),Undisclosed,,Price Undisclosed,4,3,2,379m²,10.75,https://www.homely.com.au/homes/24a-esplanade-somerton-park-sa-5044/13233520
13231283,2026-06-29,29/06/2026,"1A Brecon Street, Lockleys SA 5032",Lockleys,Western Coastal Corridors,Private Treaty (Bán thỏa thuận),Disclosed,2325000,"$2,325,000",4,4,2,412m²,8.8,https://www.homely.com.au/homes/1a-brecon-street-lockleys-sa-5032/13231283
13252942,2026-06-29,29/06/2026,"64 Main Road, Belair SA 5052",Belair,City of Mitcham & Foothills,Private Treaty (Bán thỏa thuận),Disclosed,1410000,"$1,410,000",5,2,4,1589m²,4.42,https://www.homely.com.au/homes/64-main-road-belair-sa-5052/13252942
13199197,2026-06-29,29/06/2026,"29 Highland Drive, Bellevue Heights SA 5050",Bellevue Heights,City of Mitcham & Foothills,Private Treaty (Bán thỏa thuận),Disclosed,1163000,"$1,163,000",3,1,5,1199m²,8.79,https://www.homely.com.au/homes/29-highland-drive-bellevue-heights-sa-5050/13199197
13227181,2026-06-29,29/06/2026,"15 Johnson Court, Golden Grove SA 5125",Golden Grove,Adelaide Hills & Tea Tree Gully Safe Enclaves,Private Treaty (Bán thỏa thuận),Disclosed,1078000,"$1,078,000",4,2,2,406m²,20.78,https://www.homely.com.au/homes/15-johnson-court-golden-grove-sa-5125/13227181
12982435,2026-06-29,29/06/2026,"2/94 Cross Road, Highgate SA 5063",Highgate,City of Unley & Prestige South,Private Treaty (Bán thỏa thuận),Disclosed,1025000,"$1,025,000",3,2,2,N/A,0.84,https://www.homely.com.au/homes/2-94-cross-road-highgate-sa-5063/12982435
13236048,2026-06-29,29/06/2026,"2/1A Carr Avenue, Frewville SA 5063",Frewville,City of Burnside & Core East,Private Treaty (Bán thỏa thuận),Disclosed,1010000,"$1,010,000",2,1,3,N/A,1.7,https://www.homely.com.au/homes/2-1a-carr-avenue-frewville-sa-5063/13236048
13182340,2026-06-29,29/06/2026,"15 Jeanes Avenue, Glenelg North SA 5045",Glenelg North,Western Coastal Corridors,Private Treaty (Bán thỏa thuận),Disclosed,1010000,"$1,010,000",3,1,1,557m²,11.01,https://www.homely.com.au/homes/15-jeanes-avenue-glenelg-north-sa-5045/13182340
13182315,2026-06-29,29/06/2026,"10/23 Colley Terrace, Glenelg SA 5045",Glenelg,Western Coastal Corridors,Private Treaty (Bán thỏa thuận),Disclosed,715000,"$715,000",2,1,1,N/A,11.01,https://www.homely.com.au/homes/10-23-colley-terrace-glenelg-sa-5045/13182315
13232540,2026-06-29,29/06/2026,"8/26 Malaga Crescent, Wynn Vale SA 5127",Wynn Vale,Adelaide Hills & Tea Tree Gully Safe Enclaves,Private Treaty (Bán thỏa thuận),Disclosed,645000,"$645,000",2,1,2,N/A,18.49,https://www.homely.com.au/homes/8-26-malaga-crescent-wynn-vale-sa-5127/13232540
13254525,2026-06-29,29/06/2026,"70a Fisher Street, Fullarton SA 5063",Fullarton,City of Unley & Prestige South,Private Treaty (Bán thỏa thuận),Undisclosed,,Price Undisclosed,3,2,2,506m²,1.24,https://www.homely.com.au/homes/70a-fisher-street-fullarton-sa-5063/13254525
13251989,2026-06-29,29/06/2026,"8 Beaconsfield Street, Fullarton SA 5063",Fullarton,City of Unley & Prestige South,Private Treaty (Bán thỏa thuận),Undisclosed,,Price Undisclosed,4,2,2,446m²,1.24,https://www.homely.com.au/homes/8-beaconsfield-street-fullarton-sa-5063/13251989
13254435,2026-06-29,29/06/2026,"36 Westmoreland Road, Grange SA 5022",Grange,Western Coastal Corridors,Private Treaty (Bán thỏa thuận),Undisclosed,,Price Undisclosed,4,3,2,348m²,13.92,https://www.homely.com.au/homes/36-westmoreland-road-grange-sa-5022/13254435
13228914,2026-06-28,28/06/2026,"22 Scott Street, Firle SA 5070",Firle,"Norwood, Campbelltown & North-East Core",Private Treaty (Bán thỏa thuận),Disclosed,1500000,"$1,500,000",3,1,6,N/A,5.69,https://www.homely.com.au/homes/22-scott-street-firle-sa-5070/13228914
13233231,2026-06-28,28/06/2026,"26 Wilton Terrace, Torrensville SA 5031",Torrensville,Western Coastal Corridors,Private Treaty (Bán thỏa thuận),Undisclosed,,Price Undisclosed,3,1,3,581m²,6.47,https://www.homely.com.au/homes/26-wilton-terrace-torrensville-sa-5031/13233231
13252208,2026-06-28,28/06/2026,"74/13 South Esplanade, Glenelg SA 5045",Glenelg,Western Coastal Corridors,Private Treaty (Bán thỏa thuận),Undisclosed,,Price Undisclosed,1,1,1,N/A,11.01,https://www.homely.com.au/homes/74-13-south-esplanade-glenelg-sa-5045/13252208
13232794,2026-06-27,27/06/2026,"83 Cumberland Avenue, Cumberland Park SA 5041",Cumberland Park,City of Mitcham & Foothills,Private Treaty (Bán thỏa thuận),Disclosed,1650000,"$1,650,000",5,2,3,657m²,4.27,https://www.homely.com.au/homes/83-cumberland-avenue-cumberland-park-sa-5041/13232794
13232483,2026-06-27,27/06/2026,"140 Cross Road, Highgate SA 5063",Highgate,City of Unley & Prestige South,Private Treaty (Bán thỏa thuận),Disclosed,1575000,"$1,575,000",5,2,2,731m²,0.84,https://www.homely.com.au/homes/140-cross-road-highgate-sa-5063/13232483
13225359,2026-06-27,27/06/2026,"15 Beasley Street, Marden SA 5070",Marden,"Norwood, Campbelltown & North-East Core",Private Treaty (Bán thỏa thuận),Disclosed,1300000,"$1,300,000",3,1,1,741m²,6.4,https://www.homely.com.au/homes/15-beasley-street-marden-sa-5070/13225359
13060034,2026-06-27,27/06/2026,"24 Devereux Road, Hazelwood Park SA 5066",Hazelwood Park,City of Burnside & Core East,Private Treaty (Bán thỏa thuận),Undisclosed,,Price Undisclosed,4,1,2,670m²,3.55,https://www.homely.com.au/homes/24-devereux-road-hazelwood-park-sa-5066/13060034
13229745,2026-06-27,27/06/2026,"38 Austral Avenue, Linden Park SA 5065",Linden Park,City of Burnside & Core East,Private Treaty (Bán thỏa thuận),Undisclosed,,Price Undisclosed,3,1,2,346m²,2.36,https://www.homely.com.au/homes/38-austral-avenue-linden-park-sa-5065/13229745
13231958,2026-06-27,27/06/2026,"29 College Drive, Rostrevor SA 5073",Rostrevor,"Norwood, Campbelltown & North-East Core",Private Treaty (Bán thỏa thuận),Undisclosed,,Price Undisclosed,4,1,4,640m²,8.04,https://www.homely.com.au/homes/29-college-drive-rostrevor-sa-5073/13231958
13058753,2026-06-27,27/06/2026,"9 MacQuarrie Court, West Lakes Shore SA 5020",West Lakes Shore,Western Coastal Corridors,Private Treaty (Bán thỏa thuận),Undisclosed,,Price Undisclosed,4,3,2,311m²,14.63,https://www.homely.com.au/homes/9-macquarrie-court-west-lakes-shore-sa-5020/13058753
13226754,2026-06-27,27/06/2026,"5 Anne Street, Ridgehaven SA 5097",Ridgehaven,Adelaide Hills & Tea Tree Gully Safe Enclaves,Private Treaty (Bán thỏa thuận),Undisclosed,,Price Undisclosed,4,2,2,384m²,16.48,https://www.homely.com.au/homes/5-anne-street-ridgehaven-sa-5097/13226754
13211222,2026-06-27,27/06/2026,"239 Smart Road, St Agnes SA 5097",St Agnes,Adelaide Hills & Tea Tree Gully Safe Enclaves,Private Treaty (Bán thỏa thuận),Undisclosed,,Price Undisclosed,3,2,2,297m²,15.94,https://www.homely.com.au/homes/239-smart-road-st-agnes-sa-5097/13211222
13235729,2026-06-26,26/06/2026,"33 Harrow Terrace, Kingswood SA 5062",Kingswood,City of Mitcham & Foothills,Private Treaty (Bán thỏa thuận),Disclosed,1618888,"$1,618,888",3,1,2,696m²,1.95,https://www.homely.com.au/homes/33-harrow-terrace-kingswood-sa-5062/13235729
13233789,2026-06-26,26/06/2026,"4 Tassie Street, Glenelg SA 5045",Glenelg,Western Coastal Corridors,Private Treaty (Bán thỏa thuận),Disclosed,1555000,"$1,555,000",4,3,4,N/A,11.01,https://www.homely.com.au/homes/4-tassie-street-glenelg-sa-5045/13233789
13191465,2026-06-26,26/06/2026,"13 George Street, Clarence Park SA 5034",Clarence Park,City of Unley & Prestige South,Private Treaty (Bán thỏa thuận),Disclosed,1358500,"$1,358,500",3,1,3,715m²,4.54,https://www.homely.com.au/homes/13-george-street-clarence-park-sa-5034/13191465
13195358,2026-06-26,26/06/2026,"3 Mary Crescent, Newton SA 5074",Newton,"Norwood, Campbelltown & North-East Core",Private Treaty (Bán thỏa thuận),Disclosed,1260000,"$1,260,000",4,2,2,329m²,9.65,https://www.homely.com.au/homes/3-mary-crescent-newton-sa-5074/13195358
13205257,2026-06-26,26/06/2026,"9 Nottingham Way, Glenalta SA 5052",Glenalta,City of Mitcham & Foothills,Private Treaty (Bán thỏa thuận),Disclosed,1012000,"$1,012,000",3,1,3,1107m²,5.9,https://www.homely.com.au/homes/9-nottingham-way-glenalta-sa-5052/13205257
13196597,2026-06-26,26/06/2026,"5/660 Anzac Highway, Glenelg East SA 5045",Glenelg East,Western Coastal Corridors,Private Treaty (Bán thỏa thuận),Disclosed,825000,"$825,000",2,1,2,N/A,11.01,https://www.homely.com.au/homes/5-660-anzac-highway-glenelg-east-sa-5045/13196597
13190211,2026-06-26,26/06/2026,"4/9 Mayfair Place, Wynn Vale SA 5127",Wynn Vale,Adelaide Hills & Tea Tree Gully Safe Enclaves,Private Treaty (Bán thỏa thuận),Disclosed,708000,"$708,000",3,1,2,N/A,18.49,https://www.homely.com.au/homes/4-9-mayfair-place-wynn-vale-sa-5127/13190211
13153371,2026-06-26,26/06/2026,"15 Hobart Road, Henley Beach South SA 5022",Henley Beach South,Western Coastal Corridors,Private Treaty (Bán thỏa thuận),Undisclosed,,Price Undisclosed,5,3,4,373m²,12.15,https://www.homely.com.au/homes/15-hobart-road-henley-beach-south-sa-5022/13153371
12892073,2026-06-26,26/06/2026,"61 Fulham Park Drive, Lockleys SA 5032",Lockleys,Western Coastal Corridors,Private Treaty (Bán thỏa thuận),Undisclosed,,Price Undisclosed,3,1,1,762m²,8.8,https://www.homely.com.au/homes/61-fulham-park-drive-lockleys-sa-5032/12892073
13213076,2026-06-26,26/06/2026,"12 Wilson Terrace, Glenelg East SA 5045",Glenelg East,Western Coastal Corridors,Private Treaty (Bán thỏa thuận),Undisclosed,,Price Undisclosed,4,2,2,712m²,11.01,https://www.homely.com.au/homes/12-wilson-terrace-glenelg-east-sa-5045/13213076
13237076,2026-06-26,26/06/2026,"7 Trim Drive, Ridgehaven SA 5097",Ridgehaven,Adelaide Hills & Tea Tree Gully Safe Enclaves,Private Treaty (Bán thỏa thuận),Undisclosed,,Price Undisclosed,3,1,2,402m²,16.48,https://www.homely.com.au/homes/7-trim-drive-ridgehaven-sa-5097/13237076
13194569,2026-06-26,26/06/2026,"14 Thistleton Court, Greenwith SA 5125",Greenwith,Adelaide Hills & Tea Tree Gully Safe Enclaves,Private Treaty (Bán thỏa thuận),Undisclosed,,Price Undisclosed,3,2,2,449m²,22.4,https://www.homely.com.au/homes/14-thistleton-court-greenwith-sa-5125/13194569
13238100,2026-06-25,25/06/2026,"10 Alfred Road, Ridgehaven SA 5097",Ridgehaven,Adelaide Hills & Tea Tree Gully Safe Enclaves,Private Treaty (Bán thỏa thuận),Disclosed,988000,"$988,000",4,2,2,780m²,16.48,https://www.homely.com.au/homes/10-alfred-road-ridgehaven-sa-5097/13238100
13225775,2026-06-25,25/06/2026,"18C Monaro Crescent, Newton SA 5074",Newton,"Norwood, Campbelltown & North-East Core",Private Treaty (Bán thỏa thuận),Disclosed,870000,"$870,000",3,2,2,N/A,9.65,https://www.homely.com.au/homes/18c-monaro-crescent-newton-sa-5074/13225775
13079175,2026-06-25,25/06/2026,"1/15 Byron Road, Black Forest SA 5035",Black Forest,City of Unley & Prestige South,Private Treaty (Bán thỏa thuận),Disclosed,850000,"$850,000",3,2,1,N/A,5.38,https://www.homely.com.au/homes/1-15-byron-road-black-forest-sa-5035/13079175
13207509,2026-06-25,25/06/2026,"2 Jikara Drive, Glen Osmond SA 5064",Glen Osmond,City of Burnside & Core East,Private Treaty (Bán thỏa thuận),Undisclosed,,Price Undisclosed,4,3,2,1083m²,1.36,https://www.homely.com.au/homes/2-jikara-drive-glen-osmond-sa-5064/13207509
13230654,2026-06-25,25/06/2026,"O205/100 Magill Road, Norwood SA 5067",Norwood,"Norwood, Campbelltown & North-East Core",Private Treaty (Bán thỏa thuận),Undisclosed,,Price Undisclosed,2,1,1,N/A,4.01,https://www.homely.com.au/homes/o205-100-magill-road-norwood-sa-5067/13230654
13243067,2026-06-25,25/06/2026,"8A Avenue Road, Glynde SA 5070",Glynde,"Norwood, Campbelltown & North-East Core",Private Treaty (Bán thỏa thuận),Undisclosed,,Price Undisclosed,3,2,2,446m²,6.67,https://www.homely.com.au/homes/8a-avenue-road-glynde-sa-5070/13243067
13170367,2026-06-25,25/06/2026,"5/13 Glen Avenue, Tranmere SA 5073",Tranmere,"Norwood, Campbelltown & North-East Core",Private Treaty (Bán thỏa thuận),Undisclosed,,Price Undisclosed,3,2,2,200m²,5.78,https://www.homely.com.au/homes/5-13-glen-avenue-tranmere-sa-5073/13170367
13246027,2026-06-25,25/06/2026,"19 Seaview Road, West Beach SA 5024",West Beach,Western Coastal Corridors,Private Treaty (Bán thỏa thuận),Undisclosed,,Price Undisclosed,4,3,4,795m²,11.62,https://www.homely.com.au/homes/19-seaview-road-west-beach-sa-5024/13246027
13231094,2026-06-25,25/06/2026,"549 Brighton Road, South Brighton SA 5048",South Brighton,Western Coastal Corridors,Private Treaty (Bán thỏa thuận),Undisclosed,,Price Undisclosed,4,1,4,378m²,12.37,https://www.homely.com.au/homes/549-brighton-road-south-brighton-sa-5048/13231094
13228037,2026-06-24,24/06/2026,"111 Piccadilly Road, Crafers SA 5152",Crafers,Adelaide Hills & Tea Tree Gully Safe Enclaves,Private Treaty (Bán thỏa thuận),Disclosed,1260000,"$1,260,000",4,2,2,1431m²,7.71,https://www.homely.com.au/homes/111-piccadilly-road-crafers-sa-5152/13228037
13228617,2026-06-24,24/06/2026,"1A Jenkins Avenue, Rostrevor SA 5073",Rostrevor,"Norwood, Campbelltown & North-East Core",Private Treaty (Bán thỏa thuận),Disclosed,1200000,"$1,200,000",3,2,2,470m²,8.04,https://www.homely.com.au/homes/1a-jenkins-avenue-rostrevor-sa-5073/13228617
13213162,2026-06-24,24/06/2026,"17A Gordon Avenue, St Agnes SA 5097",St Agnes,Adelaide Hills & Tea Tree Gully Safe Enclaves,Private Treaty (Bán thỏa thuận),Disclosed,1110000,"$1,110,000",4,2,2,N/A,15.94,https://www.homely.com.au/homes/17a-gordon-avenue-st-agnes-sa-5097/13213162
13215533,2026-06-24,24/06/2026,"20 Hughes Street, Unley SA 5061",Unley,City of Unley & Prestige South,Private Treaty (Bán thỏa thuận),Disclosed,1075000,"$1,075,000",2,1,1,161m²,2.78,https://www.homely.com.au/homes/20-hughes-street-unley-sa-5061/13215533
13234636,2026-06-24,24/06/2026,"69 Cambridge Terrace, Malvern SA 5061",Malvern,City of Unley & Prestige South,Private Treaty (Bán thỏa thuận),Undisclosed,,Price Undisclosed,5,2,4,1346m²,2.2,https://www.homely.com.au/homes/69-cambridge-terrace-malvern-sa-5061/13234636
13196685,2026-06-24,24/06/2026,"106 Robsart Street, Parkside SA 5063",Parkside,City of Unley & Prestige South,Private Treaty (Bán thỏa thuận),Undisclosed,,Price Undisclosed,3,2,1,N/A,2.43,https://www.homely.com.au/homes/106-robsart-street-parkside-sa-5063/13196685
13215766,2026-06-24,24/06/2026,"18 Hillsley Avenue, Everard Park SA 5035",Everard Park,City of Unley & Prestige South,Private Treaty (Bán thỏa thuận),Undisclosed,,Price Undisclosed,4,2,2,836m²,4.93,https://www.homely.com.au/homes/18-hillsley-avenue-everard-park-sa-5035/13215766
13207238,2026-06-24,24/06/2026,"3 Allan Street, Newton SA 5074",Newton,"Norwood, Campbelltown & North-East Core",Private Treaty (Bán thỏa thuận),Undisclosed,,Price Undisclosed,3,1,4,720m²,9.65,https://www.homely.com.au/homes/3-allan-street-newton-sa-5074/13207238
13235240,2026-06-24,24/06/2026,"3 Lynly Crescent, Rostrevor SA 5073",Rostrevor,"Norwood, Campbelltown & North-East Core",Private Treaty (Bán thỏa thuận),Undisclosed,,Price Undisclosed,3,2,2,590m²,8.04,https://www.homely.com.au/homes/3-lynly-crescent-rostrevor-sa-5073/13235240
13174648,2026-06-23,23/06/2026,"15A Everritt Avenue, Fulham Gardens SA 5024",Fulham Gardens,Western Coastal Corridors,Private Treaty (Bán thỏa thuận),Disclosed,1605000,"$1,605,000",4,3,2,N/A,10.46,https://www.homely.com.au/homes/15a-everritt-avenue-fulham-gardens-sa-5024/13174648
12938760,2026-06-23,23/06/2026,"1265 North East Road, Ridgehaven SA 5097",Ridgehaven,Adelaide Hills & Tea Tree Gully Safe Enclaves,Private Treaty (Bán thỏa thuận),Disclosed,1315000,"$1,315,000",3,1,1,752m²,16.48,https://www.homely.com.au/homes/1265-north-east-road-ridgehaven-sa-5097/12938760
13236926,2026-06-23,23/06/2026,"3 Wyn Street, Campbelltown SA 5074",Campbelltown,"Norwood, Campbelltown & North-East Core",Private Treaty (Bán thỏa thuận),Disclosed,1030000,"$1,030,000",3,2,4,351m²,8.01,https://www.homely.com.au/homes/3-wyn-street-campbelltown-sa-5074/13236926
13229683,2026-06-23,23/06/2026,"2/6 Seaforth Avenue, Hazelwood Park SA 5066",Hazelwood Park,City of Burnside & Core East,Private Treaty (Bán thỏa thuận),Disclosed,776000,"$776,000",2,1,1,N/A,3.55,https://www.homely.com.au/homes/2-6-seaforth-avenue-hazelwood-park-sa-5066/13229683
13231379,2026-06-23,23/06/2026,"3 Olive Grove, Hazelwood Park SA 5066",Hazelwood Park,City of Burnside & Core East,Private Treaty (Bán thỏa thuận),Undisclosed,,Price Undisclosed,5,5,2,991m²,3.55,https://www.homely.com.au/homes/3-olive-grove-hazelwood-park-sa-5066/13231379
13127373,2026-06-23,23/06/2026,"33 Caloroga Street, Wattle Park SA 5066",Wattle Park,City of Burnside & Core East,Private Treaty (Bán thỏa thuận),Undisclosed,,Price Undisclosed,4,2,2,906m²,4.97,https://www.homely.com.au/homes/33-caloroga-street-wattle-park-sa-5066/13127373
13232655,2026-06-23,23/06/2026,"4/23 Heathpool Road, Heathpool SA 5068",Heathpool,"Norwood, Campbelltown & North-East Core",Private Treaty (Bán thỏa thuận),Undisclosed,,Price Undisclosed,3,2,1,N/A,3.89,https://www.homely.com.au/homes/4-23-heathpool-road-heathpool-sa-5068/13232655
13196178,2026-06-22,22/06/2026,"11 Adnunda Place, Beaumont SA 5066",Beaumont,City of Burnside & Core East,Private Treaty (Bán thỏa thuận),Disclosed,2050000,"$2,050,000",4,2,2,850m²,3.12,https://www.homely.com.au/homes/11-adnunda-place-beaumont-sa-5066/13196178
13149285,2026-06-22,22/06/2026,"9 Seaview Crescent, Panorama SA 5041",Panorama,City of Mitcham & Foothills,Private Treaty (Bán thỏa thuận),Disclosed,2036500,"$2,036,500",4,2,4,970m²,5.07,https://www.homely.com.au/homes/9-seaview-crescent-panorama-sa-5041/13149285
13231525,2026-06-22,22/06/2026,"32 Allendale Grove, Stonyfell SA 5066",Stonyfell,City of Burnside & Core East,Private Treaty (Bán thỏa thuận),Disclosed,1920000,"$1,920,000",4,2,6,836m²,4.88,https://www.homely.com.au/homes/32-allendale-grove-stonyfell-sa-5066/13231525
13206661,2026-06-22,22/06/2026,"66 Quinlan Avenue, St Marys SA 5042",St Marys,City of Mitcham & Foothills,Private Treaty (Bán thỏa thuận),Disclosed,1155000,"$1,155,000",3,1,2,890m²,6.81,https://www.homely.com.au/homes/66-quinlan-avenue-st-marys-sa-5042/13206661
13227935,2026-06-22,22/06/2026,"7/28 Ormond Avenue, Daw Park SA 5041",Daw Park,City of Mitcham & Foothills,Private Treaty (Bán thỏa thuận),Disclosed,500000,"$500,000",1,1,1,N/A,5.41,https://www.homely.com.au/homes/7-28-ormond-avenue-daw-park-sa-5041/13227935
12997174,2026-06-22,22/06/2026,"4 View St, Glen Osmond SA 5064",Glen Osmond,City of Burnside & Core East,Private Treaty (Bán thỏa thuận),Undisclosed,,Price Undisclosed,4,2,4,562m²,1.36,https://www.homely.com.au/homes/4-view-st-glen-osmond-sa-5064/12997174
13169317,2026-06-22,22/06/2026,"24 Davenport Terrace, Wayville SA 5034",Wayville,City of Unley & Prestige South,Private Treaty (Bán thỏa thuận),Undisclosed,,Price Undisclosed,4,3,2,836m²,4.45,https://www.homely.com.au/homes/24-davenport-terrace-wayville-sa-5034/13169317
13207072,2026-06-22,22/06/2026,"8 Stott Place, Stirling SA 5152",Stirling,Adelaide Hills & Tea Tree Gully Safe Enclaves,Private Treaty (Bán thỏa thuận),Undisclosed,,Price Undisclosed,4,4,4,2045m²,9.62,https://www.homely.com.au/homes/8-stott-place-stirling-sa-5152/13207072
13229372,2026-06-21,21/06/2026,"11A Ferguson Avenue, Myrtle Bank SA 5064",Myrtle Bank,City of Burnside & Core East,Private Treaty (Bán thỏa thuận),Disclosed,2380000,"$2,380,000",4,3,2,418m²,0.09,https://www.homely.com.au/homes/11a-ferguson-avenue-myrtle-bank-sa-5064/13229372
13212343,2026-06-21,21/06/2026,"12 Clegowie Street, West Beach SA 5024",West Beach,Western Coastal Corridors,Private Treaty (Bán thỏa thuận),Disclosed,1650000,"$1,650,000",3,2,6,344m²,11.62,https://www.homely.com.au/homes/12-clegowie-street-west-beach-sa-5024/13212343
13203402,2026-06-20,20/06/2026,"6 Leader Avenue, Toorak Gardens SA 5065",Toorak Gardens,City of Burnside & Core East,Private Treaty (Bán thỏa thuận),Disclosed,2700000,"$2,700,000",4,2,2,739m²,2.68,https://www.homely.com.au/homes/6-leader-avenue-toorak-gardens-sa-5065/13203402
13209874,2026-06-19,19/06/2026,"49 Regent Street, Kensington SA 5068",Kensington,"Norwood, Campbelltown & North-East Core",Private Treaty (Bán thỏa thuận),Disclosed,1990000,"$1,990,000",3,2,3,975m²,4.96,https://www.homely.com.au/homes/49-regent-street-kensington-sa-5068/13209874
13232997,2026-06-19,19/06/2026,"82A Murray Street, Clapham SA 5062",Clapham,City of Mitcham & Foothills,Private Treaty (Bán thỏa thuận),Disclosed,1750000,"$1,750,000",4,2,3,424m²,4.05,https://www.homely.com.au/homes/82a-murray-street-clapham-sa-5062/13232997
13131759,2026-06-19,19/06/2026,"7 Antigua Grove, West Lakes SA 5021",West Lakes,Western Coastal Corridors,Private Treaty (Bán thỏa thuận),Disclosed,1510000,"$1,510,000",4,2,5,686m²,14.63,https://www.homely.com.au/homes/7-antigua-grove-west-lakes-sa-5021/13131759
13059800,2026-06-19,19/06/2026,"73 Light Road, Coromandel Valley SA 5051",Coromandel Valley,City of Mitcham & Foothills,Private Treaty (Bán thỏa thuận),Disclosed,1470000,"$1,470,000",4,2,2,N/A,9.16,https://www.homely.com.au/homes/73-light-road-coromandel-valley-sa-5051/13059800
13182135,2026-06-19,19/06/2026,"38 Wattle Crescent, Tea Tree Gully SA 5091",Tea Tree Gully,Adelaide Hills & Tea Tree Gully Safe Enclaves,Private Treaty (Bán thỏa thuận),Disclosed,1140000,"$1,140,000",3,2,3,1357m²,16.9,https://www.homely.com.au/homes/38-wattle-crescent-tea-tree-gully-sa-5091/13182135
13212842,2026-06-19,19/06/2026,"24 Lloyd Street, St Marys SA 5042",St Marys,City of Mitcham & Foothills,Private Treaty (Bán thỏa thuận),Disclosed,1040000,"$1,040,000",4,2,2,N/A,6.81,https://www.homely.com.au/homes/24-lloyd-street-st-marys-sa-5042/13212842
13194928,2026-06-19,19/06/2026,"2/12-16 Moore Street, Somerton Park SA 5044",Somerton Park,Western Coastal Corridors,Private Treaty (Bán thỏa thuận),Disclosed,720000,"$720,000",2,1,2,150m²,10.75,https://www.homely.com.au/homes/2-12-16-moore-street-somerton-park-sa-5044/13194928
13193380,2026-06-19,19/06/2026,"7/30 Simcock Street, West Beach SA 5024",West Beach,Western Coastal Corridors,Private Treaty (Bán thỏa thuận),Disclosed,590000,"$590,000",2,1,2,N/A,11.62,https://www.homely.com.au/homes/7-30-simcock-street-west-beach-sa-5024/13193380
13213680,2026-06-19,19/06/2026,"8/9 Killicoat Street, Unley SA 5061",Unley,City of Unley & Prestige South,Private Treaty (Bán thỏa thuận),Undisclosed,,Price Undisclosed,1,1,1,N/A,2.78,https://www.homely.com.au/homes/8-9-killicoat-street-unley-sa-5061/13213680
13212926,2026-06-19,19/06/2026,"2 Florence Street, Norwood SA 5067",Norwood,"Norwood, Campbelltown & North-East Core",Private Treaty (Bán thỏa thuận),Undisclosed,,Price Undisclosed,3,2,2,N/A,4.01,https://www.homely.com.au/homes/2-florence-street-norwood-sa-5067/13212926
13179045,2026-06-19,19/06/2026,"147 Seventh Avenue, Royston Park SA 5070",Royston Park,"Norwood, Campbelltown & North-East Core",Private Treaty (Bán thỏa thuận),Undisclosed,,Price Undisclosed,3,1,2,836m²,6.66,https://www.homely.com.au/homes/147-seventh-avenue-royston-park-sa-5070/13179045
13188582,2026-06-19,19/06/2026,"16 Gores Road, Crafers SA 5152",Crafers,Adelaide Hills & Tea Tree Gully Safe Enclaves,Private Treaty (Bán thỏa thuận),Undisclosed,,Price Undisclosed,4,1,4,19860m²,7.71,https://www.homely.com.au/homes/16-gores-road-crafers-sa-5152/13188582
13059353,2026-06-19,19/06/2026,"8 Sitters Lane, Summertown SA 5141",Summertown,Adelaide Hills & Tea Tree Gully Safe Enclaves,Private Treaty (Bán thỏa thuận),Undisclosed,,Price Undisclosed,5,3,2,N/A,9.25,https://www.homely.com.au/homes/8-sitters-lane-summertown-sa-5141/13059353
13069754,2026-06-18,18/06/2026,"2D Bond Street, Somerton Park SA 5044",Somerton Park,Western Coastal Corridors,Private Treaty (Bán thỏa thuận),Disclosed,2350000,"$2,350,000",4,2,2,347m²,10.75,https://www.homely.com.au/homes/2d-bond-street-somerton-park-sa-5044/13069754
13232375,2026-06-18,18/06/2026,"94 Somerset Avenue, Cumberland Park SA 5041",Cumberland Park,City of Mitcham & Foothills,Private Treaty (Bán thỏa thuận),Disclosed,1505000,"$1,505,000",3,1,2,646m²,4.27,https://www.homely.com.au/homes/94-somerset-avenue-cumberland-park-sa-5041/13232375
13175619,2026-06-18,18/06/2026,"38 Bowker Street, Somerton Park SA 5044",Somerton Park,Western Coastal Corridors,Private Treaty (Bán thỏa thuận),Disclosed,1040000,"$1,040,000",4,1,3,416m²,10.75,https://www.homely.com.au/homes/38-bowker-street-somerton-park-sa-5044/13175619
13227973,2026-06-18,18/06/2026,"493 Grenfell Road, Banksia Park SA 5091",Banksia Park,Adelaide Hills & Tea Tree Gully Safe Enclaves,Private Treaty (Bán thỏa thuận),Disclosed,880000,"$880,000",4,1,5,700m²,18.32,https://www.homely.com.au/homes/493-grenfell-road-banksia-park-sa-5091/13227973
13215534,2026-06-18,18/06/2026,"7/3 Carlton Street, Highgate SA 5063",Highgate,City of Unley & Prestige South,Private Treaty (Bán thỏa thuận),Disclosed,738500,"$738,500",2,1,1,N/A,0.84,https://www.homely.com.au/homes/7-3-carlton-street-highgate-sa-5063/13215534
13213050,2026-06-18,18/06/2026,"2/588 Greenhill Road, Burnside SA 5066",Burnside,City of Burnside & Core East,Private Treaty (Bán thỏa thuận),Disclosed,668000,"$668,000",2,1,1,N/A,3.83,https://www.homely.com.au/homes/2-588-greenhill-road-burnside-sa-5066/13213050
13207916,2026-06-18,18/06/2026,"7a Luringa Avenue, Rostrevor SA 5073",Rostrevor,"Norwood, Campbelltown & North-East Core",Private Treaty (Bán thỏa thuận),Undisclosed,,Price Undisclosed,3,2,1,374m²,8.04,https://www.homely.com.au/homes/7a-luringa-avenue-rostrevor-sa-5073/13207916
13060435,2026-06-17,17/06/2026,"3 Alfred Street, Parkside SA 5063",Parkside,City of Unley & Prestige South,Private Treaty (Bán thỏa thuận),Disclosed,1500000,"$1,500,000",4,1,1,380m²,2.43,https://www.homely.com.au/homes/3-alfred-street-parkside-sa-5063/13060435
13230560,2026-06-17,17/06/2026,"28 Jellicoe Street, Linden Park SA 5065",Linden Park,City of Burnside & Core East,Private Treaty (Bán thỏa thuận),Disclosed,1415000,"$1,415,000",3,2,2,401m²,2.36,https://www.homely.com.au/homes/28-jellicoe-street-linden-park-sa-5065/13230560
13237688,2026-06-17,17/06/2026,"17 Beaufort Crescent, Felixstow SA 5070",Felixstow,"Norwood, Campbelltown & North-East Core",Private Treaty (Bán thỏa thuận),Disclosed,1268800,"$1,268,800",3,1,2,585m²,6.96,https://www.homely.com.au/homes/17-beaufort-crescent-felixstow-sa-5070/13237688
13237672,2026-06-17,17/06/2026,"18 Boronia Avenue, Coromandel Valley SA 5051",Coromandel Valley,City of Mitcham & Foothills,Private Treaty (Bán thỏa thuận),Disclosed,1050000,"$1,050,000",3,2,6,1292m²,9.16,https://www.homely.com.au/homes/18-boronia-avenue-coromandel-valley-sa-5051/13237672
13172603,2026-06-17,17/06/2026,"2/106 Sixth Ave, Joslin SA 5070",Joslin,"Norwood, Campbelltown & North-East Core",Private Treaty (Bán thỏa thuận),Disclosed,450000,"$450,000",1,1,1,53m²,6.99,https://www.homely.com.au/homes/2-106-sixth-ave-joslin-sa-5070/13172603
13189871,2026-06-17,17/06/2026,"2/74 Brigalow Avenue, Kensington Gardens SA 5068",Kensington Gardens,City of Burnside & Core East,Private Treaty (Bán thỏa thuận),Undisclosed,,Price Undisclosed,2,1,2,N/A,4.96,https://www.homely.com.au/homes/2-74-brigalow-avenue-kensington-gardens-sa-50/13189871
13195883,2026-06-17,17/06/2026,"5 Montrose Avenue, Netherby SA 5062",Netherby,City of Mitcham & Foothills,Private Treaty (Bán thỏa thuận),Undisclosed,,Price Undisclosed,4,2,3,1411m²,1.27,https://www.homely.com.au/homes/5-montrose-avenue-netherby-sa-5062/13195883
13102683,2026-06-17,17/06/2026,"4 College Avenue, Bellevue Heights SA 5050",Bellevue Heights,City of Mitcham & Foothills,Private Treaty (Bán thỏa thuận),Undisclosed,,Price Undisclosed,3,2,3,940m²,8.79,https://www.homely.com.au/homes/4-college-avenue-bellevue-heights-sa-5050/13102683
13192792,2026-06-17,17/06/2026,"6/12 West Street, Evandale SA 5069",Evandale,"Norwood, Campbelltown & North-East Core",Private Treaty (Bán thỏa thuận),Undisclosed,,Price Undisclosed,2,1,1,N/A,5.5,https://www.homely.com.au/homes/6-12-west-street-evandale-sa-5069/13192792
13212306,2026-06-17,17/06/2026,"25 Wright Street, Henley Beach SA 5022",Henley Beach,Western Coastal Corridors,Private Treaty (Bán thỏa thuận),Undisclosed,,Price Undisclosed,4,3,2,603m²,12.15,https://www.homely.com.au/homes/25-wright-street-henley-beach-sa-5022/13212306
12990785,2026-06-17,17/06/2026,"2 Nambucca Avenue, West Lakes Shore SA 5020",West Lakes Shore,Western Coastal Corridors,Private Treaty (Bán thỏa thuận),Undisclosed,,Price Undisclosed,3,2,2,386m²,14.63,https://www.homely.com.au/homes/2-nambucca-avenue-west-lakes-shore-sa-5020/12990785
13176275,2026-06-17,17/06/2026,"33 Douglas Street, Flinders Park SA 5025",Flinders Park,Western Coastal Corridors,Private Treaty (Bán thỏa thuận),Undisclosed,,Price Undisclosed,4,2,4,698m²,8.61,https://www.homely.com.au/homes/33-douglas-street-flinders-park-sa-5025/13176275
13181167,2026-06-17,17/06/2026,"1A Hopson Street, Torrensville SA 5031",Torrensville,Western Coastal Corridors,Private Treaty (Bán thỏa thuận),Undisclosed,,Price Undisclosed,5,2,4,347m²,6.47,https://www.homely.com.au/homes/1a-hopson-street-torrensville-sa-5031/13181167
13126176,2026-06-17,17/06/2026,"33 Anderson Road, Bridgewater SA 5155",Bridgewater,Adelaide Hills & Tea Tree Gully Safe Enclaves,Private Treaty (Bán thỏa thuận),Undisclosed,,Price Undisclosed,4,2,1,1206m²,13.23,https://www.homely.com.au/homes/33-anderson-road-bridgewater-sa-5155/13126176
13167449,2026-06-17,17/06/2026,"17B Shepherd Street, Ridgehaven SA 5097",Ridgehaven,Adelaide Hills & Tea Tree Gully Safe Enclaves,Private Treaty (Bán thỏa thuận),Undisclosed,,Price Undisclosed,4,2,2,402m²,16.48,https://www.homely.com.au/homes/17b-shepherd-street-ridgehaven-sa-5097/13167449
13196298,2026-06-16,16/06/2026,"9 Pages Road, Mitcham SA 5062",Mitcham,City of Mitcham & Foothills,Private Treaty (Bán thỏa thuận),Disclosed,1700000,"$1,700,000",4,2,4,1070m²,2.68,https://www.homely.com.au/homes/9-pages-road-mitcham-sa-5062/13196298
13193601,2026-06-16,16/06/2026,"63 Leabrook Drive, Rostrevor SA 5073",Rostrevor,"Norwood, Campbelltown & North-East Core",Private Treaty (Bán thỏa thuận),Disclosed,1100000,"$1,100,000",3,2,1,621m²,8.04,https://www.homely.com.au/homes/63-leabrook-drive-rostrevor-sa-5073/13193601
13214540,2026-06-16,16/06/2026,"27B Florentine Avenue, Campbelltown SA 5074",Campbelltown,"Norwood, Campbelltown & North-East Core",Private Treaty (Bán thỏa thuận),Disclosed,982000,"$982,000",3,2,1,171m²,8.01,https://www.homely.com.au/homes/27b-florentine-avenue-campbelltown-sa-5074/13214540
13231858,2026-06-16,16/06/2026,"7 Tulipwood Court, Greenwith SA 5125",Greenwith,Adelaide Hills & Tea Tree Gully Safe Enclaves,Private Treaty (Bán thỏa thuận),Disclosed,850000,"$850,000",3,1,2,332m²,22.4,https://www.homely.com.au/homes/7-tulipwood-court-greenwith-sa-5125/13231858
13189753,2026-06-16,16/06/2026,"3/339 Military Road, Semaphore Park SA 5019",Semaphore Park,Western Coastal Corridors,Private Treaty (Bán thỏa thuận),Disclosed,738900,"$738,900",2,1,2,N/A,17.73,https://www.homely.com.au/homes/3-339-military-road-semaphore-park-sa-5019/13189753
13176891,2026-06-16,16/06/2026,"5/55 Ormond Avenue, Daw Park SA 5041",Daw Park,City of Mitcham & Foothills,Private Treaty (Bán thỏa thuận),Disclosed,650000,"$650,000",2,1,1,N/A,5.41,https://www.homely.com.au/homes/5-55-ormond-avenue-daw-park-sa-5041/13176891
13229397,2026-06-16,16/06/2026,"12/29 Norton Summit Road, Woodforde SA 5072",Woodforde,Adelaide Hills & Tea Tree Gully Safe Enclaves,Private Treaty (Bán thỏa thuận),Disclosed,575000,"$575,000",2,1,1,N/A,8.35,https://www.homely.com.au/homes/12-29-norton-summit-road-woodforde-sa-5072/13229397
13161777,2026-06-16,16/06/2026,"1/731 Burbridge Road, West Beach SA 5024",West Beach,Western Coastal Corridors,Private Treaty (Bán thỏa thuận),Disclosed,550000,"$550,000",2,1,1,N/A,11.62,https://www.homely.com.au/homes/1-731-burbridge-road-west-beach-sa-5024/13161777
13214304,2026-06-16,16/06/2026,"7 Myrtle Avenue, Myrtle Bank SA 5064",Myrtle Bank,City of Burnside & Core East,Private Treaty (Bán thỏa thuận),Undisclosed,,Price Undisclosed,4,2,2,1181m²,0.09,https://www.homely.com.au/homes/7-myrtle-avenue-myrtle-bank-sa-5064/13214304
13186796,2026-06-16,16/06/2026,"2/8 Kyle Street, Glenside SA 5065",Glenside,City of Burnside & Core East,Private Treaty (Bán thỏa thuận),Undisclosed,,Price Undisclosed,2,1,1,N/A,2.06,https://www.homely.com.au/homes/2-8-kyle-street-glenside-sa-5065/13186796
13194526,2026-06-16,16/06/2026,"5c Alexander Lane, Marden SA 5070",Marden,"Norwood, Campbelltown & North-East Core",Private Treaty (Bán thỏa thuận),Undisclosed,,Price Undisclosed,2,1,1,106m²,6.4,https://www.homely.com.au/homes/5c-alexander-lane-marden-sa-5070/13194526
13130847,2026-06-16,16/06/2026,"3 Ross Road, Hectorville SA 5073",Hectorville,"Norwood, Campbelltown & North-East Core",Private Treaty (Bán thỏa thuận),Undisclosed,,Price Undisclosed,4,2,4,600m²,6.98,https://www.homely.com.au/homes/3-ross-road-hectorville-sa-5073/13130847
13193620,2026-06-16,16/06/2026,"7 Neighbour Road, West Lakes SA 5021",West Lakes,Western Coastal Corridors,Private Treaty (Bán thỏa thuận),Undisclosed,,Price Undisclosed,3,2,1,N/A,14.63,https://www.homely.com.au/homes/7-neighbour-road-west-lakes-sa-5021/13193620
13207313,2026-06-16,16/06/2026,"4/6 Morris Street, Kidman Park SA 5025",Kidman Park,Western Coastal Corridors,Private Treaty (Bán thỏa thuận),Undisclosed,,Price Undisclosed,2,2,1,N/A,9.7,https://www.homely.com.au/homes/4-6-morris-street-kidman-park-sa-5025/13207313
13174487,2026-06-15,15/06/2026,"22A Gray Street, West Beach SA 5024",West Beach,Western Coastal Corridors,Private Treaty (Bán thỏa thuận),Disclosed,1775000,"$1,775,000",3,2,2,454m²,11.62,https://www.homely.com.au/homes/22a-gray-street-west-beach-sa-5024/13174487
13202667,2026-06-15,15/06/2026,"79 Ayers Avenue, Daw Park SA 5041",Daw Park,City of Mitcham & Foothills,Private Treaty (Bán thỏa thuận),Disclosed,1480000,"$1,480,000",4,2,2,647m²,5.41,https://www.homely.com.au/homes/79-ayers-avenue-daw-park-sa-5041/13202667
12957703,2026-06-15,15/06/2026,"15 Scott Avenue, Flinders Park SA 5025",Flinders Park,Western Coastal Corridors,Private Treaty (Bán thỏa thuận),Disclosed,1438000,"$1,438,000",4,1,4,804m²,8.61,https://www.homely.com.au/homes/15-scott-avenue-flinders-park-sa-5025/12957703
13211337,2026-06-15,15/06/2026,"151 Shepherds Hill Road, Eden Hills SA 5050",Eden Hills,City of Mitcham & Foothills,Private Treaty (Bán thỏa thuận),Disclosed,1366000,"$1,366,000",4,2,4,1173m²,7.12,https://www.homely.com.au/homes/151-shepherds-hill-road-eden-hills-sa-5050/13211337
13199840,2026-06-15,15/06/2026,"8 Mawson Close, Tennyson SA 5022",Tennyson,Western Coastal Corridors,Private Treaty (Bán thỏa thuận),Disclosed,1275000,"$1,275,000",3,2,2,N/A,15.79,https://www.homely.com.au/homes/8-mawson-close-tennyson-sa-5022/13199840
13172340,2026-06-15,15/06/2026,"15 Tomkinson Road, Semaphore Park SA 5019",Semaphore Park,Western Coastal Corridors,Private Treaty (Bán thỏa thuận),Disclosed,1144000,"$1,144,000",3,1,3,654m²,17.73,https://www.homely.com.au/homes/15-tomkinson-road-semaphore-park-sa-5019/13172340
13081193,2026-06-15,15/06/2026,"13B Kennedy Street, St Agnes SA 5097",St Agnes,Adelaide Hills & Tea Tree Gully Safe Enclaves,Private Treaty (Bán thỏa thuận),Disclosed,940000,"$940,000",3,2,1,230m²,15.94,https://www.homely.com.au/homes/13b-kennedy-street-st-agnes-sa-5097/13081193
13155151,2026-06-15,15/06/2026,"625/16 Holdfast Promenade, Glenelg SA 5045",Glenelg,Western Coastal Corridors,Private Treaty (Bán thỏa thuận),Disclosed,825000,"$825,000",2,1,1,N/A,11.01,https://www.homely.com.au/homes/625-16-holdfast-promenade-glenelg-sa-5045/13155151
13214843,2026-06-15,15/06/2026,"11 Essling Place, Greenwith SA 5125",Greenwith,Adelaide Hills & Tea Tree Gully Safe Enclaves,Private Treaty (Bán thỏa thuận),Disclosed,820000,"$820,000",3,1,3,353m²,22.4,https://www.homely.com.au/homes/11-essling-place-greenwith-sa-5125/13214843
13172632,2026-06-15,15/06/2026,"34 Norman Road, West Lakes SA 5021",West Lakes,Western Coastal Corridors,Private Treaty (Bán thỏa thuận),Disclosed,765000,"$765,000",2,1,1,N/A,14.63,https://www.homely.com.au/homes/34-norman-road-west-lakes-sa-5021/13172632
13128212,2026-06-15,15/06/2026,"19 Edward Street, Blackwood SA 5051",Blackwood,City of Mitcham & Foothills,Private Treaty (Bán thỏa thuận),Undisclosed,,Price Undisclosed,4,2,7,2315m²,7.07,https://www.homely.com.au/homes/19-edward-street-blackwood-sa-5051/13128212
13099409,2026-06-15,15/06/2026,"39 Aveland Avenue, Trinity Gardens SA 5068",Trinity Gardens,"Norwood, Campbelltown & North-East Core",Private Treaty (Bán thỏa thuận),Undisclosed,,Price Undisclosed,5,2,4,784m²,4.82,https://www.homely.com.au/homes/39-aveland-avenue-trinity-gardens-sa-5068/13099409
13061564,2026-06-15,15/06/2026,"Proposed Lot 61 & 62, 12 Harris Street, Paradise SA 5075",Paradise,"Norwood, Campbelltown & North-East Core",Private Treaty (Bán thỏa thuận),Undisclosed,,Price Undisclosed,3,1,1,390m²,9.59,https://www.homely.com.au/homes/proposed-lot-61-62-12-harris-street-paradise/13061564
13117079,2026-06-15,15/06/2026,"21 Forbes Road, Aldgate SA 5154",Aldgate,Adelaide Hills & Tea Tree Gully Safe Enclaves,Private Treaty (Bán thỏa thuận),Undisclosed,,Price Undisclosed,4,3,14,4651m²,11.23,https://www.homely.com.au/homes/21-forbes-road-aldgate-sa-5154/13117079
12976087,2026-06-14,14/06/2026,"5 Oliver Avenue, Fulham Gardens SA 5024",Fulham Gardens,Western Coastal Corridors,Private Treaty (Bán thỏa thuận),Disclosed,1420000,"$1,420,000",3,2,2,322m²,10.46,https://www.homely.com.au/homes/5-oliver-avenue-fulham-gardens-sa-5024/12976087
13210550,2026-06-14,14/06/2026,"6B Aysgarth Avenue, Hectorville SA 5073",Hectorville,"Norwood, Campbelltown & North-East Core",Private Treaty (Bán thỏa thuận),Undisclosed,,Price Undisclosed,3,2,2,145m²,6.98,https://www.homely.com.au/homes/6b-aysgarth-avenue-hectorville-sa-5073/13210550
13187108,2026-06-14,14/06/2026,"6/339 Military Road, Semaphore Park SA 5019",Semaphore Park,Western Coastal Corridors,Private Treaty (Bán thỏa thuận),Undisclosed,,Price Undisclosed,2,1,1,N/A,17.73,https://www.homely.com.au/homes/6-339-military-road-semaphore-park-sa-5019/13187108
13177118,2026-06-13,13/06/2026,"13 George Street, Unley Park SA 5061",Unley Park,City of Unley & Prestige South,Private Treaty (Bán thỏa thuận),Disclosed,2725000,"$2,725,000",3,1,2,833m²,2.78,https://www.homely.com.au/homes/13-george-street-unley-park-sa-5061/13177118
13196400,2026-06-13,13/06/2026,"19 Urrbrae Avenue, Myrtle Bank SA 5064",Myrtle Bank,City of Burnside & Core East,Private Treaty (Bán thỏa thuận),Disclosed,2470000,"$2,470,000",4,2,2,863m²,0.09,https://www.homely.com.au/homes/19-urrbrae-avenue-myrtle-bank-sa-5064/13196400
13154826,2026-06-13,13/06/2026,"31A Leonard Street, Magill SA 5072",Magill,"Norwood, Campbelltown & North-East Core",Private Treaty (Bán thỏa thuận),Disclosed,1575000,"$1,575,000",4,2,2,370m²,6.32,https://www.homely.com.au/homes/31a-leonard-street-magill-sa-5072/13154826
13154344,2026-06-13,13/06/2026,"11 Elba Avenue, Lockleys SA 5032",Lockleys,Western Coastal Corridors,Private Treaty (Bán thỏa thuận),Disclosed,1450000,"$1,450,000",3,2,4,771m²,8.8,https://www.homely.com.au/homes/11-elba-avenue-lockleys-sa-5032/13154344
13189809,2026-06-13,13/06/2026,"8 Spruce Court, Golden Grove SA 5125",Golden Grove,Adelaide Hills & Tea Tree Gully Safe Enclaves,Private Treaty (Bán thỏa thuận),Disclosed,1314500,"$1,314,500",4,2,4,437m²,20.78,https://www.homely.com.au/homes/8-spruce-court-golden-grove-sa-5125/13189809
13189333,2026-06-13,13/06/2026,"27 Day Drive, Pasadena SA 5042",Pasadena,City of Mitcham & Foothills,Private Treaty (Bán thỏa thuận),Disclosed,1100000,"$1,100,000",4,2,3,779m²,6.11,https://www.homely.com.au/homes/27-day-drive-pasadena-sa-5042/13189333
13190738,2026-06-13,13/06/2026,"11 East Street, Torrensville SA 5031",Torrensville,Western Coastal Corridors,Private Treaty (Bán thỏa thuận),Disclosed,930000,"$930,000",2,1,2,525m²,6.47,https://www.homely.com.au/homes/11-east-street-torrensville-sa-5031/13190738
13139974,2026-06-13,13/06/2026,"31 Mayfield Avenue, Hectorville SA 5073",Hectorville,"Norwood, Campbelltown & North-East Core",Private Treaty (Bán thỏa thuận),Undisclosed,,Price Undisclosed,3,1,1,367m²,6.98,https://www.homely.com.au/homes/31-mayfield-avenue-hectorville-sa-5073/13139974
13104269,2026-06-12,12/06/2026,"16 David Avenue, Glenelg North SA 5045",Glenelg North,Western Coastal Corridors,Private Treaty (Bán thỏa thuận),Disclosed,2650000,"$2,650,000",5,3,2,736m²,11.01,https://www.homely.com.au/homes/16-david-avenue-glenelg-north-sa-5045/13104269
12998471,2026-06-12,12/06/2026,"22 Stafford Grove, Heathpool SA 5068",Heathpool,"Norwood, Campbelltown & North-East Core",Private Treaty (Bán thỏa thuận),Disclosed,1939000,"$1,939,000",4,2,2,533m²,3.89,https://www.homely.com.au/homes/22-stafford-grove-heathpool-sa-5068/12998471
13174776,2026-06-12,12/06/2026,"13 Payton Avenue, Dernancourt SA 5075",Dernancourt,Adelaide Hills & Tea Tree Gully Safe Enclaves,Private Treaty (Bán thỏa thuận),Disclosed,1931000,"$1,931,000",4,3,2,1020m²,11.46,https://www.homely.com.au/homes/13-payton-avenue-dernancourt-sa-5075/13174776
13207866,2026-06-12,12/06/2026,"12/18 Colley Terrace, Glenelg SA 5045",Glenelg,Western Coastal Corridors,Private Treaty (Bán thỏa thuận),Disclosed,1800000,"$1,800,000",3,2,2,N/A,11.01,https://www.homely.com.au/homes/12-18-colley-terrace-glenelg-sa-5045/13207866
13205591,2026-06-12,12/06/2026,"11 Strathmore Avenue, Tranmere SA 5073",Tranmere,"Norwood, Campbelltown & North-East Core",Private Treaty (Bán thỏa thuận),Disclosed,1460000,"$1,460,000",3,2,5,712m²,5.78,https://www.homely.com.au/homes/11-strathmore-avenue-tranmere-sa-5073/13205591
13216240,2026-06-12,12/06/2026,"15 Homer Road, Clarence Park SA 5034",Clarence Park,City of Unley & Prestige South,Private Treaty (Bán thỏa thuận),Disclosed,1327095,"$1,327,095",3,1,3,464m²,4.54,https://www.homely.com.au/homes/15-homer-road-clarence-park-sa-5034/13216240
13168000,2026-06-12,12/06/2026,"29 Sandpiper Place, West Lakes Shore SA 5020",West Lakes Shore,Western Coastal Corridors,Private Treaty (Bán thỏa thuận),Disclosed,1210000,"$1,210,000",2,2,2,268m²,14.63,https://www.homely.com.au/homes/29-sandpiper-place-west-lakes-shore-sa-5020/13168000
13180808,2026-06-12,12/06/2026,"1 Colton Avenue, Highbury SA 5089",Highbury,Adelaide Hills & Tea Tree Gully Safe Enclaves,Private Treaty (Bán thỏa thuận),Disclosed,1000000,"$1,000,000",4,2,1,744m²,12.87,https://www.homely.com.au/homes/1-colton-avenue-highbury-sa-5089/13180808
13071917,2026-06-12,12/06/2026,"14 Partridge Court, Golden Grove SA 5125",Golden Grove,Adelaide Hills & Tea Tree Gully Safe Enclaves,Private Treaty (Bán thỏa thuận),Disclosed,984000,"$984,000",4,2,2,750m²,20.78,https://www.homely.com.au/homes/14-partridge-court-golden-grove-sa-5125/13071917
13213520,2026-06-12,12/06/2026,"3/30 Balham Avenue, Kingswood SA 5062",Kingswood,City of Mitcham & Foothills,Private Treaty (Bán thỏa thuận),Disclosed,925000,"$925,000",2,1,1,N/A,1.95,https://www.homely.com.au/homes/3-30-balham-avenue-kingswood-sa-5062/13213520
13186737,2026-06-12,12/06/2026,"13 Hobart Crescent, Banksia Park SA 5091",Banksia Park,Adelaide Hills & Tea Tree Gully Safe Enclaves,Private Treaty (Bán thỏa thuận),Disclosed,922000,"$922,000",3,2,7,820m²,18.32,https://www.homely.com.au/homes/13-hobart-crescent-banksia-park-sa-5091/13186737
13231011,2026-06-12,12/06/2026,"11 Catherine Street, Beulah Park SA 5067",Beulah Park,City of Burnside & Core East,Private Treaty (Bán thỏa thuận),Undisclosed,,Price Undisclosed,3,1,2,718m²,4.39,https://www.homely.com.au/homes/11-catherine-street-beulah-park-sa-5067/13231011
13101830,2026-06-12,12/06/2026,"35 Gleneagles Road, Mount Osmond SA 5064",Mount Osmond,City of Burnside & Core East,Private Treaty (Bán thỏa thuận),Undisclosed,,Price Undisclosed,4,2,4,3200m²,2.52,https://www.homely.com.au/homes/35-gleneagles-road-mount-osmond-sa-5064/13101830
13213523,2026-06-12,12/06/2026,"27 Esmond Street, Hyde Park SA 5061",Hyde Park,City of Unley & Prestige South,Private Treaty (Bán thỏa thuận),Undisclosed,,Price Undisclosed,4,2,2,634m²,3.2,https://www.homely.com.au/homes/27-esmond-street-hyde-park-sa-5061/13213523
13092909,2026-06-12,12/06/2026,"10 Broughton Avenue, Mitcham SA 5062",Mitcham,City of Mitcham & Foothills,Private Treaty (Bán thỏa thuận),Undisclosed,,Price Undisclosed,4,2,4,902m²,2.68,https://www.homely.com.au/homes/10-broughton-avenue-mitcham-sa-5062/13092909
13100852,2026-06-12,12/06/2026,"27 Montrose Avenue, Netherby SA 5062",Netherby,City of Mitcham & Foothills,Private Treaty (Bán thỏa thuận),Undisclosed,,Price Undisclosed,4,4,3,1320m²,1.27,https://www.homely.com.au/homes/27-montrose-avenue-netherby-sa-5062/13100852
13194558,2026-06-12,12/06/2026,"5 Ingrid Street, Clapham SA 5062",Clapham,City of Mitcham & Foothills,Private Treaty (Bán thỏa thuận),Undisclosed,,Price Undisclosed,5,3,6,720m²,4.05,https://www.homely.com.au/homes/5-ingrid-street-clapham-sa-5062/13194558
12992658,2026-06-12,12/06/2026,"17 Krowalle Crescent, Hawthorndene SA 5051",Hawthorndene,City of Mitcham & Foothills,Private Treaty (Bán thỏa thuận),Undisclosed,,Price Undisclosed,5,2,4,1272m²,2.99,https://www.homely.com.au/homes/17-krowalle-crescent-hawthorndene-sa-5051/12992658
13155042,2026-06-12,12/06/2026,"44 Glenwood Drive, Bellevue Heights SA 5050",Bellevue Heights,City of Mitcham & Foothills,Private Treaty (Bán thỏa thuận),Undisclosed,,Price Undisclosed,3,1,4,980m²,8.79,https://www.homely.com.au/homes/44-glenwood-drive-bellevue-heights-sa-5050/13155042
13210271,2026-06-12,12/06/2026,"5/17 Albert Street, Payneham SA 5070",Payneham,"Norwood, Campbelltown & North-East Core",Private Treaty (Bán thỏa thuận),Undisclosed,,Price Undisclosed,2,1,1,N/A,6.41,https://www.homely.com.au/homes/5-17-albert-street-payneham-sa-5070/13210271
13219476,2026-06-12,12/06/2026,"73 Canterbury Avenue, Payneham South SA 5070",Payneham South,"Norwood, Campbelltown & North-East Core",Private Treaty (Bán thỏa thuận),Undisclosed,,Price Undisclosed,5,5,4,N/A,6.41,https://www.homely.com.au/homes/73-canterbury-avenue-payneham-south-sa-5070/13219476
13073907,2026-06-12,12/06/2026,"25 Luhrs Road, Payneham South SA 5070",Payneham South,"Norwood, Campbelltown & North-East Core",Private Treaty (Bán thỏa thuận),Undisclosed,,Price Undisclosed,4,1,4,765m²,6.41,https://www.homely.com.au/homes/25-luhrs-road-payneham-south-sa-5070/13073907
13203091,2026-06-12,12/06/2026,"60 Hmas Australia Road, Henley Beach South SA 5022",Henley Beach South,Western Coastal Corridors,Private Treaty (Bán thỏa thuận),Undisclosed,,Price Undisclosed,3,2,2,N/A,12.15,https://www.homely.com.au/homes/60-hmas-australia-road-henley-beach-south-sa/13203091
13014560,2026-06-12,12/06/2026,"14 William Avenue, Henley Beach South SA 5022",Henley Beach South,Western Coastal Corridors,Private Treaty (Bán thỏa thuận),Undisclosed,,Price Undisclosed,4,3,4,N/A,12.15,https://www.homely.com.au/homes/14-william-avenue-henley-beach-south-sa-5022/13014560
13156836,2026-06-12,12/06/2026,"18 Heysen Crescent, West Lakes Shore SA 5020",West Lakes Shore,Western Coastal Corridors,Private Treaty (Bán thỏa thuận),Undisclosed,,Price Undisclosed,5,2,4,404m²,14.63,https://www.homely.com.au/homes/18-heysen-crescent-west-lakes-shore-sa-5020/13156836
12999680,2026-06-12,12/06/2026,"11 Sunnyview Crescent, Ridgehaven SA 5097",Ridgehaven,Adelaide Hills & Tea Tree Gully Safe Enclaves,Private Treaty (Bán thỏa thuận),Undisclosed,,Price Undisclosed,6,3,9,1030m²,16.48,https://www.homely.com.au/homes/11-sunnyview-crescent-ridgehaven-sa-5097/12999680
13147199,2026-06-11,11/06/2026,"55 Queen Street, Glenunga SA 5064",Glenunga,City of Burnside & Core East,Private Treaty (Bán thỏa thuận),Disclosed,1470000,"$1,470,000",4,2,4,560m²,1.24,https://www.homely.com.au/homes/55-queen-street-glenunga-sa-5064/13147199
13019679,2026-06-11,11/06/2026,"34 Moresby Street, Lockleys SA 5032",Lockleys,Western Coastal Corridors,Private Treaty (Bán thỏa thuận),Disclosed,1330000,"$1,330,000",4,2,8,644m²,8.8,https://www.homely.com.au/homes/34-moresby-street-lockleys-sa-5032/13019679
13114866,2026-06-11,11/06/2026,"3 Webb Street, Fulham Gardens SA 5024",Fulham Gardens,Western Coastal Corridors,Private Treaty (Bán thỏa thuận),Disclosed,1125000,"$1,125,000",3,1,4,662m²,10.46,https://www.homely.com.au/homes/3-webb-street-fulham-gardens-sa-5024/13114866
13186631,2026-06-11,11/06/2026,"6/53 Brigalow Avenue, Kensington Gardens SA 5068",Kensington Gardens,City of Burnside & Core East,Private Treaty (Bán thỏa thuận),Disclosed,840000,"$840,000",2,1,1,159m²,4.96,https://www.homely.com.au/homes/6-53-brigalow-avenue-kensington-gardens-sa-50/13186631
13003448,2026-06-11,11/06/2026,"39 Statenborough St, Leabrook SA 5068",Leabrook,City of Burnside & Core East,Private Treaty (Bán thỏa thuận),Undisclosed,,Price Undisclosed,4,2,2,1349m²,4.04,https://www.homely.com.au/homes/39-statenborough-st-leabrook-sa-5068/13003448
13152427,2026-06-11,11/06/2026,"82 Quinton Court, Pasadena SA 5042",Pasadena,City of Mitcham & Foothills,Private Treaty (Bán thỏa thuận),Undisclosed,,Price Undisclosed,5,3,5,780m²,6.11,https://www.homely.com.au/homes/82-quinton-court-pasadena-sa-5042/13152427
13018507,2026-06-11,11/06/2026,"23 Hobart Road, Henley Beach South SA 5022",Henley Beach South,Western Coastal Corridors,Private Treaty (Bán thỏa thuận),Undisclosed,,Price Undisclosed,3,1,4,889m²,12.15,https://www.homely.com.au/homes/23-hobart-road-henley-beach-south-sa-5022/13018507
13150795,2026-06-11,11/06/2026,"25 La Jolla Avenue, Fulham SA 5024",Fulham,Western Coastal Corridors,Private Treaty (Bán thỏa thuận),Undisclosed,,Price Undisclosed,3,2,4,N/A,10.46,https://www.homely.com.au/homes/25-la-jolla-avenue-fulham-sa-5024/13150795
13196219,2026-06-11,11/06/2026,"25 James Leal Drive, Underdale SA 5032",Underdale,Western Coastal Corridors,Private Treaty (Bán thỏa thuận),Undisclosed,,Price Undisclosed,5,2,4,414m²,7.65,https://www.homely.com.au/homes/25-james-leal-drive-underdale-sa-5032/13196219
13218578,2026-06-11,11/06/2026,"6/8A Jervois Street, Glenelg North SA 5045",Glenelg North,Western Coastal Corridors,Private Treaty (Bán thỏa thuận),Undisclosed,,Price Undisclosed,1,1,1,N/A,11.01,https://www.homely.com.au/homes/6-8a-jervois-street-glenelg-north-sa-5045/13218578
13127114,2026-06-11,11/06/2026,"5/67 Wattle Avenue, Hove SA 5048",Hove,Western Coastal Corridors,Private Treaty (Bán thỏa thuận),Undisclosed,,Price Undisclosed,2,1,1,143m²,12.45,https://www.homely.com.au/homes/5-67-wattle-avenue-hove-sa-5048/13127114
13126378,2026-06-10,10/06/2026,"51 Knightsbridge Road, Leabrook SA 5068",Leabrook,City of Burnside & Core East,Private Treaty (Bán thỏa thuận),Disclosed,1700000,"$1,700,000",5,2,2,558m²,4.04,https://www.homely.com.au/homes/51-knightsbridge-road-leabrook-sa-5068/13126378
13099850,2026-06-10,10/06/2026,"12 Delray Street, Fulham SA 5024",Fulham,Western Coastal Corridors,Private Treaty (Bán thỏa thuận),Disclosed,1660000,"$1,660,000",4,1,5,739m²,10.46,https://www.homely.com.au/homes/12-delray-street-fulham-sa-5024/13099850
13195335,2026-06-10,10/06/2026,"25 Tafquin Street, Panorama SA 5041",Panorama,City of Mitcham & Foothills,Private Treaty (Bán thỏa thuận),Disclosed,1655000,"$1,655,000",4,2,2,680m²,5.07,https://www.homely.com.au/homes/25-tafquin-street-panorama-sa-5041/13195335
13191820,2026-06-10,10/06/2026,"27 Vine Street, Surrey Downs SA 5126",Surrey Downs,Adelaide Hills & Tea Tree Gully Safe Enclaves,Private Treaty (Bán thỏa thuận),Disclosed,895000,"$895,000",3,2,1,300m²,19.29,https://www.homely.com.au/homes/27-vine-street-surrey-downs-sa-5126/13191820
13174235,2026-06-10,10/06/2026,"2/14 Ormond Avenue, Daw Park SA 5041",Daw Park,City of Mitcham & Foothills,Private Treaty (Bán thỏa thuận),Disclosed,620000,"$620,000",2,1,1,N/A,5.41,https://www.homely.com.au/homes/2-14-ormond-avenue-daw-park-sa-5041/13174235
12792949,2026-06-10,10/06/2026,"13/251 Glynburn Road, St Morris SA 5068",St Morris,"Norwood, Campbelltown & North-East Core",Private Treaty (Bán thỏa thuận),Disclosed,430000,"$430,000",2,1,1,58m²,4.78,https://www.homely.com.au/homes/13-251-glynburn-road-st-morris-sa-5068/12792949
13194344,2026-06-10,10/06/2026,"2 Hall Street, Fullarton SA 5063",Fullarton,City of Unley & Prestige South,Private Treaty (Bán thỏa thuận),Undisclosed,,Price Undisclosed,4,3,2,408m²,1.24,https://www.homely.com.au/homes/2-hall-street-fullarton-sa-5063/13194344
13175903,2026-06-10,10/06/2026,"3 White Avenue, Crafers SA 5152",Crafers,Adelaide Hills & Tea Tree Gully Safe Enclaves,Private Treaty (Bán thỏa thuận),Undisclosed,,Price Undisclosed,4,2,4,2106m²,7.71,https://www.homely.com.au/homes/3-white-avenue-crafers-sa-5152/13175903
12907377,2026-06-09,09/06/2026,"22 Ron Wait Court, Lockleys SA 5032",Lockleys,Western Coastal Corridors,Private Treaty (Bán thỏa thuận),Disclosed,1950000,"$1,950,000",4,2,2,N/A,8.8,https://www.homely.com.au/homes/22-ron-wait-court-lockleys-sa-5032/12907377
13125666,2026-06-09,09/06/2026,"8 Merriton Avenue, St Marys SA 5042",St Marys,City of Mitcham & Foothills,Private Treaty (Bán thỏa thuận),Disclosed,1430000,"$1,430,000",4,2,4,764m²,6.81,https://www.homely.com.au/homes/8-merriton-avenue-st-marys-sa-5042/13125666
13198384,2026-06-09,09/06/2026,"17 Golden Glow Avenue, Underdale SA 5032",Underdale,Western Coastal Corridors,Private Treaty (Bán thỏa thuận),Disclosed,1350000,"$1,350,000",4,2,3,755m²,7.65,https://www.homely.com.au/homes/17-golden-glow-avenue-underdale-sa-5032/13198384
13171523,2026-06-09,09/06/2026,"4 Flotta Street, Newton SA 5074",Newton,"Norwood, Campbelltown & North-East Core",Private Treaty (Bán thỏa thuận),Disclosed,1300000,"$1,300,000",4,2,2,650m²,9.65,https://www.homely.com.au/homes/4-flotta-street-newton-sa-5074/13171523
13196412,2026-06-09,09/06/2026,"14 Ethel Street, Stirling SA 5152",Stirling,Adelaide Hills & Tea Tree Gully Safe Enclaves,Private Treaty (Bán thỏa thuận),Disclosed,1190000,"$1,190,000",3,1,1,1226m²,9.62,https://www.homely.com.au/homes/14-ethel-street-stirling-sa-5152/13196412
13176502,2026-06-09,09/06/2026,"66 Folkestone Road, South Brighton SA 5048",South Brighton,Western Coastal Corridors,Private Treaty (Bán thỏa thuận),Disclosed,1125000,"$1,125,000",3,1,2,752m²,12.37,https://www.homely.com.au/homes/66-folkestone-road-south-brighton-sa-5048/13176502
13129029,2026-06-09,09/06/2026,"12/17 Colley Terrace, Glenelg SA 5045",Glenelg,Western Coastal Corridors,Private Treaty (Bán thỏa thuận),Disclosed,1000000,"$1,000,000",2,2,1,N/A,11.01,https://www.homely.com.au/homes/12-17-colley-terrace-glenelg-sa-5045/13129029
13136478,2026-06-09,09/06/2026,"77 Cassia Street, Surrey Downs SA 5126",Surrey Downs,Adelaide Hills & Tea Tree Gully Safe Enclaves,Private Treaty (Bán thỏa thuận),Disclosed,1000000,"$1,000,000",4,2,2,N/A,19.29,https://www.homely.com.au/homes/77-cassia-street-surrey-downs-sa-5126/13136478
13169026,2026-06-09,09/06/2026,"10/396 Unley Road, Unley Park SA 5061",Unley Park,City of Unley & Prestige South,Private Treaty (Bán thỏa thuận),Disclosed,875000,"$875,000",2,1,1,N/A,2.78,https://www.homely.com.au/homes/10-396-unley-road-unley-park-sa-5061/13169026
13177117,2026-06-09,09/06/2026,"2/45 Opey Avenue, Hyde Park SA 5061",Hyde Park,City of Unley & Prestige South,Private Treaty (Bán thỏa thuận),Disclosed,845000,"$845,000",2,1,1,83m²,3.2,https://www.homely.com.au/homes/2-45-opey-avenue-hyde-park-sa-5061/13177117
13126026,2026-06-09,09/06/2026,"6/202 Payneham Road, Evandale SA 5069",Evandale,"Norwood, Campbelltown & North-East Core",Private Treaty (Bán thỏa thuận),Undisclosed,,Price Undisclosed,2,1,1,N/A,5.5,https://www.homely.com.au/homes/6-202-payneham-road-evandale-sa-5069/13126026
13213672,2026-06-08,08/06/2026,"1A Caralue Road, Marino SA 5049",Marino,Western Coastal Corridors,Private Treaty (Bán thỏa thuận),Disclosed,2500020,"$2,500,020",5,3,6,1011m²,14.91,https://www.homely.com.au/homes/1a-caralue-road-marino-sa-5049/13213672
13141260,2026-06-08,08/06/2026,"4 Federation Court, Bellevue Heights SA 5050",Bellevue Heights,City of Mitcham & Foothills,Private Treaty (Bán thỏa thuận),Disclosed,1860000,"$1,860,000",5,5,6,1028m²,8.79,https://www.homely.com.au/homes/4-federation-court-bellevue-heights-sa-5050/13141260
13201332,2026-06-08,08/06/2026,"6 Myall Court, Golden Grove SA 5125",Golden Grove,Adelaide Hills & Tea Tree Gully Safe Enclaves,Private Treaty (Bán thỏa thuận),Disclosed,1225000,"$1,225,000",4,2,2,630m²,20.78,https://www.homely.com.au/homes/6-myall-court-golden-grove-sa-5125/13201332
13181418,2026-06-08,08/06/2026,"37 Fourth Avenue, Semaphore Park SA 5019",Semaphore Park,Western Coastal Corridors,Private Treaty (Bán thỏa thuận),Disclosed,955000,"$955,000",3,1,2,320m²,17.73,https://www.homely.com.au/homes/37-fourth-avenue-semaphore-park-sa-5019/13181418
13195334,2026-06-08,08/06/2026,"1/9 Rose Street, Glenelg SA 5045",Glenelg,Western Coastal Corridors,Private Treaty (Bán thỏa thuận),Disclosed,598500,"$598,500",2,1,1,N/A,11.01,https://www.homely.com.au/homes/1-9-rose-street-glenelg-sa-5045/13195334
13176051,2026-06-08,08/06/2026,"36 Kandahar Crescent, Colonel Light Gardens SA 5041",Colonel Light Gardens,City of Mitcham & Foothills,Private Treaty (Bán thỏa thuận),Undisclosed,,Price Undisclosed,4,2,3,1010m²,4.41,https://www.homely.com.au/homes/36-kandahar-crescent-colonel-light-gardens-sa/13176051
13177207,2026-06-06,06/06/2026,"11 Austral Terrace, Malvern SA 5061",Malvern,City of Unley & Prestige South,Private Treaty (Bán thỏa thuận),Disclosed,2000000,"$2,000,000",3,2,3,650m²,2.2,https://www.homely.com.au/homes/11-austral-terrace-malvern-sa-5061/13177207
13154343,2026-06-06,06/06/2026,"5 Culley Street, Clarence Park SA 5034",Clarence Park,City of Unley & Prestige South,Private Treaty (Bán thỏa thuận),Disclosed,2000000,"$2,000,000",4,2,2,696m²,4.54,https://www.homely.com.au/homes/5-culley-street-clarence-park-sa-5034/13154343
13177119,2026-06-06,06/06/2026,"1 Aroha Terrace, Forestville SA 5035",Forestville,City of Unley & Prestige South,Private Treaty (Bán thỏa thuận),Disclosed,1905000,"$1,905,000",3,2,2,434m²,5.03,https://www.homely.com.au/homes/1-aroha-terrace-forestville-sa-5035/13177119
13171248,2026-06-06,06/06/2026,"22 Ashleigh Avenue, Felixstow SA 5070",Felixstow,"Norwood, Campbelltown & North-East Core",Private Treaty (Bán thỏa thuận),Disclosed,1503000,"$1,503,000",4,2,6,796m²,6.96,https://www.homely.com.au/homes/22-ashleigh-avenue-felixstow-sa-5070/13171248
13126828,2026-06-06,06/06/2026,"10 Keats Grove, Fulham Gardens SA 5024",Fulham Gardens,Western Coastal Corridors,Private Treaty (Bán thỏa thuận),Disclosed,1280000,"$1,280,000",4,2,5,580m²,10.46,https://www.homely.com.au/homes/10-keats-grove-fulham-gardens-sa-5024/13126828
13194345,2026-06-06,06/06/2026,"14 La Perouse Avenue, Flinders Park SA 5025",Flinders Park,Western Coastal Corridors,Private Treaty (Bán thỏa thuận),Disclosed,974000,"$974,000",2,1,2,408m²,8.61,https://www.homely.com.au/homes/14-la-perouse-avenue-flinders-park-sa-5025/13194345
13158239,2026-06-06,06/06/2026,"117 L'Estrange Street, Glenunga SA 5064",Glenunga,City of Burnside & Core East,Private Treaty (Bán thỏa thuận),Undisclosed,,Price Undisclosed,3,1,6,952.5m²,1.24,https://www.homely.com.au/homes/117-lestrange-street-glenunga-sa-5064/13158239
13200254,2026-06-06,06/06/2026,"5 Mahar Street, Kensington Gardens SA 5068",Kensington Gardens,City of Burnside & Core East,Private Treaty (Bán thỏa thuận),Undisclosed,,Price Undisclosed,4,2,4,601m²,4.96,https://www.homely.com.au/homes/5-mahar-street-kensington-gardens-sa-5068/13200254
13179430,2026-06-06,06/06/2026,"16 Salop Street, Beulah Park SA 5067",Beulah Park,City of Burnside & Core East,Private Treaty (Bán thỏa thuận),Undisclosed,,Price Undisclosed,5,1,3,813m²,4.39,https://www.homely.com.au/homes/16-salop-street-beulah-park-sa-5067/13179430
13169503,2026-06-06,06/06/2026,"42 The Strand, Colonel Light Gardens SA 5041",Colonel Light Gardens,City of Mitcham & Foothills,Private Treaty (Bán thỏa thuận),Undisclosed,,Price Undisclosed,3,1,2,690m²,4.41,https://www.homely.com.au/homes/42-the-strand-colonel-light-gardens-sa-5041/13169503
13170689,2026-06-06,06/06/2026,"33 Dudley Avenue, Daw Park SA 5041",Daw Park,City of Mitcham & Foothills,Private Treaty (Bán thỏa thuận),Undisclosed,,Price Undisclosed,4,3,2,836m²,5.41,https://www.homely.com.au/homes/33-dudley-avenue-daw-park-sa-5041/13170689
13176264,2026-06-06,06/06/2026,"2/1 Waikiki Court, West Lakes SA 5021",West Lakes,Western Coastal Corridors,Private Treaty (Bán thỏa thuận),Undisclosed,,Price Undisclosed,2,1,2,N/A,14.63,https://www.homely.com.au/homes/2-1-waikiki-court-west-lakes-sa-5021/13176264
13041925,2026-06-05,05/06/2026,"28 Esmond Street, Hyde Park SA 5061",Hyde Park,City of Unley & Prestige South,Private Treaty (Bán thỏa thuận),Disclosed,1580000,"$1,580,000",2,2,1,N/A,3.2,https://www.homely.com.au/homes/28-esmond-street-hyde-park-sa-5061/13041925
13151907,2026-06-05,05/06/2026,"27 Adelphi Terrace, Glenelg North SA 5045",Glenelg North,Western Coastal Corridors,Private Treaty (Bán thỏa thuận),Disclosed,1510000,"$1,510,000",2,1,3,406m²,11.01,https://www.homely.com.au/homes/27-adelphi-terrace-glenelg-north-sa-5045/13151907
13128593,2026-06-05,05/06/2026,"20 Hakea Avenue, Athelstone SA 5076",Athelstone,"Norwood, Campbelltown & North-East Core",Private Treaty (Bán thỏa thuận),Disclosed,1300000,"$1,300,000",4,3,3,620m²,10.85,https://www.homely.com.au/homes/20-hakea-avenue-athelstone-sa-5076/13128593
13176408,2026-06-05,05/06/2026,"33 Leombruno Street, Newton SA 5074",Newton,"Norwood, Campbelltown & North-East Core",Private Treaty (Bán thỏa thuận),Disclosed,1200000,"$1,200,000",3,2,4,453m²,9.65,https://www.homely.com.au/homes/33-leombruno-street-newton-sa-5074/13176408
13143827,2026-06-05,05/06/2026,"16 Bradbrook Road, Athelstone SA 5076",Athelstone,"Norwood, Campbelltown & North-East Core",Private Treaty (Bán thỏa thuận),Disclosed,1175000,"$1,175,000",4,2,3,697m²,10.85,https://www.homely.com.au/homes/16-bradbrook-road-athelstone-sa-5076/13143827
13090693,2026-06-05,05/06/2026,"18 Turners Avenue, Coromandel Valley SA 5051",Coromandel Valley,City of Mitcham & Foothills,Private Treaty (Bán thỏa thuận),Disclosed,1090000,"$1,090,000",3,2,4,1203m²,9.16,https://www.homely.com.au/homes/18-turners-avenue-coromandel-valley-sa-5051/13090693
13154655,2026-06-05,05/06/2026,"5/1 Orient Road, Kensington Gardens SA 5068",Kensington Gardens,City of Burnside & Core East,Private Treaty (Bán thỏa thuận),Disclosed,820000,"$820,000",2,1,1,135m²,4.96,https://www.homely.com.au/homes/5-1-orient-road-kensington-gardens-sa-5068/13154655
13177121,2026-06-05,05/06/2026,"4/10 Lincoln Street, Kensington Gardens SA 5068",Kensington Gardens,City of Burnside & Core East,Private Treaty (Bán thỏa thuận),Disclosed,790000,"$790,000",2,1,1,133m²,4.96,https://www.homely.com.au/homes/4-10-lincoln-street-kensington-gardens-sa-506/13177121
13055154,2026-06-05,05/06/2026,"286 Main Road, Blackwood SA 5051",Blackwood,City of Mitcham & Foothills,Private Treaty (Bán thỏa thuận),Disclosed,775000,"$775,000",2,1,2,1400m²,7.07,https://www.homely.com.au/homes/286-main-road-blackwood-sa-5051/13055154
13137492,2026-06-05,05/06/2026,"2/41 Edward Street, Daw Park SA 5041",Daw Park,City of Mitcham & Foothills,Private Treaty (Bán thỏa thuận),Disclosed,740000,"$740,000",2,1,1,150m²,5.41,https://www.homely.com.au/homes/2-41-edward-street-daw-park-sa-5041/13137492
13120092,2026-06-05,05/06/2026,"8/395 Tapleys Hill Road, Fulham Gardens SA 5024",Fulham Gardens,Western Coastal Corridors,Private Treaty (Bán thỏa thuận),Disclosed,595000,"$595,000",2,1,2,198m²,10.46,https://www.homely.com.au/homes/8-395-tapleys-hill-road-fulham-gardens-sa-502/13120092
13107103,2026-06-05,05/06/2026,"20 Wyatt Road, Burnside SA 5066",Burnside,City of Burnside & Core East,Private Treaty (Bán thỏa thuận),Undisclosed,,Price Undisclosed,4,3,2,N/A,3.83,https://www.homely.com.au/homes/20-wyatt-road-burnside-sa-5066/13107103
13060390,2026-06-05,05/06/2026,"4/59 Palmerston Road, Unley SA 5061",Unley,City of Unley & Prestige South,Private Treaty (Bán thỏa thuận),Undisclosed,,Price Undisclosed,2,1,1,N/A,2.78,https://www.homely.com.au/homes/4-59-palmerston-road-unley-sa-5061/13060390
13099390,2026-06-05,05/06/2026,"39 Hawthorndene Drive, Glenalta SA 5052",Glenalta,City of Mitcham & Foothills,Private Treaty (Bán thỏa thuận),Undisclosed,,Price Undisclosed,4,2,2,690m²,5.9,https://www.homely.com.au/homes/39-hawthorndene-drive-glenalta-sa-5052/13099390
13200428,2026-06-05,05/06/2026,"23 Ninth Avenue, St Peters SA 5069",St Peters,"Norwood, Campbelltown & North-East Core",Private Treaty (Bán thỏa thuận),Undisclosed,,Price Undisclosed,4,3,4,730m²,5.12,https://www.homely.com.au/homes/23-ninth-avenue-st-peters-sa-5069/13200428
13167997,2026-06-05,05/06/2026,"3 Ross Street, Brighton SA 5048",Brighton,Western Coastal Corridors,Private Treaty (Bán thỏa thuận),Undisclosed,,Price Undisclosed,3,1,4,719m²,12.37,https://www.homely.com.au/homes/3-ross-street-brighton-sa-5048/13167997
13104018,2026-06-05,05/06/2026,"9/14 Sandstock Boulevard, Golden Grove SA 5125",Golden Grove,Adelaide Hills & Tea Tree Gully Safe Enclaves,Private Treaty (Bán thỏa thuận),Undisclosed,,Price Undisclosed,3,2,2,215m²,20.78,https://www.homely.com.au/homes/9-14-sandstock-boulevard-golden-grove-sa-5125/13104018
13092066,2026-06-05,05/06/2026,"11 Bartlett Court, Golden Grove SA 5125",Golden Grove,Adelaide Hills & Tea Tree Gully Safe Enclaves,Private Treaty (Bán thỏa thuận),Undisclosed,,Price Undisclosed,3,2,2,208m²,20.78,https://www.homely.com.au/homes/11-bartlett-court-golden-grove-sa-5125/13092066
13169054,2026-06-04,04/06/2026,"15 Drysdale Court, West Lakes Shore SA 5020",West Lakes Shore,Western Coastal Corridors,Private Treaty (Bán thỏa thuận),Disclosed,1465000,"$1,465,000",4,2,2,430m²,14.63,https://www.homely.com.au/homes/15-drysdale-court-west-lakes-shore-sa-5020/13169054
13153467,2026-06-04,04/06/2026,"540 Milne Road, Redwood Park SA 5097",Redwood Park,Adelaide Hills & Tea Tree Gully Safe Enclaves,Private Treaty (Bán thỏa thuận),Disclosed,881000,"$881,000",3,2,1,347m²,17.11,https://www.homely.com.au/homes/540-milne-road-redwood-park-sa-5097/13153467
13189789,2026-06-04,04/06/2026,"16/181 Payneham Road, St Peters SA 5069",St Peters,"Norwood, Campbelltown & North-East Core",Private Treaty (Bán thỏa thuận),Disclosed,516000,"$516,000",2,1,1,N/A,5.12,https://www.homely.com.au/homes/16-181-payneham-road-st-peters-sa-5069/13189789
13045425,2026-06-04,04/06/2026,"4/81 Edward Street, Daw Park SA 5041",Daw Park,City of Mitcham & Foothills,Private Treaty (Bán thỏa thuận),Undisclosed,,Price Undisclosed,2,1,1,N/A,5.41,https://www.homely.com.au/homes/4-81-edward-street-daw-park-sa-5041/13045425
13153145,2026-06-04,04/06/2026,"1A Derwent Crescent, Banksia Park SA 5091",Banksia Park,Adelaide Hills & Tea Tree Gully Safe Enclaves,Private Treaty (Bán thỏa thuận),Undisclosed,,Price Undisclosed,4,2,2,347m²,18.32,https://www.homely.com.au/homes/1a-derwent-crescent-banksia-park-sa-5091/13153145
13175363,2026-06-03,03/06/2026,"52 Green Street, St Morris SA 5068",St Morris,"Norwood, Campbelltown & North-East Core",Private Treaty (Bán thỏa thuận),Disclosed,1975000,"$1,975,000",4,2,4,643m²,4.78,https://www.homely.com.au/homes/52-green-street-st-morris-sa-5068/13175363
13196062,2026-06-03,03/06/2026,"16A Aroha Terrace, Black Forest SA 5035",Black Forest,City of Unley & Prestige South,Private Treaty (Bán thỏa thuận),Disclosed,1675000,"$1,675,000",4,2,3,528m²,5.38,https://www.homely.com.au/homes/16a-aroha-terrace-black-forest-sa-5035/13196062
13175314,2026-06-03,03/06/2026,"11 Stott Place, Stirling SA 5152",Stirling,Adelaide Hills & Tea Tree Gully Safe Enclaves,Private Treaty (Bán thỏa thuận),Disclosed,1640000,"$1,640,000",4,2,4,2000m²,9.62,https://www.homely.com.au/homes/11-stott-place-stirling-sa-5152/13175314
13172927,2026-06-03,03/06/2026,"8 Carolyn Avenue, Fulham SA 5024",Fulham,Western Coastal Corridors,Private Treaty (Bán thỏa thuận),Disclosed,1454000,"$1,454,000",3,2,1,687m²,10.46,https://www.homely.com.au/homes/8-carolyn-avenue-fulham-sa-5024/13172927
13154230,2026-06-03,03/06/2026,"3B Esmond Street, Hyde Park SA 5061",Hyde Park,City of Unley & Prestige South,Private Treaty (Bán thỏa thuận),Disclosed,1130000,"$1,130,000",2,1,1,286m²,3.2,https://www.homely.com.au/homes/3b-esmond-street-hyde-park-sa-5061/13154230
13191849,2026-06-03,03/06/2026,"80 Ridgehaven Drive, Bellevue Heights SA 5050",Bellevue Heights,City of Mitcham & Foothills,Private Treaty (Bán thỏa thuận),Disclosed,1045000,"$1,045,000",3,1,2,637m²,8.79,https://www.homely.com.au/homes/80-ridgehaven-drive-bellevue-heights-sa-5050/13191849
13173153,2026-06-03,03/06/2026,"4 Polar Court, Greenwith SA 5125",Greenwith,Adelaide Hills & Tea Tree Gully Safe Enclaves,Private Treaty (Bán thỏa thuận),Disclosed,980000,"$980,000",4,2,2,693m²,22.4,https://www.homely.com.au/homes/4-polar-court-greenwith-sa-5125/13173153
13012011,2026-06-03,03/06/2026,"47 Cashel Street, Pasadena SA 5042",Pasadena,City of Mitcham & Foothills,Private Treaty (Bán thỏa thuận),Disclosed,805000,"$805,000",3,1,1,452m²,6.11,https://www.homely.com.au/homes/47-cashel-street-pasadena-sa-5042/13012011
13167796,2026-06-03,03/06/2026,"3/1A Winston Avenue, Cumberland Park SA 5041",Cumberland Park,City of Mitcham & Foothills,Private Treaty (Bán thỏa thuận),Disclosed,560000,"$560,000",2,1,1,N/A,4.27,https://www.homely.com.au/homes/3-1a-winston-avenue-cumberland-park-sa-5041/13167796
13074217,2026-06-03,03/06/2026,"9A Hyland Terrace, Rosslyn Park SA 5072",Rosslyn Park,City of Burnside & Core East,Private Treaty (Bán thỏa thuận),Undisclosed,,Price Undisclosed,4,2,2,549m²,5.6,https://www.homely.com.au/homes/9a-hyland-terrace-rosslyn-park-sa-5072/13074217
13028781,2026-06-03,03/06/2026,"39 View Street, Lower Mitcham SA 5062",Lower Mitcham,City of Mitcham & Foothills,Private Treaty (Bán thỏa thuận),Undisclosed,,Price Undisclosed,5,3,2,749m²,2.68,https://www.homely.com.au/homes/39-view-street-lower-mitcham-sa-5062/13028781
13097188,2026-06-03,03/06/2026,"3 Red Road, Blackwood SA 5051",Blackwood,City of Mitcham & Foothills,Private Treaty (Bán thỏa thuận),Undisclosed,,Price Undisclosed,5,3,8,2400m²,7.07,https://www.homely.com.au/homes/3-red-road-blackwood-sa-5051/13097188
13189415,2026-06-03,03/06/2026,"15 Morcomb Street, Stepney SA 5069",Stepney,"Norwood, Campbelltown & North-East Core",Private Treaty (Bán thỏa thuận),Undisclosed,,Price Undisclosed,3,2,2,N/A,4.73,https://www.homely.com.au/homes/15-morcomb-street-stepney-sa-5069/13189415
13054681,2026-06-03,03/06/2026,"4/6C Fisher Street, Felixstow SA 5070",Felixstow,"Norwood, Campbelltown & North-East Core",Private Treaty (Bán thỏa thuận),Undisclosed,,Price Undisclosed,3,2,1,213m²,6.96,https://www.homely.com.au/homes/4-6c-fisher-street-felixstow-sa-5070/13054681
13171741,2026-06-03,03/06/2026,"458 Gorge Road, Athelstone SA 5076",Athelstone,"Norwood, Campbelltown & North-East Core",Private Treaty (Bán thỏa thuận),Undisclosed,,Price Undisclosed,4,2,7,2750m²,10.85,https://www.homely.com.au/homes/458-gorge-road-athelstone-sa-5076/13171741
12863319,2026-06-03,03/06/2026,"15 Atkin Street, Henley Beach SA 5022",Henley Beach,Western Coastal Corridors,Private Treaty (Bán thỏa thuận),Undisclosed,,Price Undisclosed,3,2,1,332m²,12.15,https://www.homely.com.au/homes/15-atkin-street-henley-beach-sa-5022/12863319
13153339,2026-06-03,03/06/2026,"8/46 Military Road, West Beach SA 5024",West Beach,Western Coastal Corridors,Private Treaty (Bán thỏa thuận),Undisclosed,,Price Undisclosed,2,1,1,62m²,11.62,https://www.homely.com.au/homes/8-46-military-road-west-beach-sa-5024/13153339
13019951,2026-06-03,03/06/2026,"1 Illawara Court, West Lakes Shore SA 5020",West Lakes Shore,Western Coastal Corridors,Private Treaty (Bán thỏa thuận),Undisclosed,,Price Undisclosed,4,3,2,340m²,14.63,https://www.homely.com.au/homes/1-illawara-court-west-lakes-shore-sa-5020/13019951
13152362,2026-06-03,03/06/2026,"101A Harding Street, Somerton Park SA 5044",Somerton Park,Western Coastal Corridors,Private Treaty (Bán thỏa thuận),Undisclosed,,Price Undisclosed,4,2,2,411m²,10.75,https://www.homely.com.au/homes/101a-harding-street-somerton-park-sa-5044/13152362
13173143,2026-06-03,03/06/2026,"440 Milne Road, Redwood Park SA 5097",Redwood Park,Adelaide Hills & Tea Tree Gully Safe Enclaves,Private Treaty (Bán thỏa thuận),Undisclosed,,Price Undisclosed,4,1,1,560m²,17.11,https://www.homely.com.au/homes/440-milne-road-redwood-park-sa-5097/13173143
13050610,2026-06-03,03/06/2026,"23 Reids Road, Highbury SA 5089",Highbury,Adelaide Hills & Tea Tree Gully Safe Enclaves,Private Treaty (Bán thỏa thuận),Undisclosed,,Price Undisclosed,4,2,2,771m²,12.87,https://www.homely.com.au/homes/23-reids-road-highbury-sa-5089/13050610
13155127,2026-06-02,02/06/2026,"5 Cottesloe Street, West Beach SA 5024",West Beach,Western Coastal Corridors,Private Treaty (Bán thỏa thuận),Disclosed,3715000,"$3,715,000",5,4,5,751m²,11.62,https://www.homely.com.au/homes/5-cottesloe-street-west-beach-sa-5024/13155127
13037665,2026-06-02,02/06/2026,"35 Breaker Street, St Morris SA 5068",St Morris,"Norwood, Campbelltown & North-East Core",Private Treaty (Bán thỏa thuận),Disclosed,1880000,"$1,880,000",4,2,3,610m²,4.78,https://www.homely.com.au/homes/35-breaker-street-st-morris-sa-5068/13037665
13000207,2026-06-02,02/06/2026,"17 Old Sheoak Court, Highbury SA 5089",Highbury,Adelaide Hills & Tea Tree Gully Safe Enclaves,Private Treaty (Bán thỏa thuận),Disclosed,1400000,"$1,400,000",4,2,2,644m²,12.87,https://www.homely.com.au/homes/17-old-sheoak-court-highbury-sa-5089/13000207
13080109,2026-06-02,02/06/2026,"4A Shelley Avenue, Fulham Gardens SA 5024",Fulham Gardens,Western Coastal Corridors,Private Treaty (Bán thỏa thuận),Disclosed,1360000,"$1,360,000",3,2,2,325m²,10.46,https://www.homely.com.au/homes/4a-shelley-avenue-fulham-gardens-sa-5024/13080109
13125132,2026-06-02,02/06/2026,"20a Neath Avenue, South Brighton SA 5048",South Brighton,Western Coastal Corridors,Private Treaty (Bán thỏa thuận),Disclosed,1300000,"$1,300,000",3,2,2,421m²,12.37,https://www.homely.com.au/homes/20a-neath-avenue-south-brighton-sa-5048/13125132
13150980,2026-06-02,02/06/2026,"3/9 Mathias Avenue, Cumberland Park SA 5041",Cumberland Park,City of Mitcham & Foothills,Private Treaty (Bán thỏa thuận),Disclosed,950000,"$950,000",3,2,2,219m²,4.27,https://www.homely.com.au/homes/3-9-mathias-avenue-cumberland-park-sa-5041/13150980
13177433,2026-06-02,02/06/2026,"3/1 Vizard Road, Tea Tree Gully SA 5091",Tea Tree Gully,Adelaide Hills & Tea Tree Gully Safe Enclaves,Private Treaty (Bán thỏa thuận),Disclosed,750000,"$750,000",2,1,2,N/A,16.9,https://www.homely.com.au/homes/3-1-vizard-road-tea-tree-gully-sa-5091/13177433
13153450,2026-06-02,02/06/2026,"3/30 Birdwood Street, Mitcham SA 5062",Mitcham,City of Mitcham & Foothills,Private Treaty (Bán thỏa thuận),Disclosed,727000,"$727,000",2,1,1,N/A,2.68,https://www.homely.com.au/homes/3-30-birdwood-street-mitcham-sa-5062/13153450
13152886,2026-06-02,02/06/2026,"6/3 Orchard Avenue, Everard Park SA 5035",Everard Park,City of Unley & Prestige South,Private Treaty (Bán thỏa thuận),Disclosed,712000,"$712,000",2,1,1,N/A,4.93,https://www.homely.com.au/homes/6-3-orchard-avenue-everard-park-sa-5035/13152886
13177205,2026-06-02,02/06/2026,"17 Woodhurst Avenue, Hyde Park SA 5061",Hyde Park,City of Unley & Prestige South,Private Treaty (Bán thỏa thuận),Undisclosed,,Price Undisclosed,2,1,1,N/A,3.2,https://www.homely.com.au/homes/17-woodhurst-avenue-hyde-park-sa-5061/13177205
13191846,2026-06-02,02/06/2026,"4C/58 William Street, Norwood SA 5067",Norwood,"Norwood, Campbelltown & North-East Core",Private Treaty (Bán thỏa thuận),Undisclosed,,Price Undisclosed,1,1,1,N/A,4.01,https://www.homely.com.au/homes/4c-58-william-street-norwood-sa-5067/13191846
13117101,2026-06-02,02/06/2026,"5/6 Vailima Court, Hackney SA 5069",Hackney,"Norwood, Campbelltown & North-East Core",Private Treaty (Bán thỏa thuận),Undisclosed,,Price Undisclosed,3,1,1,152m²,5.02,https://www.homely.com.au/homes/5-6-vailima-court-hackney-sa-5069/13117101
13152476,2026-06-02,02/06/2026,"17a Harrow Road, Kidman Park SA 5025",Kidman Park,Western Coastal Corridors,Private Treaty (Bán thỏa thuận),Undisclosed,,Price Undisclosed,4,2,2,403m²,9.7,https://www.homely.com.au/homes/17a-harrow-road-kidman-park-sa-5025/13152476
13057860,2026-06-02,02/06/2026,"42 Huntriss Street, Torrensville SA 5031",Torrensville,Western Coastal Corridors,Private Treaty (Bán thỏa thuận),Undisclosed,,Price Undisclosed,3,1,2,295m²,6.47,https://www.homely.com.au/homes/42-huntriss-street-torrensville-sa-5031/13057860
13126294,2026-06-02,02/06/2026,"5 Salisbury Street, Somerton Park SA 5044",Somerton Park,Western Coastal Corridors,Private Treaty (Bán thỏa thuận),Undisclosed,,Price Undisclosed,4,2,2,352m²,10.75,https://www.homely.com.au/homes/5-salisbury-street-somerton-park-sa-5044/13126294
13049560,2026-06-02,02/06/2026,"55 Parsons Road, Dernancourt SA 5075",Dernancourt,Adelaide Hills & Tea Tree Gully Safe Enclaves,Private Treaty (Bán thỏa thuận),Undisclosed,,Price Undisclosed,3,1,2,621m²,11.46,https://www.homely.com.au/homes/55-parsons-road-dernancourt-sa-5075/13049560
12596124,2026-06-01,01/06/2026,"12 McLaren Street, Torrens Park SA 5062",Torrens Park,City of Mitcham & Foothills,Private Treaty (Bán thỏa thuận),Disclosed,2965000,"$2,965,000",6,4,4,669m²,2.77,https://www.homely.com.au/homes/12-mclaren-street-torrens-park-sa-5062/12596124
13034812,2026-06-01,01/06/2026,"2A Ocean Avenue, West Beach SA 5024",West Beach,Western Coastal Corridors,Private Treaty (Bán thỏa thuận),Disclosed,2450000,"$2,450,000",4,2,4,462m²,11.62,https://www.homely.com.au/homes/2a-ocean-avenue-west-beach-sa-5024/13034812
12684735,2026-06-01,01/06/2026,"30 Short Crescent, Beaumont SA 5066",Beaumont,City of Burnside & Core East,Private Treaty (Bán thỏa thuận),Disclosed,2383888,"$2,383,888",5,3,4,885m²,3.12,https://www.homely.com.au/homes/30-short-crescent-beaumont-sa-5066/12684735
13100853,2026-06-01,01/06/2026,"10 Tennyson Drive, Beaumont SA 5066",Beaumont,City of Burnside & Core East,Private Treaty (Bán thỏa thuận),Disclosed,2215000,"$2,215,000",3,1,3,1240m²,3.12,https://www.homely.com.au/homes/10-tennyson-drive-beaumont-sa-5066/13100853
13122769,2026-06-01,01/06/2026,"21 Lowan Avenue, Glenalta SA 5052",Glenalta,City of Mitcham & Foothills,Private Treaty (Bán thỏa thuận),Disclosed,1230000,"$1,230,000",3,2,5,1847m²,5.9,https://www.homely.com.au/homes/21-lowan-avenue-glenalta-sa-5052/13122769
13173775,2026-06-01,01/06/2026,"2 Rodeo Drive, Wynn Vale SA 5127",Wynn Vale,Adelaide Hills & Tea Tree Gully Safe Enclaves,Private Treaty (Bán thỏa thuận),Disclosed,1223000,"$1,223,000",4,2,2,1193m²,18.49,https://www.homely.com.au/homes/2-rodeo-drive-wynn-vale-sa-5127/13173775
13059229,2026-06-01,01/06/2026,"86 West Street, Torrensville SA 5031",Torrensville,Western Coastal Corridors,Private Treaty (Bán thỏa thuận),Disclosed,980000,"$980,000",2,2,3,366m²,6.47,https://www.homely.com.au/homes/86-west-street-torrensville-sa-5031/13059229
13160425,2026-06-01,01/06/2026,"4/5 Hall Street, Fullarton SA 5063",Fullarton,City of Unley & Prestige South,Private Treaty (Bán thỏa thuận),Disclosed,765000,"$765,000",2,1,1,N/A,1.24,https://www.homely.com.au/homes/4-5-hall-street-fullarton-sa-5063/13160425
13101861,2026-06-01,01/06/2026,"4/23 Colley Terrace, Glenelg SA 5045",Glenelg,Western Coastal Corridors,Private Treaty (Bán thỏa thuận),Disclosed,742000,"$742,000",2,1,1,N/A,11.01,https://www.homely.com.au/homes/4-23-colley-terrace-glenelg-sa-5045/13101861
13169139,2026-06-01,01/06/2026,"2/66 Military Road, West Beach SA 5024",West Beach,Western Coastal Corridors,Private Treaty (Bán thỏa thuận),Disclosed,595000,"$595,000",2,1,1,N/A,11.62,https://www.homely.com.au/homes/2-66-military-road-west-beach-sa-5024/13169139
12875036,2026-06-01,01/06/2026,"12/14 Kapunda Terrace, Payneham SA 5070",Payneham,"Norwood, Campbelltown & North-East Core",Private Treaty (Bán thỏa thuận),Disclosed,558000,"$558,000",2,1,1,80m²,6.41,https://www.homely.com.au/homes/12-14-kapunda-terrace-payneham-sa-5070/12875036
13132375,2026-06-01,01/06/2026,"1 The Common, Beaumont SA 5066",Beaumont,City of Burnside & Core East,Private Treaty (Bán thỏa thuận),Undisclosed,,Price Undisclosed,4,2,6,515m²,3.12,https://www.homely.com.au/homes/1-the-common-beaumont-sa-5066/13132375
13060177,2026-06-01,01/06/2026,"41A Catherine Street, Clapham SA 5062",Clapham,City of Mitcham & Foothills,Private Treaty (Bán thỏa thuận),Undisclosed,,Price Undisclosed,3,2,4,704m²,4.05,https://www.homely.com.au/homes/41a-catherine-street-clapham-sa-5062/13060177
13180140,2026-06-01,01/06/2026,"15 Kinedana Street, Eden Hills SA 5050",Eden Hills,City of Mitcham & Foothills,Private Treaty (Bán thỏa thuận),Undisclosed,,Price Undisclosed,4,2,2,838m²,7.12,https://www.homely.com.au/homes/15-kinedana-street-eden-hills-sa-5050/13180140
13110056,2026-06-01,01/06/2026,"1 Menura Avenue, Glenalta SA 5052",Glenalta,City of Mitcham & Foothills,Private Treaty (Bán thỏa thuận),Undisclosed,,Price Undisclosed,3,2,2,920m²,5.9,https://www.homely.com.au/homes/1-menura-avenue-glenalta-sa-5052/13110056
13144222,2026-06-01,01/06/2026,"62 Harrow Road, College Park SA 5069",College Park,"Norwood, Campbelltown & North-East Core",Private Treaty (Bán thỏa thuận),Undisclosed,,Price Undisclosed,3,2,1,700m²,4.89,https://www.homely.com.au/homes/62-harrow-road-college-park-sa-5069/13144222
13089265,2026-06-01,01/06/2026,"112 Seventh Avenue, Joslin SA 5070",Joslin,"Norwood, Campbelltown & North-East Core",Private Treaty (Bán thỏa thuận),Undisclosed,,Price Undisclosed,4,2,2,767m²,6.99,https://www.homely.com.au/homes/112-seventh-avenue-joslin-sa-5070/13089265
13152863,2026-05-31,31/05/2026,"18 Arthur Street, Ridgehaven SA 5097",Ridgehaven,Adelaide Hills & Tea Tree Gully Safe Enclaves,Private Treaty (Bán thỏa thuận),Undisclosed,,Price Undisclosed,3,2,3,873m²,16.48,https://www.homely.com.au/homes/18-arthur-street-ridgehaven-sa-5097/13152863
13133016,2026-05-30,30/05/2026,"12 Amherst Ave, Trinity Gardens SA 5068",Trinity Gardens,"Norwood, Campbelltown & North-East Core",Private Treaty (Bán thỏa thuận),Disclosed,2400000,"$2,400,000",5,2,2,889m²,4.82,https://www.homely.com.au/homes/12-amherst-ave-trinity-gardens-sa-5068/13133016
13195895,2026-05-30,30/05/2026,"29a Ludgate Hill Road, Aldgate SA 5154",Aldgate,Adelaide Hills & Tea Tree Gully Safe Enclaves,Private Treaty (Bán thỏa thuận),Disclosed,1700000,"$1,700,000",4,3,5,2000m²,11.23,https://www.homely.com.au/homes/29a-ludgate-hill-road-aldgate-sa-5154/13195895
13131389,2026-05-30,30/05/2026,"1/155 Esplanade, Brighton SA 5048",Brighton,Western Coastal Corridors,Private Treaty (Bán thỏa thuận),Disclosed,1580000,"$1,580,000",2,1,2,N/A,12.37,https://www.homely.com.au/homes/1-155-esplanade-brighton-sa-5048/13131389
13052332,2026-05-30,30/05/2026,"11 Fawnbrake Crescent, West Beach SA 5024",West Beach,Western Coastal Corridors,Private Treaty (Bán thỏa thuận),Disclosed,1450000,"$1,450,000",4,2,4,480m²,11.62,https://www.homely.com.au/homes/11-fawnbrake-crescent-west-beach-sa-5024/13052332
13151148,2026-05-30,30/05/2026,"39 Dixon Street, Clarence Park SA 5034",Clarence Park,City of Unley & Prestige South,Private Treaty (Bán thỏa thuận),Disclosed,1250000,"$1,250,000",2,1,2,464m²,4.54,https://www.homely.com.au/homes/39-dixon-street-clarence-park-sa-5034/13151148
13147360,2026-05-30,30/05/2026,"26 Lovelock Street, Highbury SA 5089",Highbury,Adelaide Hills & Tea Tree Gully Safe Enclaves,Private Treaty (Bán thỏa thuận),Disclosed,1230000,"$1,230,000",4,2,4,415m²,12.87,https://www.homely.com.au/homes/26-lovelock-street-highbury-sa-5089/13147360
13154233,2026-05-30,30/05/2026,"19B Weller Street, Goodwood SA 5034",Goodwood,City of Unley & Prestige South,Private Treaty (Bán thỏa thuận),Disclosed,1155000,"$1,155,000",2,1,1,N/A,4.14,https://www.homely.com.au/homes/19b-weller-street-goodwood-sa-5034/13154233
13144182,2026-05-30,30/05/2026,"2/68 Partridge Street, Glenelg South SA 5045",Glenelg South,Western Coastal Corridors,Private Treaty (Bán thỏa thuận),Disclosed,790000,"$790,000",2,1,1,N/A,11.01,https://www.homely.com.au/homes/2-68-partridge-street-glenelg-south-sa-5045/13144182
13154088,2026-05-30,30/05/2026,"7/265 Glynburn Road, St Morris SA 5068",St Morris,"Norwood, Campbelltown & North-East Core",Private Treaty (Bán thỏa thuận),Disclosed,621000,"$621,000",2,1,1,N/A,4.78,https://www.homely.com.au/homes/7-265-glynburn-road-st-morris-sa-5068/13154088
12960477,2026-05-30,30/05/2026,"11 Frederick Street, Maylands SA 5069",Maylands,"Norwood, Campbelltown & North-East Core",Private Treaty (Bán thỏa thuận),Undisclosed,,Price Undisclosed,3,2,2,296m²,4.38,https://www.homely.com.au/homes/11-frederick-street-maylands-sa-5069/12960477
13148286,2026-05-30,30/05/2026,"30 Vingara Drive, Dernancourt SA 5075",Dernancourt,Adelaide Hills & Tea Tree Gully Safe Enclaves,Private Treaty (Bán thỏa thuận),Undisclosed,,Price Undisclosed,3,1,2,526m²,11.46,https://www.homely.com.au/homes/30-vingara-drive-dernancourt-sa-5075/13148286
13157450,2026-05-30,30/05/2026,"55 Laburnum Drive, Greenwith SA 5125",Greenwith,Adelaide Hills & Tea Tree Gully Safe Enclaves,Private Treaty (Bán thỏa thuận),Undisclosed,,Price Undisclosed,5,2,2,870m²,22.4,https://www.homely.com.au/homes/55-laburnum-drive-greenwith-sa-5125/13157450
13081649,2026-05-29,29/05/2026,"41 Chelmsford Avenue, Millswood SA 5034",Millswood,City of Unley & Prestige South,Private Treaty (Bán thỏa thuận),Disclosed,2200000,"$2,200,000",4,2,2,658m²,4.01,https://www.homely.com.au/homes/41-chelmsford-avenue-millswood-sa-5034/13081649
12865562,2026-05-29,29/05/2026,"53 Bowker Street, North Brighton SA 5048",North Brighton,Western Coastal Corridors,Private Treaty (Bán thỏa thuận),Disclosed,2200000,"$2,200,000",4,2,5,736m²,12.37,https://www.homely.com.au/homes/53-bowker-street-north-brighton-sa-5048/12865562
12933896,2026-05-29,29/05/2026,"22a Tandanya Avenue, Grange SA 5022",Grange,Western Coastal Corridors,Private Treaty (Bán thỏa thuận),Disclosed,1926000,"$1,926,000",4,3,2,348m²,13.92,https://www.homely.com.au/homes/22a-tandanya-avenue-grange-sa-5022/12933896
13154222,2026-05-29,29/05/2026,"15 Weetunga Street, Fulham SA 5024",Fulham,Western Coastal Corridors,Private Treaty (Bán thỏa thuận),Disclosed,1515000,"$1,515,000",4,2,2,N/A,10.46,https://www.homely.com.au/homes/15-weetunga-street-fulham-sa-5024/13154222
13014465,2026-05-29,29/05/2026,"15 Delbridge Court, Beaumont SA 5066",Beaumont,City of Burnside & Core East,Private Treaty (Bán thỏa thuận),Disclosed,950000,"$950,000",3,1,1,732m²,3.12,https://www.homely.com.au/homes/15-delbridge-court-beaumont-sa-5066/13014465
13170291,2026-05-29,29/05/2026,"6 Essling Place, Greenwith SA 5125",Greenwith,Adelaide Hills & Tea Tree Gully Safe Enclaves,Private Treaty (Bán thỏa thuận),Disclosed,827500,"$827,500",3,1,1,346m²,22.4,https://www.homely.com.au/homes/6-essling-place-greenwith-sa-5125/13170291
13156768,2026-05-29,29/05/2026,"5/52 East Terrace, Kensington Gardens SA 5068",Kensington Gardens,City of Burnside & Core East,Private Treaty (Bán thỏa thuận),Disclosed,805000,"$805,000",2,1,1,N/A,4.96,https://www.homely.com.au/homes/5-52-east-terrace-kensington-gardens-sa-5068/13156768
13086808,2026-05-29,29/05/2026,"3/33 Devon Street North, Goodwood SA 5034",Goodwood,City of Unley & Prestige South,Private Treaty (Bán thỏa thuận),Disclosed,790000,"$790,000",3,1,2,45m²,4.14,https://www.homely.com.au/homes/3-33-devon-street-north-goodwood-sa-5034/13086808
13087511,2026-05-29,29/05/2026,"73 Kingston Avenue, Daw Park SA 5041",Daw Park,City of Mitcham & Foothills,Private Treaty (Bán thỏa thuận),Undisclosed,,Price Undisclosed,4,2,2,640m²,5.41,https://www.homely.com.au/homes/73-kingston-avenue-daw-park-sa-5041/13087511
13042079,2026-05-29,29/05/2026,"6/566-568 Henley Beach Road, Fulham SA 5024",Fulham,Western Coastal Corridors,Private Treaty (Bán thỏa thuận),Undisclosed,,Price Undisclosed,2,1,1,N/A,10.46,https://www.homely.com.au/homes/6-566-568-henley-beach-road-fulham-sa-5024/13042079
13143632,2026-05-29,29/05/2026,"5 Surrey Road, Aldgate SA 5154",Aldgate,Adelaide Hills & Tea Tree Gully Safe Enclaves,Private Treaty (Bán thỏa thuận),Undisclosed,,Price Undisclosed,4,2,4,2498m²,11.23,https://www.homely.com.au/homes/5-surrey-road-aldgate-sa-5154/13143632
13050467,2026-05-29,29/05/2026,"25 Tuscan Road, Golden Grove SA 5125",Golden Grove,Adelaide Hills & Tea Tree Gully Safe Enclaves,Private Treaty (Bán thỏa thuận),Undisclosed,,Price Undisclosed,4,2,2,559m²,20.78,https://www.homely.com.au/homes/25-tuscan-road-golden-grove-sa-5125/13050467
13105871,2026-05-28,28/05/2026,"5 Staplehurst Lane, Greenhill SA 5140",Greenhill,Adelaide Hills & Tea Tree Gully Safe Enclaves,Private Treaty (Bán thỏa thuận),Disclosed,1005000,"$1,005,000",3,1,3,1360m²,4.66,https://www.homely.com.au/homes/5-staplehurst-lane-greenhill-sa-5140/13105871
13177379,2026-05-28,28/05/2026,"8/6 West Street, Evandale SA 5069",Evandale,"Norwood, Campbelltown & North-East Core",Private Treaty (Bán thỏa thuận),Disclosed,635000,"$635,000",3,1,1,N/A,5.5,https://www.homely.com.au/homes/8-6-west-street-evandale-sa-5069/13177379
13144324,2026-05-28,28/05/2026,"18 Grevillea Crescent, Stonyfell SA 5066",Stonyfell,City of Burnside & Core East,Private Treaty (Bán thỏa thuận),Undisclosed,,Price Undisclosed,4,2,2,1625m²,4.88,https://www.homely.com.au/homes/18-grevillea-crescent-stonyfell-sa-5066/13144324
13127356,2026-05-28,28/05/2026,"6B Cope Avenue, Tranmere SA 5073",Tranmere,"Norwood, Campbelltown & North-East Core",Private Treaty (Bán thỏa thuận),Undisclosed,,Price Undisclosed,4,3,4,353m²,5.78,https://www.homely.com.au/homes/6b-cope-avenue-tranmere-sa-5073/13127356
13143864,2026-05-28,28/05/2026,"2 Manning Street, Lockleys SA 5032",Lockleys,Western Coastal Corridors,Private Treaty (Bán thỏa thuận),Undisclosed,,Price Undisclosed,4,2,2,450m²,8.8,https://www.homely.com.au/homes/2-manning-street-lockleys-sa-5032/13143864
13080088,2026-05-28,28/05/2026,"19 Samuel Court, Greenwith SA 5125",Greenwith,Adelaide Hills & Tea Tree Gully Safe Enclaves,Private Treaty (Bán thỏa thuận),Undisclosed,,Price Undisclosed,3,1,1,391m²,22.4,https://www.homely.com.au/homes/19-samuel-court-greenwith-sa-5125/13080088
13127572,2026-05-27,27/05/2026,"59 Leslie Creek Road, Mylor SA 5153",Mylor,Adelaide Hills & Tea Tree Gully Safe Enclaves,Private Treaty (Bán thỏa thuận),Disclosed,1620000,"$1,620,000",4,2,6,4434m²,14.71,https://www.homely.com.au/homes/59-leslie-creek-road-mylor-sa-5153/13127572
13153471,2026-05-27,27/05/2026,"7 Coulson Court, Greenwith SA 5125",Greenwith,Adelaide Hills & Tea Tree Gully Safe Enclaves,Private Treaty (Bán thỏa thuận),Disclosed,1425000,"$1,425,000",5,2,2,1092m²,22.4,https://www.homely.com.au/homes/7-coulson-court-greenwith-sa-5125/13153471
13153084,2026-05-27,27/05/2026,"33 Seaforth Avenue, Somerton Park SA 5044",Somerton Park,Western Coastal Corridors,Private Treaty (Bán thỏa thuận),Disclosed,1420000,"$1,420,000",4,2,3,703m²,10.75,https://www.homely.com.au/homes/33-seaforth-avenue-somerton-park-sa-5044/13153084
13147989,2026-05-27,27/05/2026,"15b Coorara Ave, Payneham South SA 5070",Payneham South,"Norwood, Campbelltown & North-East Core",Private Treaty (Bán thỏa thuận),Disclosed,1330000,"$1,330,000",4,2,1,421m²,6.41,https://www.homely.com.au/homes/15b-coorara-ave-payneham-south-sa-5070/13147989
13083756,2026-05-27,27/05/2026,"29 Alison Avenue, Blackwood SA 5051",Blackwood,City of Mitcham & Foothills,Private Treaty (Bán thỏa thuận),Disclosed,896900,"$896,900",3,1,3,970m²,7.07,https://www.homely.com.au/homes/29-alison-avenue-blackwood-sa-5051/13083756
13140800,2026-05-27,27/05/2026,"34 JOYCELYN AVENUE, Surrey Downs SA 5126",Surrey Downs,Adelaide Hills & Tea Tree Gully Safe Enclaves,Private Treaty (Bán thỏa thuận),Disclosed,855500,"$855,500",3,1,4,800m²,19.29,https://www.homely.com.au/homes/34-joycelyn-avenue-surrey-downs-sa-5126/13140800
13173438,2026-05-27,27/05/2026,"1/34 Dover Street, Maylands SA 5069",Maylands,"Norwood, Campbelltown & North-East Core",Private Treaty (Bán thỏa thuận),Disclosed,755000,"$755,000",2,1,2,110m²,4.38,https://www.homely.com.au/homes/1-34-dover-street-maylands-sa-5069/13173438
13159162,2026-05-27,27/05/2026,"20 Cuthero Terrace, Kensington Gardens SA 5068",Kensington Gardens,City of Burnside & Core East,Private Treaty (Bán thỏa thuận),Disclosed,730000,"$730,000",2,1,1,205m²,4.96,https://www.homely.com.au/homes/20-cuthero-terrace-kensington-gardens-sa-5068/13159162
13153610,2026-05-27,27/05/2026,"107/89 Buchanan Drive, Woodforde SA 5072",Woodforde,Adelaide Hills & Tea Tree Gully Safe Enclaves,Private Treaty (Bán thỏa thuận),Disclosed,665000,"$665,000",2,1,1,N/A,8.35,https://www.homely.com.au/homes/107-89-buchanan-drive-woodforde-sa-5072/13153610
13156360,2026-05-27,27/05/2026,"4 Campbell Avenue, Crafers SA 5152",Crafers,Adelaide Hills & Tea Tree Gully Safe Enclaves,Private Treaty (Bán thỏa thuận),Undisclosed,,Price Undisclosed,4,2,4,1416m²,7.71,https://www.homely.com.au/homes/4-campbell-avenue-crafers-sa-5152/13156360
13128032,2026-05-26,26/05/2026,"19 Taminga Avenue, Glenunga SA 5064",Glenunga,City of Burnside & Core East,Private Treaty (Bán thỏa thuận),Disclosed,2650000,"$2,650,000",4,2,2,742m²,1.24,https://www.homely.com.au/homes/19-taminga-avenue-glenunga-sa-5064/13128032
13088147,2026-05-26,26/05/2026,"6 Victoria Street, Goodwood SA 5034",Goodwood,City of Unley & Prestige South,Private Treaty (Bán thỏa thuận),Disclosed,2339000,"$2,339,000",4,1,2,615m²,4.14,https://www.homely.com.au/homes/6-victoria-street-goodwood-sa-5034/13088147
13088576,2026-05-26,26/05/2026,"17B Ashbourne Avenue, Kingswood SA 5062",Kingswood,City of Mitcham & Foothills,Private Treaty (Bán thỏa thuận),Disclosed,1892000,"$1,892,000",3,2,1,376m²,1.95,https://www.homely.com.au/homes/17b-ashbourne-avenue-kingswood-sa-5062/13088576
13154535,2026-05-26,26/05/2026,"20a Florence Street, Fullarton SA 5063",Fullarton,City of Unley & Prestige South,Private Treaty (Bán thỏa thuận),Disclosed,1505000,"$1,505,000",3,2,1,352m²,1.24,https://www.homely.com.au/homes/20a-florence-street-fullarton-sa-5063/13154535
13149593,2026-05-26,26/05/2026,"8 Meadowvale Road, Coromandel Valley SA 5051",Coromandel Valley,City of Mitcham & Foothills,Private Treaty (Bán thỏa thuận),Disclosed,1230000,"$1,230,000",3,2,2,810m²,9.16,https://www.homely.com.au/homes/8-meadowvale-road-coromandel-valley-sa-5051/13149593
12774950,2026-05-26,26/05/2026,"8a Bailey Street, St Marys SA 5042",St Marys,City of Mitcham & Foothills,Private Treaty (Bán thỏa thuận),Disclosed,935000,"$935,000",3,2,2,326m²,6.81,https://www.homely.com.au/homes/8a-bailey-street-st-marys-sa-5042/12774950
12975739,2026-05-26,26/05/2026,"4/78 Military Road, Tennyson SA 5022",Tennyson,Western Coastal Corridors,Private Treaty (Bán thỏa thuận),Disclosed,780000,"$780,000",2,1,1,N/A,15.79,https://www.homely.com.au/homes/4-78-military-road-tennyson-sa-5022/12975739
13147707,2026-05-26,26/05/2026,"2/51 Gardiner Avenue, St Morris SA 5068",St Morris,"Norwood, Campbelltown & North-East Core",Private Treaty (Bán thỏa thuận),Disclosed,761000,"$761,000",2,1,1,N/A,4.78,https://www.homely.com.au/homes/2-51-gardiner-avenue-st-morris-sa-5068/13147707
13126465,2026-05-26,26/05/2026,"5/15 Kyre Avenue, Kingswood SA 5062",Kingswood,City of Mitcham & Foothills,Private Treaty (Bán thỏa thuận),Disclosed,750000,"$750,000",3,1,4,381m²,1.95,https://www.homely.com.au/homes/5-15-kyre-avenue-kingswood-sa-5062/13126465
13126493,2026-05-26,26/05/2026,"1/15 Kyre Avenue, Kingswood SA 5062",Kingswood,City of Mitcham & Foothills,Private Treaty (Bán thỏa thuận),Disclosed,745000,"$745,000",2,1,1,N/A,1.95,https://www.homely.com.au/homes/1-15-kyre-avenue-kingswood-sa-5062/13126493
13054063,2026-05-26,26/05/2026,"3/2 Ravine Street, Marino SA 5049",Marino,Western Coastal Corridors,Private Treaty (Bán thỏa thuận),Disclosed,710000,"$710,000",2,1,1,93m²,14.91,https://www.homely.com.au/homes/3-2-ravine-street-marino-sa-5049/13054063
13127452,2026-05-26,26/05/2026,"25 Addison Road, Black Forest SA 5035",Black Forest,City of Unley & Prestige South,Private Treaty (Bán thỏa thuận),Undisclosed,,Price Undisclosed,4,2,3,812m²,5.38,https://www.homely.com.au/homes/25-addison-road-black-forest-sa-5035/13127452
13126820,2026-05-26,26/05/2026,"39 Penang Avenue, Colonel Light Gardens SA 5041",Colonel Light Gardens,City of Mitcham & Foothills,Private Treaty (Bán thỏa thuận),Undisclosed,,Price Undisclosed,5,2,4,699m²,4.41,https://www.homely.com.au/homes/39-penang-avenue-colonel-light-gardens-sa-504/13126820
13102498,2026-05-26,26/05/2026,"29 Heathpool Road, Heathpool SA 5068",Heathpool,"Norwood, Campbelltown & North-East Core",Private Treaty (Bán thỏa thuận),Undisclosed,,Price Undisclosed,4,3,4,502m²,3.89,https://www.homely.com.au/homes/29-heathpool-road-heathpool-sa-5068/13102498
13101173,2026-05-26,26/05/2026,"35 Northern Avenue, West Beach SA 5024",West Beach,Western Coastal Corridors,Private Treaty (Bán thỏa thuận),Undisclosed,,Price Undisclosed,3,1,2,590m²,11.62,https://www.homely.com.au/homes/35-northern-avenue-west-beach-sa-5024/13101173
12993107,2026-05-26,26/05/2026,"7 Hank Street, Lockleys SA 5032",Lockleys,Western Coastal Corridors,Private Treaty (Bán thỏa thuận),Undisclosed,,Price Undisclosed,4,2,2,790m²,8.8,https://www.homely.com.au/homes/7-hank-street-lockleys-sa-5032/12993107
13126295,2026-05-26,26/05/2026,"56 Moseley Street, Glenelg South SA 5045",Glenelg South,Western Coastal Corridors,Private Treaty (Bán thỏa thuận),Undisclosed,,Price Undisclosed,3,1,1,258m²,11.01,https://www.homely.com.au/homes/56-moseley-street-glenelg-south-sa-5045/13126295
13128239,2026-05-25,25/05/2026,"13 Willora Road, Eden Hills SA 5050",Eden Hills,City of Mitcham & Foothills,Private Treaty (Bán thỏa thuận),Disclosed,1400000,"$1,400,000",5,2,4,1045m²,7.12,https://www.homely.com.au/homes/13-willora-road-eden-hills-sa-5050/13128239
13127067,2026-05-25,25/05/2026,"13 Cairns Avenue, Lockleys SA 5032",Lockleys,Western Coastal Corridors,Private Treaty (Bán thỏa thuận),Disclosed,1310000,"$1,310,000",4,2,2,311m²,8.8,https://www.homely.com.au/homes/13-cairns-avenue-lockleys-sa-5032/13127067
13127359,2026-05-25,25/05/2026,"10 Lilford Court, Greenwith SA 5125",Greenwith,Adelaide Hills & Tea Tree Gully Safe Enclaves,Private Treaty (Bán thỏa thuận),Disclosed,1165000,"$1,165,000",4,2,4,750m²,22.4,https://www.homely.com.au/homes/10-lilford-court-greenwith-sa-5125/13127359
13143343,2026-05-25,25/05/2026,"204 Longwood Road, Heathfield SA 5153",Heathfield,Adelaide Hills & Tea Tree Gully Safe Enclaves,Private Treaty (Bán thỏa thuận),Disclosed,1065000,"$1,065,000",4,2,2,930m²,9.77,https://www.homely.com.au/homes/204-longwood-road-heathfield-sa-5153/13143343
13153462,2026-05-25,25/05/2026,"8 Macadamia Court, Golden Grove SA 5125",Golden Grove,Adelaide Hills & Tea Tree Gully Safe Enclaves,Private Treaty (Bán thỏa thuận),Disclosed,900000,"$900,000",3,2,2,362m²,20.78,https://www.homely.com.au/homes/8-macadamia-court-golden-grove-sa-5125/13153462
13153536,2026-05-25,25/05/2026,"3 Red Gum Avenue, Redwood Park SA 5097",Redwood Park,Adelaide Hills & Tea Tree Gully Safe Enclaves,Private Treaty (Bán thỏa thuận),Disclosed,842000,"$842,000",3,2,1,306m²,17.11,https://www.homely.com.au/homes/3-red-gum-avenue-redwood-park-sa-5097/13153536
12971813,2026-05-25,25/05/2026,"7a Sheoak Drive, Belair SA 5052",Belair,City of Mitcham & Foothills,Private Treaty (Bán thỏa thuận),Disclosed,725000,"$725,000",3,1,1,1902m²,4.42,https://www.homely.com.au/homes/7a-sheoak-drive-belair-sa-5052/12971813
13152111,2026-05-25,25/05/2026,"19/2 Alison Street, Glenelg North SA 5045",Glenelg North,Western Coastal Corridors,Private Treaty (Bán thỏa thuận),Disclosed,520000,"$520,000",2,1,1,N/A,11.01,https://www.homely.com.au/homes/19-2-alison-street-glenelg-north-sa-5045/13152111
13116633,2026-05-25,25/05/2026,"12A Birch Grove, Dernancourt SA 5075",Dernancourt,Adelaide Hills & Tea Tree Gully Safe Enclaves,Private Treaty (Bán thỏa thuận),Undisclosed,,Price Undisclosed,4,2,2,352m²,11.46,https://www.homely.com.au/homes/12a-birch-grove-dernancourt-sa-5075/13116633
13122579,2026-05-24,24/05/2026,"14A Acacia Avenue, Dernancourt SA 5075",Dernancourt,Adelaide Hills & Tea Tree Gully Safe Enclaves,Private Treaty (Bán thỏa thuận),Undisclosed,,Price Undisclosed,3,2,1,353m²,11.46,https://www.homely.com.au/homes/14a-acacia-avenue-dernancourt-sa-5075/13122579
13128143,2026-05-23,23/05/2026,"46 Marlborough Street, Malvern SA 5061",Malvern,City of Unley & Prestige South,Private Treaty (Bán thỏa thuận),Disclosed,2410000,"$2,410,000",4,2,3,782m²,2.2,https://www.homely.com.au/homes/46-marlborough-street-malvern-sa-5061/13128143
13108008,2026-05-23,23/05/2026,"55 Tenth Avenue, Joslin SA 5070",Joslin,"Norwood, Campbelltown & North-East Core",Private Treaty (Bán thỏa thuận),Disclosed,1760000,"$1,760,000",3,1,2,725m²,6.99,https://www.homely.com.au/homes/55-tenth-avenue-joslin-sa-5070/13108008
13123488,2026-05-23,23/05/2026,"1 Oakington Street, Torrensville SA 5031",Torrensville,Western Coastal Corridors,Private Treaty (Bán thỏa thuận),Disclosed,985000,"$985,000",2,1,1,366m²,6.47,https://www.homely.com.au/homes/1-oakington-street-torrensville-sa-5031/13123488
13119281,2026-05-23,23/05/2026,"28 Beckman Avenue, Highbury SA 5089",Highbury,Adelaide Hills & Tea Tree Gully Safe Enclaves,Private Treaty (Bán thỏa thuận),Disclosed,890000,"$890,000",3,1,4,770m²,12.87,https://www.homely.com.au/homes/28-beckman-avenue-highbury-sa-5089/13119281
13124414,2026-05-23,23/05/2026,"5/113 Godfrey Terrace, Erindale SA 5066",Erindale,City of Burnside & Core East,Private Treaty (Bán thỏa thuận),Undisclosed,,Price Undisclosed,1,1,1,N/A,4.21,https://www.homely.com.au/homes/5-113-godfrey-terrace-erindale-sa-5066/13124414
13128183,2026-05-23,23/05/2026,"17 Gorge Road, Bellevue Heights SA 5050",Bellevue Heights,City of Mitcham & Foothills,Private Treaty (Bán thỏa thuận),Undisclosed,,Price Undisclosed,4,2,2,940m²,8.79,https://www.homely.com.au/homes/17-gorge-road-bellevue-heights-sa-5050/13128183
13116632,2026-05-23,23/05/2026,"35 Williams Avenue, St Morris SA 5068",St Morris,"Norwood, Campbelltown & North-East Core",Private Treaty (Bán thỏa thuận),Undisclosed,,Price Undisclosed,5,3,2,920m²,4.78,https://www.homely.com.au/homes/35-williams-avenue-st-morris-sa-5068/13116632
13117190,2026-05-23,23/05/2026,"16 Devon Avenue, Newton SA 5074",Newton,"Norwood, Campbelltown & North-East Core",Private Treaty (Bán thỏa thuận),Undisclosed,,Price Undisclosed,3,2,6,620m²,9.65,https://www.homely.com.au/homes/16-devon-avenue-newton-sa-5074/13117190
13128312,2026-05-23,23/05/2026,"18 Westall Avenue, Flinders Park SA 5025",Flinders Park,Western Coastal Corridors,Private Treaty (Bán thỏa thuận),Undisclosed,,Price Undisclosed,3,2,2,359m²,8.61,https://www.homely.com.au/homes/18-westall-avenue-flinders-park-sa-5025/13128312
13116243,2026-05-23,23/05/2026,"22 Sunnyview Crescent, Ridgehaven SA 5097",Ridgehaven,Adelaide Hills & Tea Tree Gully Safe Enclaves,Private Treaty (Bán thỏa thuận),Undisclosed,,Price Undisclosed,4,1,1,900m²,16.48,https://www.homely.com.au/homes/22-sunnyview-crescent-ridgehaven-sa-5097/13116243
13081259,2026-05-22,22/05/2026,"99 Second Avenue, Joslin SA 5070",Joslin,"Norwood, Campbelltown & North-East Core",Private Treaty (Bán thỏa thuận),Disclosed,2090000,"$2,090,000",3,1,4,N/A,6.99,https://www.homely.com.au/homes/99-second-avenue-joslin-sa-5070/13081259
13128240,2026-05-22,22/05/2026,"30 Glenford Avenue, Myrtle Bank SA 5064",Myrtle Bank,City of Burnside & Core East,Private Treaty (Bán thỏa thuận),Disclosed,1850000,"$1,850,000",3,1,1,826m²,0.09,https://www.homely.com.au/homes/30-glenford-avenue-myrtle-bank-sa-5064/13128240
13137309,2026-05-22,22/05/2026,"6 Ravensthorpe Avenue, Millswood SA 5034",Millswood,City of Unley & Prestige South,Private Treaty (Bán thỏa thuận),Disclosed,1500000,"$1,500,000",2,1,2,578m²,4.01,https://www.homely.com.au/homes/6-ravensthorpe-avenue-millswood-sa-5034/13137309
13060573,2026-05-22,22/05/2026,"40b High Street, Glenelg SA 5045",Glenelg,Western Coastal Corridors,Private Treaty (Bán thỏa thuận),Disclosed,1275000,"$1,275,000",3,2,2,N/A,11.01,https://www.homely.com.au/homes/40b-high-street-glenelg-sa-5045/13060573
13120109,2026-05-22,22/05/2026,"23 Ashburton Avenue, West Lakes Shore SA 5020",West Lakes Shore,Western Coastal Corridors,Private Treaty (Bán thỏa thuận),Disclosed,1150000,"$1,150,000",3,1,3,663m²,14.63,https://www.homely.com.au/homes/23-ashburton-avenue-west-lakes-shore-sa-5020/13120109
13053348,2026-05-22,22/05/2026,"16A Goodwin Street, Newton SA 5074",Newton,"Norwood, Campbelltown & North-East Core",Private Treaty (Bán thỏa thuận),Disclosed,865000,"$865,000",3,1,2,351m²,9.65,https://www.homely.com.au/homes/16a-goodwin-street-newton-sa-5074/13053348
13228785,2026-05-22,22/05/2026,"LOT 701, 12 Balmoral Road, Dernancourt SA 5075",Dernancourt,Adelaide Hills & Tea Tree Gully Safe Enclaves,Private Treaty (Bán thỏa thuận),Disclosed,680000,"$680,000",3,1,1,N/A,11.46,https://www.homely.com.au/homes/lot-701-12-balmoral-road-dernancourt-sa-5075/13228785
13092005,2026-05-22,22/05/2026,"2/67 Balham Avenue, Kingswood SA 5062",Kingswood,City of Mitcham & Foothills,Private Treaty (Bán thỏa thuận),Disclosed,544000,"$544,000",2,1,1,N/A,1.95,https://www.homely.com.au/homes/2-67-balham-avenue-kingswood-sa-5062/13092005
13153430,2026-05-22,22/05/2026,"4/71 Henley Beach Road, Henley Beach South SA 5022",Henley Beach South,Western Coastal Corridors,Private Treaty (Bán thỏa thuận),Disclosed,512500,"$512,500",1,1,1,65m²,12.15,https://www.homely.com.au/homes/4-71-henley-beach-road-henley-beach-south-sa/13153430
12993004,2026-05-22,22/05/2026,"2/587A Greenhill Road, Burnside SA 5066",Burnside,City of Burnside & Core East,Private Treaty (Bán thỏa thuận),Undisclosed,,Price Undisclosed,3,1,1,N/A,3.83,https://www.homely.com.au/homes/2-587a-greenhill-road-burnside-sa-5066/12993004
13102177,2026-05-22,22/05/2026,"22A Salop Street, Beulah Park SA 5067",Beulah Park,City of Burnside & Core East,Private Treaty (Bán thỏa thuận),Undisclosed,,Price Undisclosed,3,3,2,N/A,4.39,https://www.homely.com.au/homes/22a-salop-street-beulah-park-sa-5067/13102177
13128516,2026-05-22,22/05/2026,"28 Trevelyan St, Wayville SA 5034",Wayville,City of Unley & Prestige South,Private Treaty (Bán thỏa thuận),Undisclosed,,Price Undisclosed,4,2,3,875m²,4.45,https://www.homely.com.au/homes/28-trevelyan-st-wayville-sa-5034/13128516
13073586,2026-05-22,22/05/2026,"15 Chowilla Street, Eden Hills SA 5050",Eden Hills,City of Mitcham & Foothills,Private Treaty (Bán thỏa thuận),Undisclosed,,Price Undisclosed,2,1,1,1243m²,7.12,https://www.homely.com.au/homes/15-chowilla-street-eden-hills-sa-5050/13073586
13086353,2026-05-22,22/05/2026,"16 Gannet Avenue, Glenalta SA 5052",Glenalta,City of Mitcham & Foothills,Private Treaty (Bán thỏa thuận),Undisclosed,,Price Undisclosed,6,2,4,2260m²,5.9,https://www.homely.com.au/homes/16-gannet-avenue-glenalta-sa-5052/13086353
13099956,2026-05-22,22/05/2026,"27 Laura Street, Stepney SA 5069",Stepney,"Norwood, Campbelltown & North-East Core",Private Treaty (Bán thỏa thuận),Undisclosed,,Price Undisclosed,3,2,2,N/A,4.73,https://www.homely.com.au/homes/27-laura-street-stepney-sa-5069/13099956
13102791,2026-05-22,22/05/2026,"13G Kildare Avenue, Marden SA 5070",Marden,"Norwood, Campbelltown & North-East Core",Private Treaty (Bán thỏa thuận),Undisclosed,,Price Undisclosed,4,2,2,N/A,6.4,https://www.homely.com.au/homes/13g-kildare-avenue-marden-sa-5070/13102791
13091052,2026-05-22,22/05/2026,"5/11 Edward Street, Glynde SA 5070",Glynde,"Norwood, Campbelltown & North-East Core",Private Treaty (Bán thỏa thuận),Undisclosed,,Price Undisclosed,2,1,1,N/A,6.67,https://www.homely.com.au/homes/5-11-edward-street-glynde-sa-5070/13091052
13102563,2026-05-22,22/05/2026,"12 Philpott Avenue, Paradise SA 5075",Paradise,"Norwood, Campbelltown & North-East Core",Private Treaty (Bán thỏa thuận),Undisclosed,,Price Undisclosed,3,1,2,353m²,9.59,https://www.homely.com.au/homes/12-philpott-avenue-paradise-sa-5075/13102563
13153810,2026-05-22,22/05/2026,"6 Filippo Court, Highbury SA 5089",Highbury,Adelaide Hills & Tea Tree Gully Safe Enclaves,Private Treaty (Bán thỏa thuận),Undisclosed,,Price Undisclosed,4,2,2,706m²,12.87,https://www.homely.com.au/homes/6-filippo-court-highbury-sa-5089/13153810
13127149,2026-05-21,21/05/2026,"17 Stephens Avenue, Torrensville SA 5031",Torrensville,Western Coastal Corridors,Private Treaty (Bán thỏa thuận),Disclosed,2925000,"$2,925,000",4,2,6,1118m²,6.47,https://www.homely.com.au/homes/17-stephens-avenue-torrensville-sa-5031/13127149
13128021,2026-05-21,21/05/2026,"27 Ashburton Avenue, West Lakes Shore SA 5020",West Lakes Shore,Western Coastal Corridors,Private Treaty (Bán thỏa thuận),Disclosed,1380000,"$1,380,000",3,1,2,633m²,14.63,https://www.homely.com.au/homes/27-ashburton-avenue-west-lakes-shore-sa-5020/13128021
13127400,2026-05-21,21/05/2026,"33A Balmoral Road, Dernancourt SA 5075",Dernancourt,Adelaide Hills & Tea Tree Gully Safe Enclaves,Private Treaty (Bán thỏa thuận),Disclosed,1350000,"$1,350,000",4,3,4,325m²,11.46,https://www.homely.com.au/homes/33a-balmoral-road-dernancourt-sa-5075/13127400
13149454,2026-05-21,21/05/2026,"17 Wilaroo Avenue, Beaumont SA 5066",Beaumont,City of Burnside & Core East,Private Treaty (Bán thỏa thuận),Disclosed,1270000,"$1,270,000",3,1,2,539m²,3.12,https://www.homely.com.au/homes/17-wilaroo-avenue-beaumont-sa-5066/13149454
13128144,2026-05-21,21/05/2026,"62 Northgate Street, Unley Park SA 5061",Unley Park,City of Unley & Prestige South,Private Treaty (Bán thỏa thuận),Undisclosed,,Price Undisclosed,5,2,2,1310m²,2.78,https://www.homely.com.au/homes/62-northgate-street-unley-park-sa-5061/13128144
13121465,2026-05-21,21/05/2026,"15 North Street, Henley Beach SA 5022",Henley Beach,Western Coastal Corridors,Private Treaty (Bán thỏa thuận),Undisclosed,,Price Undisclosed,3,1,6,856m²,12.15,https://www.homely.com.au/homes/15-north-street-henley-beach-sa-5022/13121465
12775922,2026-05-21,21/05/2026,"2a Finlayson Street, Grange SA 5022",Grange,Western Coastal Corridors,Private Treaty (Bán thỏa thuận),Undisclosed,,Price Undisclosed,3,1,2,581m²,13.92,https://www.homely.com.au/homes/2a-finlayson-street-grange-sa-5022/12775922
13049865,2026-05-21,21/05/2026,"2/10 Stephens Avenue, Torrensville SA 5031",Torrensville,Western Coastal Corridors,Private Treaty (Bán thỏa thuận),Undisclosed,,Price Undisclosed,3,2,2,247m²,6.47,https://www.homely.com.au/homes/2-10-stephens-avenue-torrensville-sa-5031/13049865
13133403,2026-05-20,20/05/2026,"13 Capri Close, West Lakes SA 5021",West Lakes,Western Coastal Corridors,Private Treaty (Bán thỏa thuận),Disclosed,2100000,"$2,100,000",4,3,2,N/A,14.63,https://www.homely.com.au/homes/13-capri-close-west-lakes-sa-5021/13133403
13132008,2026-05-20,20/05/2026,"109 Coromandel Parade, Coromandel Valley SA 5051",Coromandel Valley,City of Mitcham & Foothills,Private Treaty (Bán thỏa thuận),Disclosed,886000,"$886,000",2,1,2,693m²,9.16,https://www.homely.com.au/homes/109-coromandel-parade-coromandel-valley-sa-50/13132008
13124201,2026-05-20,20/05/2026,"12 Mandarine Avenue, Golden Grove SA 5125",Golden Grove,Adelaide Hills & Tea Tree Gully Safe Enclaves,Private Treaty (Bán thỏa thuận),Disclosed,835000,"$835,000",3,1,1,330m²,20.78,https://www.homely.com.au/homes/12-mandarine-avenue-golden-grove-sa-5125/13124201
13137131,2026-05-20,20/05/2026,"112/356 Seaview Road, Henley Beach SA 5022",Henley Beach,Western Coastal Corridors,Private Treaty (Bán thỏa thuận),Disclosed,785000,"$785,000",2,2,1,N/A,12.15,https://www.homely.com.au/homes/112-356-seaview-road-henley-beach-sa-5022/13137131
13121704,2026-05-20,20/05/2026,"396 Glynburn Road, Kensington Gardens SA 5068",Kensington Gardens,City of Burnside & Core East,Private Treaty (Bán thỏa thuận),Undisclosed,,Price Undisclosed,4,2,1,577m²,4.96,https://www.homely.com.au/homes/396-glynburn-road-kensington-gardens-sa-5068/13121704
13099456,2026-05-20,20/05/2026,"3/120 Glynburn Road, Tranmere SA 5073",Tranmere,"Norwood, Campbelltown & North-East Core",Private Treaty (Bán thỏa thuận),Undisclosed,,Price Undisclosed,3,2,2,N/A,5.78,https://www.homely.com.au/homes/3-120-glynburn-road-tranmere-sa-5073/13099456
13034236,2026-05-20,20/05/2026,"532 Seaview Road, Grange SA 5022",Grange,Western Coastal Corridors,Private Treaty (Bán thỏa thuận),Undisclosed,,Price Undisclosed,4,2,7,680m²,13.92,https://www.homely.com.au/homes/532-seaview-road-grange-sa-5022/13034236
13159539,2026-05-20,20/05/2026,"16 Troubridge Drive, West Lakes SA 5021",West Lakes,Western Coastal Corridors,Private Treaty (Bán thỏa thuận),Undisclosed,,Price Undisclosed,2,1,1,N/A,14.63,https://www.homely.com.au/homes/16-troubridge-drive-west-lakes-sa-5021/13159539
13116987,2026-05-20,20/05/2026,"15A Captain Cook Avenue, Flinders Park SA 5025",Flinders Park,Western Coastal Corridors,Private Treaty (Bán thỏa thuận),Undisclosed,,Price Undisclosed,3,2,4,380m²,8.61,https://www.homely.com.au/homes/15a-captain-cook-avenue-flinders-park-sa-5025/13116987
13077081,2026-05-20,20/05/2026,"4/5 Kenneth Avenue, Underdale SA 5032",Underdale,Western Coastal Corridors,Private Treaty (Bán thỏa thuận),Undisclosed,,Price Undisclosed,3,1,2,248m²,7.65,https://www.homely.com.au/homes/4-5-kenneth-avenue-underdale-sa-5032/13077081
12973891,2026-05-20,20/05/2026,"25 Coromandel Road, Aldgate SA 5154",Aldgate,Adelaide Hills & Tea Tree Gully Safe Enclaves,Private Treaty (Bán thỏa thuận),Undisclosed,,Price Undisclosed,4,2,4,5654m²,11.23,https://www.homely.com.au/homes/25-coromandel-road-aldgate-sa-5154/12973891
13036972,2026-05-20,20/05/2026,"25 Launceston Avenue, Banksia Park SA 5091",Banksia Park,Adelaide Hills & Tea Tree Gully Safe Enclaves,Private Treaty (Bán thỏa thuận),Undisclosed,,Price Undisclosed,3,1,2,701m²,18.32,https://www.homely.com.au/homes/25-launceston-avenue-banksia-park-sa-5091/13036972
12647014,2026-05-20,20/05/2026,"LOT 1, 21 Oleander Drive, Banksia Park SA 5091",Banksia Park,Adelaide Hills & Tea Tree Gully Safe Enclaves,Private Treaty (Bán thỏa thuận),Undisclosed,,Price Undisclosed,3,1,1,504m²,18.32,https://www.homely.com.au/homes/lot-1-21-oleander-drive-banksia-park-sa-5091/12647014
13141988,2026-05-19,19/05/2026,"20 Leroy Street, Glenunga SA 5064",Glenunga,City of Burnside & Core East,Private Treaty (Bán thỏa thuận),Disclosed,1910000,"$1,910,000",3,1,2,951m²,1.24,https://www.homely.com.au/homes/20-leroy-street-glenunga-sa-5064/13141988
13054657,2026-05-19,19/05/2026,"5A Dorset Avenue, Fulham Gardens SA 5024",Fulham Gardens,Western Coastal Corridors,Private Treaty (Bán thỏa thuận),Disclosed,1845000,"$1,845,000",4,3,2,445m²,10.46,https://www.homely.com.au/homes/5a-dorset-avenue-fulham-gardens-sa-5024/13054657
13001290,2026-05-19,19/05/2026,"11A Dutton Grove, West Lakes Shore SA 5020",West Lakes Shore,Western Coastal Corridors,Private Treaty (Bán thỏa thuận),Disclosed,1750000,"$1,750,000",4,3,2,N/A,14.63,https://www.homely.com.au/homes/11a-dutton-grove-west-lakes-shore-sa-5020/13001290
13120787,2026-05-19,19/05/2026,"17 Canino Drive, Kidman Park SA 5025",Kidman Park,Western Coastal Corridors,Private Treaty (Bán thỏa thuận),Disclosed,1104000,"$1,104,000",3,1,3,590m²,9.7,https://www.homely.com.au/homes/17-canino-drive-kidman-park-sa-5025/13120787
13188274,2026-05-19,19/05/2026,"82C Playford Road, Newton SA 5074",Newton,"Norwood, Campbelltown & North-East Core",Private Treaty (Bán thỏa thuận),Disclosed,1010000,"$1,010,000",3,2,2,N/A,9.65,https://www.homely.com.au/homes/82c-playford-road-newton-sa-5074/13188274
13081081,2026-05-19,19/05/2026,"2 Tullamore Court, Greenwith SA 5125",Greenwith,Adelaide Hills & Tea Tree Gully Safe Enclaves,Private Treaty (Bán thỏa thuận),Disclosed,1003000,"$1,003,000",4,2,2,669m²,22.4,https://www.homely.com.au/homes/2-tullamore-court-greenwith-sa-5125/13081081
12891814,2026-05-19,19/05/2026,"309/3 Banksia Street, Glenside SA 5065",Glenside,City of Burnside & Core East,Private Treaty (Bán thỏa thuận),Undisclosed,,Price Undisclosed,3,2,2,135m²,2.06,https://www.homely.com.au/homes/309-3-banksia-street-glenside-sa-5065/12891814
13099866,2026-05-19,19/05/2026,"1 Dudley Street, Parkside SA 5063",Parkside,City of Unley & Prestige South,Private Treaty (Bán thỏa thuận),Undisclosed,,Price Undisclosed,4,2,2,N/A,2.43,https://www.homely.com.au/homes/1-dudley-street-parkside-sa-5063/13099866
13120569,2026-05-19,19/05/2026,"8 Joslin Street, Wayville SA 5034",Wayville,City of Unley & Prestige South,Private Treaty (Bán thỏa thuận),Undisclosed,,Price Undisclosed,3,1,2,N/A,4.45,https://www.homely.com.au/homes/8-joslin-street-wayville-sa-5034/13120569
13076233,2026-05-19,19/05/2026,"5 Western Avenue, Pasadena SA 5042",Pasadena,City of Mitcham & Foothills,Private Treaty (Bán thỏa thuận),Undisclosed,,Price Undisclosed,3,1,3,724m²,6.11,https://www.homely.com.au/homes/5-western-avenue-pasadena-sa-5042/13076233
13116055,2026-05-19,19/05/2026,"23 Halsey Road, Fulham SA 5024",Fulham,Western Coastal Corridors,Private Treaty (Bán thỏa thuận),Undisclosed,,Price Undisclosed,4,3,2,411m²,10.46,https://www.homely.com.au/homes/23-halsey-road-fulham-sa-5024/13116055
13126943,2026-05-19,19/05/2026,"27 Danby Street, Torrensville SA 5031",Torrensville,Western Coastal Corridors,Private Treaty (Bán thỏa thuận),Undisclosed,,Price Undisclosed,4,2,2,463m²,6.47,https://www.homely.com.au/homes/27-danby-street-torrensville-sa-5031/13126943
13133563,2026-05-18,18/05/2026,"18A Church Street, Highgate SA 5063",Highgate,City of Unley & Prestige South,Private Treaty (Bán thỏa thuận),Disclosed,1910000,"$1,910,000",3,2,2,430m²,0.84,https://www.homely.com.au/homes/18a-church-street-highgate-sa-5063/13133563
13107578,2026-05-18,18/05/2026,"22 Battams Road, Marden SA 5070",Marden,"Norwood, Campbelltown & North-East Core",Private Treaty (Bán thỏa thuận),Disclosed,1310000,"$1,310,000",3,2,2,532m²,6.4,https://www.homely.com.au/homes/22-battams-road-marden-sa-5070/13107578
13104009,2026-05-18,18/05/2026,"3 Artarki Avenue, Kidman Park SA 5025",Kidman Park,Western Coastal Corridors,Private Treaty (Bán thỏa thuận),Disclosed,1178500,"$1,178,500",3,1,3,567m²,9.7,https://www.homely.com.au/homes/3-artarki-avenue-kidman-park-sa-5025/13104009
13053513,2026-05-18,18/05/2026,"4/11 Melville Road, Paradise SA 5075",Paradise,"Norwood, Campbelltown & North-East Core",Private Treaty (Bán thỏa thuận),Disclosed,852500,"$852,500",3,2,2,125m²,9.59,https://www.homely.com.au/homes/4-11-melville-road-paradise-sa-5075/13053513
12928940,2026-05-18,18/05/2026,"64 Buchanan Drive, Woodforde SA 5072",Woodforde,Adelaide Hills & Tea Tree Gully Safe Enclaves,Private Treaty (Bán thỏa thuận),Disclosed,800000,"$800,000",2,2,1,135m²,8.35,https://www.homely.com.au/homes/64-buchanan-drive-woodforde-sa-5072/12928940
13119762,2026-05-18,18/05/2026,"2/43 Winston Avenue, Cumberland Park SA 5041",Cumberland Park,City of Mitcham & Foothills,Private Treaty (Bán thỏa thuận),Disclosed,755000,"$755,000",2,1,1,143m²,4.27,https://www.homely.com.au/homes/2-43-winston-avenue-cumberland-park-sa-5041/13119762
13147437,2026-05-18,18/05/2026,"1/1 Mooloola Way, West Lakes Shore SA 5020",West Lakes Shore,Western Coastal Corridors,Private Treaty (Bán thỏa thuận),Disclosed,730000,"$730,000",3,1,2,103m²,14.63,https://www.homely.com.au/homes/1-1-mooloola-way-west-lakes-shore-sa-5020/13147437
13021052,2026-05-18,18/05/2026,"83/760 Anzac Highway, Glenelg SA 5045",Glenelg,Western Coastal Corridors,Private Treaty (Bán thỏa thuận),Disclosed,585000,"$585,000",1,1,1,60m²,11.01,https://www.homely.com.au/homes/83-760-anzac-highway-glenelg-sa-5045/13021052
13054266,2026-05-18,18/05/2026,"4/15 Statenborough Street, Leabrook SA 5068",Leabrook,City of Burnside & Core East,Private Treaty (Bán thỏa thuận),Undisclosed,,Price Undisclosed,2,1,1,N/A,4.04,https://www.homely.com.au/homes/4-15-statenborough-street-leabrook-sa-5068/13054266
12850901,2026-05-18,18/05/2026,"11 Pridmore Road, Glen Osmond SA 5064",Glen Osmond,City of Burnside & Core East,Private Treaty (Bán thỏa thuận),Undisclosed,,Price Undisclosed,4,2,6,N/A,1.36,https://www.homely.com.au/homes/11-pridmore-road-glen-osmond-sa-5064/12850901
13124921,2026-05-18,18/05/2026,"58 First Avenue, Forestville SA 5035",Forestville,City of Unley & Prestige South,Private Treaty (Bán thỏa thuận),Undisclosed,,Price Undisclosed,4,1,6,N/A,5.03,https://www.homely.com.au/homes/58-first-avenue-forestville-sa-5035/13124921
12591251,2026-05-18,18/05/2026,"12A Barons Street, Tranmere SA 5073",Tranmere,"Norwood, Campbelltown & North-East Core",Private Treaty (Bán thỏa thuận),Undisclosed,,Price Undisclosed,4,3,4,353m²,5.78,https://www.homely.com.au/homes/12a-barons-street-tranmere-sa-5073/12591251
13096964,2026-05-17,17/05/2026,"7 Woodcroft Avenue, St Georges SA 5064",St Georges,City of Burnside & Core East,Private Treaty (Bán thỏa thuận),Undisclosed,,Price Undisclosed,3,2,1,445m²,1.58,https://www.homely.com.au/homes/7-woodcroft-avenue-st-georges-sa-5064/13096964
13098791,2026-05-16,16/05/2026,"3 Millawa Avenue, Frewville SA 5063",Frewville,City of Burnside & Core East,Private Treaty (Bán thỏa thuận),Disclosed,2650000,"$2,650,000",5,2,2,688m²,1.7,https://www.homely.com.au/homes/3-millawa-avenue-frewville-sa-5063/13098791
13101248,2026-05-16,16/05/2026,"9 West Street, Evandale SA 5069",Evandale,"Norwood, Campbelltown & North-East Core",Private Treaty (Bán thỏa thuận),Disclosed,1900000,"$1,900,000",4,2,2,518m²,5.5,https://www.homely.com.au/homes/9-west-street-evandale-sa-5069/13101248
13100666,2026-05-16,16/05/2026,"77 Victoria Street, Forestville SA 5035",Forestville,City of Unley & Prestige South,Private Treaty (Bán thỏa thuận),Disclosed,1800000,"$1,800,000",3,1,4,929m²,5.03,https://www.homely.com.au/homes/77-victoria-street-forestville-sa-5035/13100666
13102580,2026-05-16,16/05/2026,"1 Dunstone Road, Semaphore Park SA 5019",Semaphore Park,Western Coastal Corridors,Private Treaty (Bán thỏa thuận),Disclosed,1775000,"$1,775,000",3,2,7,697m²,17.73,https://www.homely.com.au/homes/1-dunstone-road-semaphore-park-sa-5019/13102580
13102603,2026-05-16,16/05/2026,"7 Meredith Avenue, Fulham SA 5024",Fulham,Western Coastal Corridors,Private Treaty (Bán thỏa thuận),Disclosed,1720000,"$1,720,000",4,2,2,679m²,10.46,https://www.homely.com.au/homes/7-meredith-avenue-fulham-sa-5024/13102603
12979450,2026-05-16,16/05/2026,"375 Mount Barker Road, Bridgewater SA 5155",Bridgewater,Adelaide Hills & Tea Tree Gully Safe Enclaves,Private Treaty (Bán thỏa thuận),Disclosed,1670000,"$1,670,000",3,4,2,6830m²,13.23,https://www.homely.com.au/homes/375-mount-barker-road-bridgewater-sa-5155/12979450
13095903,2026-05-16,16/05/2026,"11 Ashburton Avenue, West Lakes Shore SA 5020",West Lakes Shore,Western Coastal Corridors,Private Treaty (Bán thỏa thuận),Disclosed,1300000,"$1,300,000",5,2,6,725m²,14.63,https://www.homely.com.au/homes/11-ashburton-avenue-west-lakes-shore-sa-5020/13095903
13100937,2026-05-16,16/05/2026,"10 Caleb Street, Marden SA 5070",Marden,"Norwood, Campbelltown & North-East Core",Private Treaty (Bán thỏa thuận),Disclosed,1195000,"$1,195,000",3,1,1,346m²,6.4,https://www.homely.com.au/homes/10-caleb-street-marden-sa-5070/13100937
13004388,2026-05-16,16/05/2026,"2/5 Roberts Street, Unley SA 5061",Unley,City of Unley & Prestige South,Private Treaty (Bán thỏa thuận),Disclosed,965000,"$965,000",3,1,1,156m²,2.78,https://www.homely.com.au/homes/2-5-roberts-street-unley-sa-5061/13004388
13093868,2026-05-16,16/05/2026,"16/132 Conyngham Street, Glenunga SA 5064",Glenunga,City of Burnside & Core East,Private Treaty (Bán thỏa thuận),Disclosed,295000,"$295,000",1,1,1,N/A,1.24,https://www.homely.com.au/homes/16-132-conyngham-street-glenunga-sa-5064/13093868
13093043,2026-05-16,16/05/2026,"12 Nilpinna Street, Burnside SA 5066",Burnside,City of Burnside & Core East,Private Treaty (Bán thỏa thuận),Undisclosed,,Price Undisclosed,4,2,2,851m²,3.83,https://www.homely.com.au/homes/12-nilpinna-street-burnside-sa-5066/13093043
13101949,2026-05-16,16/05/2026,"5D Ayr Street, Rosslyn Park SA 5072",Rosslyn Park,City of Burnside & Core East,Private Treaty (Bán thỏa thuận),Undisclosed,,Price Undisclosed,3,2,2,402m²,5.6,https://www.homely.com.au/homes/5d-ayr-street-rosslyn-park-sa-5072/13101949
13081743,2026-05-16,16/05/2026,"17 Sheffield Street, Malvern SA 5061",Malvern,City of Unley & Prestige South,Private Treaty (Bán thỏa thuận),Undisclosed,,Price Undisclosed,3,1,1,676m²,2.2,https://www.homely.com.au/homes/17-sheffield-street-malvern-sa-5061/13081743
13092132,2026-05-16,16/05/2026,"275 Young Street, Wayville SA 5034",Wayville,City of Unley & Prestige South,Private Treaty (Bán thỏa thuận),Undisclosed,,Price Undisclosed,5,3,5,790m²,4.45,https://www.homely.com.au/homes/275-young-street-wayville-sa-5034/13092132
13095729,2026-05-16,16/05/2026,"136 Second Avenue, Royston Park SA 5070",Royston Park,"Norwood, Campbelltown & North-East Core",Private Treaty (Bán thỏa thuận),Undisclosed,,Price Undisclosed,4,1,2,958m²,6.66,https://www.homely.com.au/homes/136-second-avenue-royston-park-sa-5070/13095729
13081142,2026-05-16,16/05/2026,"22 Nelson Avenue, Flinders Park SA 5025",Flinders Park,Western Coastal Corridors,Private Treaty (Bán thỏa thuận),Undisclosed,,Price Undisclosed,3,2,2,412m²,8.61,https://www.homely.com.au/homes/22-nelson-avenue-flinders-park-sa-5025/13081142
13077935,2026-05-15,15/05/2026,"1A Toolaby Avenue, Beaumont SA 5066",Beaumont,City of Burnside & Core East,Private Treaty (Bán thỏa thuận),Undisclosed,,Price Undisclosed,4,4,6,917m²,3.12,https://www.homely.com.au/homes/1a-toolaby-avenue-beaumont-sa-5066/13077935
13103779,2026-05-15,15/05/2026,"20 Jessie Road, Kensington Park SA 5068",Kensington Park,City of Burnside & Core East,Private Treaty (Bán thỏa thuận),Undisclosed,,Price Undisclosed,3,2,4,491m²,4.1,https://www.homely.com.au/homes/20-jessie-road-kensington-park-sa-5068/13103779
13040495,2026-05-15,15/05/2026,"79 The Grove, Lower Mitcham SA 5062",Lower Mitcham,City of Mitcham & Foothills,Private Treaty (Bán thỏa thuận),Undisclosed,,Price Undisclosed,5,2,2,743m²,2.68,https://www.homely.com.au/homes/79-the-grove-lower-mitcham-sa-5062/13040495
13023325,2026-05-15,15/05/2026,"25a River Street, St Peters SA 5069",St Peters,"Norwood, Campbelltown & North-East Core",Private Treaty (Bán thỏa thuận),Undisclosed,,Price Undisclosed,4,2,2,788m²,5.12,https://www.homely.com.au/homes/25a-river-street-st-peters-sa-5069/13023325
13060179,2026-05-15,15/05/2026,"33A Holder Road, Hove SA 5048",Hove,Western Coastal Corridors,Private Treaty (Bán thỏa thuận),Undisclosed,,Price Undisclosed,4,2,2,N/A,12.45,https://www.homely.com.au/homes/33a-holder-road-hove-sa-5048/13060179
13127794,2026-05-15,15/05/2026,"11 Donovan Street, Greenwith SA 5125",Greenwith,Adelaide Hills & Tea Tree Gully Safe Enclaves,Private Treaty (Bán thỏa thuận),Undisclosed,,Price Undisclosed,4,2,2,646m²,22.4,https://www.homely.com.au/homes/11-donovan-street-greenwith-sa-5125/13127794
13024410,2026-05-14,14/05/2026,"27 Frederick Street, Clarence Park SA 5034",Clarence Park,City of Unley & Prestige South,Private Treaty (Bán thỏa thuận),Disclosed,1585000,"$1,585,000",3,3,4,696m²,4.54,https://www.homely.com.au/homes/27-frederick-street-clarence-park-sa-5034/13024410
13083915,2026-05-14,14/05/2026,"4 Victor Street, Maylands SA 5069",Maylands,"Norwood, Campbelltown & North-East Core",Private Treaty (Bán thỏa thuận),Disclosed,1140000,"$1,140,000",2,1,1,290m²,4.38,https://www.homely.com.au/homes/4-victor-street-maylands-sa-5069/13083915
12965982,2026-05-14,14/05/2026,"2 Lois Lane, Hawthorndene SA 5051",Hawthorndene,City of Mitcham & Foothills,Private Treaty (Bán thỏa thuận),Disclosed,1100000,"$1,100,000",3,2,1,1071m²,2.99,https://www.homely.com.au/homes/2-lois-lane-hawthorndene-sa-5051/12965982
13137205,2026-05-14,14/05/2026,"2/26 Arnold Street, Underdale SA 5032",Underdale,Western Coastal Corridors,Private Treaty (Bán thỏa thuận),Disclosed,763000,"$763,000",2,1,1,N/A,7.65,https://www.homely.com.au/homes/2-26-arnold-street-underdale-sa-5032/13137205
13182316,2026-05-14,14/05/2026,"2/85 Augusta Street, Glenelg East SA 5045",Glenelg East,Western Coastal Corridors,Private Treaty (Bán thỏa thuận),Disclosed,760000,"$760,000",2,1,1,N/A,11.01,https://www.homely.com.au/homes/2-85-augusta-street-glenelg-east-sa-5045/13182316
13126375,2026-05-14,14/05/2026,"15 Bickford Terrace, Somerton Park SA 5044",Somerton Park,Western Coastal Corridors,Private Treaty (Bán thỏa thuận),Undisclosed,,Price Undisclosed,5,4,4,925m²,10.75,https://www.homely.com.au/homes/15-bickford-terrace-somerton-park-sa-5044/13126375
13081633,2026-05-14,14/05/2026,"12 Alice Street, Hove SA 5048",Hove,Western Coastal Corridors,Private Treaty (Bán thỏa thuận),Undisclosed,,Price Undisclosed,4,2,2,434m²,12.45,https://www.homely.com.au/homes/12-alice-street-hove-sa-5048/13081633
13081648,2026-05-13,13/05/2026,"46 The Grove, Lower Mitcham SA 5062",Lower Mitcham,City of Mitcham & Foothills,Private Treaty (Bán thỏa thuận),Disclosed,1665000,"$1,665,000",3,1,2,757m²,2.68,https://www.homely.com.au/homes/46-the-grove-lower-mitcham-sa-5062/13081648
12923682,2026-05-13,13/05/2026,"17 Adele Avenue, Kidman Park SA 5025",Kidman Park,Western Coastal Corridors,Private Treaty (Bán thỏa thuận),Disclosed,1400000,"$1,400,000",4,2,9,702m²,9.7,https://www.homely.com.au/homes/17-adele-avenue-kidman-park-sa-5025/12923682
13102352,2026-05-13,13/05/2026,"40 Second Avenue, Bridgewater SA 5155",Bridgewater,Adelaide Hills & Tea Tree Gully Safe Enclaves,Private Treaty (Bán thỏa thuận),Disclosed,1270000,"$1,270,000",4,2,2,1009m²,13.23,https://www.homely.com.au/homes/40-second-avenue-bridgewater-sa-5155/13102352
13118131,2026-05-13,13/05/2026,"1A Hawkins Court, Athelstone SA 5076",Athelstone,"Norwood, Campbelltown & North-East Core",Private Treaty (Bán thỏa thuận),Disclosed,1140000,"$1,140,000",4,2,2,N/A,10.85,https://www.homely.com.au/homes/1a-hawkins-court-athelstone-sa-5076/13118131
12983781,2026-05-13,13/05/2026,"70B Ross Road, Hectorville SA 5073",Hectorville,"Norwood, Campbelltown & North-East Core",Private Treaty (Bán thỏa thuận),Disclosed,1012500,"$1,012,500",3,2,2,1230m²,6.98,https://www.homely.com.au/homes/70b-ross-road-hectorville-sa-5073/12983781
13094252,2026-05-13,13/05/2026,"25 Hillside Avenue, Highbury SA 5089",Highbury,Adelaide Hills & Tea Tree Gully Safe Enclaves,Private Treaty (Bán thỏa thuận),Disclosed,878000,"$878,000",3,1,3,778m²,12.87,https://www.homely.com.au/homes/25-hillside-avenue-highbury-sa-5089/13094252
13095039,2026-05-13,13/05/2026,"3/11 Cuthero Terrace, Kensington Gardens SA 5068",Kensington Gardens,City of Burnside & Core East,Private Treaty (Bán thỏa thuận),Disclosed,835000,"$835,000",2,1,1,N/A,4.96,https://www.homely.com.au/homes/3-11-cuthero-terrace-kensington-gardens-sa-50/13095039
13101332,2026-05-13,13/05/2026,"2/24 Hectorville Road, Hectorville SA 5073",Hectorville,"Norwood, Campbelltown & North-East Core",Private Treaty (Bán thỏa thuận),Disclosed,825000,"$825,000",3,2,1,N/A,6.98,https://www.homely.com.au/homes/2-24-hectorville-road-hectorville-sa-5073/13101332
13122083,2026-05-13,13/05/2026,"1/40 Broad Street, Marden SA 5070",Marden,"Norwood, Campbelltown & North-East Core",Private Treaty (Bán thỏa thuận),Disclosed,730000,"$730,000",2,1,1,N/A,6.4,https://www.homely.com.au/homes/1-40-broad-street-marden-sa-5070/13122083
13102344,2026-05-13,13/05/2026,"1 Cypress Crescent, Glenside SA 5065",Glenside,City of Burnside & Core East,Private Treaty (Bán thỏa thuận),Undisclosed,,Price Undisclosed,3,2,4,N/A,2.06,https://www.homely.com.au/homes/1-cypress-crescent-glenside-sa-5065/13102344
13037358,2026-05-13,13/05/2026,"7 Richards Terrace, Goodwood SA 5034",Goodwood,City of Unley & Prestige South,Private Treaty (Bán thỏa thuận),Undisclosed,,Price Undisclosed,3,2,2,636m²,4.14,https://www.homely.com.au/homes/7-richards-terrace-goodwood-sa-5034/13037358
13081588,2026-05-13,13/05/2026,"108 Shepherds Hill Road, Bellevue Heights SA 5050",Bellevue Heights,City of Mitcham & Foothills,Private Treaty (Bán thỏa thuận),Undisclosed,,Price Undisclosed,3,2,2,962m²,8.79,https://www.homely.com.au/homes/108-shepherds-hill-road-bellevue-heights-sa-5/13081588
12991317,2026-05-13,13/05/2026,"1/49 Reid Avenue, Felixstow SA 5070",Felixstow,"Norwood, Campbelltown & North-East Core",Private Treaty (Bán thỏa thuận),Undisclosed,,Price Undisclosed,3,2,2,N/A,6.96,https://www.homely.com.au/homes/1-49-reid-avenue-felixstow-sa-5070/12991317
12994422,2026-05-13,13/05/2026,"1B Thomas Avenue, Paradise SA 5075",Paradise,"Norwood, Campbelltown & North-East Core",Private Treaty (Bán thỏa thuận),Undisclosed,,Price Undisclosed,8,4,2,412m²,9.59,https://www.homely.com.au/homes/1b-thomas-avenue-paradise-sa-5075/12994422
12094307,2026-05-13,13/05/2026,"95 Moseley Street, Glenelg South SA 5045",Glenelg South,Western Coastal Corridors,Private Treaty (Bán thỏa thuận),Undisclosed,,Price Undisclosed,4,3,2,605m²,11.01,https://www.homely.com.au/homes/95-moseley-street-glenelg-south-sa-5045/12094307
12978874,2026-05-13,13/05/2026,"1A Smith Avenue, Hove SA 5048",Hove,Western Coastal Corridors,Private Treaty (Bán thỏa thuận),Undisclosed,,Price Undisclosed,3,2,2,301m²,12.45,https://www.homely.com.au/homes/1a-smith-avenue-hove-sa-5048/12978874
13078157,2026-05-12,12/05/2026,"2C Angove Road, Somerton Park SA 5044",Somerton Park,Western Coastal Corridors,Private Treaty (Bán thỏa thuận),Disclosed,2625000,"$2,625,000",4,2,2,345m²,10.75,https://www.homely.com.au/homes/2c-angove-road-somerton-park-sa-5044/13078157
13100851,2026-05-12,12/05/2026,"45A Arthur Street, Tranmere SA 5073",Tranmere,"Norwood, Campbelltown & North-East Core",Private Treaty (Bán thỏa thuận),Disclosed,1590000,"$1,590,000",4,3,2,371m²,5.78,https://www.homely.com.au/homes/45a-arthur-street-tranmere-sa-5073/13100851
13128129,2026-05-12,12/05/2026,"2/307 Montacute Road, Athelstone SA 5076",Athelstone,"Norwood, Campbelltown & North-East Core",Private Treaty (Bán thỏa thuận),Disclosed,855000,"$855,000",3,1,6,395.6m²,10.85,https://www.homely.com.au/homes/2-307-montacute-road-athelstone-sa-5076/13128129
13069465,2026-05-12,12/05/2026,"8/6 Wattle Street, Fullarton SA 5063",Fullarton,City of Unley & Prestige South,Private Treaty (Bán thỏa thuận),Disclosed,832000,"$832,000",2,1,1,281m²,1.24,https://www.homely.com.au/homes/8-6-wattle-street-fullarton-sa-5063/13069465
13019805,2026-05-12,12/05/2026,"1/235 Payneham Road, Joslin SA 5070",Joslin,"Norwood, Campbelltown & North-East Core",Private Treaty (Bán thỏa thuận),Disclosed,655000,"$655,000",2,1,1,N/A,6.99,https://www.homely.com.au/homes/1-235-payneham-road-joslin-sa-5070/13019805
13104706,2026-05-12,12/05/2026,"6/2 Ferguson Street, Glenelg North SA 5045",Glenelg North,Western Coastal Corridors,Private Treaty (Bán thỏa thuận),Disclosed,501000,"$501,000",2,1,1,N/A,11.01,https://www.homely.com.au/homes/6-2-ferguson-street-glenelg-north-sa-5045/13104706
13091411,2026-05-12,12/05/2026,"65 Hallett Road, Burnside SA 5066",Burnside,City of Burnside & Core East,Private Treaty (Bán thỏa thuận),Undisclosed,,Price Undisclosed,3,1,3,350m²,3.83,https://www.homely.com.au/homes/65-hallett-road-burnside-sa-5066/13091411
13090819,2026-05-12,12/05/2026,"2C Gandys Gully Road, Stonyfell SA 5066",Stonyfell,City of Burnside & Core East,Private Treaty (Bán thỏa thuận),Undisclosed,,Price Undisclosed,3,2,2,1066m²,4.88,https://www.homely.com.au/homes/2c-gandys-gully-road-stonyfell-sa-5066/13090819
13089109,2026-05-12,12/05/2026,"41 Deepdene Avenue, Bellevue Heights SA 5050",Bellevue Heights,City of Mitcham & Foothills,Private Treaty (Bán thỏa thuận),Undisclosed,,Price Undisclosed,3,1,2,1590m²,8.79,https://www.homely.com.au/homes/41-deepdene-avenue-bellevue-heights-sa-5050/13089109
13058293,2026-05-11,11/05/2026,"7 Waldron Street, Henley Beach South SA 5022",Henley Beach South,Western Coastal Corridors,Private Treaty (Bán thỏa thuận),Disclosed,2500000,"$2,500,000",4,3,8,832m²,12.15,https://www.homely.com.au/homes/7-waldron-street-henley-beach-south-sa-5022/13058293
13103598,2026-05-11,11/05/2026,"2 Netley Avenue, Lockleys SA 5032",Lockleys,Western Coastal Corridors,Private Treaty (Bán thỏa thuận),Disclosed,2075000,"$2,075,000",4,2,2,816m²,8.8,https://www.homely.com.au/homes/2-netley-avenue-lockleys-sa-5032/13103598
13068081,2026-05-11,11/05/2026,"549 Goodwood Road, Colonel Light Gardens SA 5041",Colonel Light Gardens,City of Mitcham & Foothills,Private Treaty (Bán thỏa thuận),Disclosed,1605000,"$1,605,000",4,2,4,746m²,4.41,https://www.homely.com.au/homes/549-goodwood-road-colonel-light-gardens-sa-50/13068081
13035646,2026-05-11,11/05/2026,"65 Buchanan Drive, Woodforde SA 5072",Woodforde,Adelaide Hills & Tea Tree Gully Safe Enclaves,Private Treaty (Bán thỏa thuận),Disclosed,1005000,"$1,005,000",3,2,1,N/A,8.35,https://www.homely.com.au/homes/65-buchanan-drive-woodforde-sa-5072/13035646
13039269,2026-05-11,11/05/2026,"21/1 Alexander Lane, Marden SA 5070",Marden,"Norwood, Campbelltown & North-East Core",Private Treaty (Bán thỏa thuận),Disclosed,635000,"$635,000",2,1,1,13m²,6.4,https://www.homely.com.au/homes/21-1-alexander-lane-marden-sa-5070/13039269
12676939,2026-05-11,11/05/2026,"7/2a Ferguson Avenue, Myrtle Bank SA 5064",Myrtle Bank,City of Burnside & Core East,Private Treaty (Bán thỏa thuận),Disclosed,570000,"$570,000",2,1,2,N/A,0.09,https://www.homely.com.au/homes/7-2a-ferguson-avenue-myrtle-bank-sa-5064/12676939
13078020,2026-05-11,11/05/2026,"14 Dulwich Avenue, Dulwich SA 5065",Dulwich,City of Burnside & Core East,Private Treaty (Bán thỏa thuận),Undisclosed,,Price Undisclosed,4,2,2,512m²,2.62,https://www.homely.com.au/homes/14-dulwich-avenue-dulwich-sa-5065/13078020
13100936,2026-05-11,11/05/2026,"5 Vine Lane, Glen Osmond SA 5064",Glen Osmond,City of Burnside & Core East,Private Treaty (Bán thỏa thuận),Undisclosed,,Price Undisclosed,4,2,2,453m²,1.36,https://www.homely.com.au/homes/5-vine-lane-glen-osmond-sa-5064/13100936
13100474,2026-05-11,11/05/2026,"54 Waite Street, Blackwood SA 5051",Blackwood,City of Mitcham & Foothills,Private Treaty (Bán thỏa thuận),Undisclosed,,Price Undisclosed,3,1,2,547m²,7.07,https://www.homely.com.au/homes/54-waite-street-blackwood-sa-5051/13100474
13081811,2026-05-10,10/05/2026,"58 Charles Sturt Avenue, Grange SA 5022",Grange,Western Coastal Corridors,Private Treaty (Bán thỏa thuận),Undisclosed,,Price Undisclosed,3,2,2,763m²,13.92,https://www.homely.com.au/homes/58-charles-sturt-avenue-grange-sa-5022/13081811
13080905,2026-05-10,10/05/2026,"43 Gower Street, Glenelg East SA 5045",Glenelg East,Western Coastal Corridors,Private Treaty (Bán thỏa thuận),Undisclosed,,Price Undisclosed,4,2,3,797m²,11.01,https://www.homely.com.au/homes/43-gower-street-glenelg-east-sa-5045/13080905
13071933,2026-05-10,10/05/2026,"8 Glen Avon Terrace, Ridgehaven SA 5097",Ridgehaven,Adelaide Hills & Tea Tree Gully Safe Enclaves,Private Treaty (Bán thỏa thuận),Undisclosed,,Price Undisclosed,5,2,4,770m²,16.48,https://www.homely.com.au/homes/8-glen-avon-terrace-ridgehaven-sa-5097/13071933
13014646,2026-05-10,10/05/2026,"8 Uthwatt Court, St Agnes SA 5097",St Agnes,Adelaide Hills & Tea Tree Gully Safe Enclaves,Private Treaty (Bán thỏa thuận),Undisclosed,,Price Undisclosed,4,2,4,851m²,15.94,https://www.homely.com.au/homes/8-uthwatt-court-st-agnes-sa-5097/13014646
13081645,2026-05-09,09/05/2026,"36 Tusmore Avenue, Leabrook SA 5068",Leabrook,City of Burnside & Core East,Private Treaty (Bán thỏa thuận),Disclosed,3500000,"$3,500,000",3,2,4,1486m²,4.04,https://www.homely.com.au/homes/36-tusmore-avenue-leabrook-sa-5068/13081645
13081850,2026-05-09,09/05/2026,"4 Ardeer Road, Torrens Park SA 5062",Torrens Park,City of Mitcham & Foothills,Private Treaty (Bán thỏa thuận),Disclosed,2190000,"$2,190,000",4,2,2,735m²,2.77,https://www.homely.com.au/homes/4-ardeer-road-torrens-park-sa-5062/13081850
13080066,2026-05-09,09/05/2026,"32A Northgate Street, Unley Park SA 5061",Unley Park,City of Unley & Prestige South,Private Treaty (Bán thỏa thuận),Disclosed,1572000,"$1,572,000",3,2,2,533m²,2.78,https://www.homely.com.au/homes/32a-northgate-street-unley-park-sa-5061/13080066
13083343,2026-05-09,09/05/2026,"6 Crozier Avenue, Daw Park SA 5041",Daw Park,City of Mitcham & Foothills,Private Treaty (Bán thỏa thuận),Disclosed,1416000,"$1,416,000",3,1,2,650m²,5.41,https://www.homely.com.au/homes/6-crozier-avenue-daw-park-sa-5041/13083343
13081646,2026-05-09,09/05/2026,"6A Lorraine Avenue, Clarence Park SA 5034",Clarence Park,City of Unley & Prestige South,Private Treaty (Bán thỏa thuận),Disclosed,1401000,"$1,401,000",2,1,1,557m²,4.54,https://www.homely.com.au/homes/6a-lorraine-avenue-clarence-park-sa-5034/13081646
13085230,2026-05-09,09/05/2026,"17A Kent Avenue, Fulham Gardens SA 5024",Fulham Gardens,Western Coastal Corridors,Private Treaty (Bán thỏa thuận),Disclosed,1323000,"$1,323,000",4,2,2,451m²,10.46,https://www.homely.com.au/homes/17a-kent-avenue-fulham-gardens-sa-5024/13085230
13053450,2026-05-09,09/05/2026,"122 Clairville Road, Newton SA 5074",Newton,"Norwood, Campbelltown & North-East Core",Private Treaty (Bán thỏa thuận),Disclosed,1228888,"$1,228,888",4,2,2,335m²,9.65,https://www.homely.com.au/homes/122-clairville-road-newton-sa-5074/13053450
13075530,2026-05-09,09/05/2026,"7A Rosewood Road, Highbury SA 5089",Highbury,Adelaide Hills & Tea Tree Gully Safe Enclaves,Private Treaty (Bán thỏa thuận),Disclosed,1210000,"$1,210,000",4,3,2,378m²,12.87,https://www.homely.com.au/homes/7a-rosewood-road-highbury-sa-5089/13075530
13057070,2026-05-09,09/05/2026,"13 Andrea Street, Highbury SA 5089",Highbury,Adelaide Hills & Tea Tree Gully Safe Enclaves,Private Treaty (Bán thỏa thuận),Disclosed,950000,"$950,000",6,2,2,631m²,12.87,https://www.homely.com.au/homes/13-andrea-street-highbury-sa-5089/13057070
13054443,2026-05-09,09/05/2026,"15 Sydney Street, Ridgehaven SA 5097",Ridgehaven,Adelaide Hills & Tea Tree Gully Safe Enclaves,Private Treaty (Bán thỏa thuận),Disclosed,900000,"$900,000",4,2,1,436m²,16.48,https://www.homely.com.au/homes/15-sydney-street-ridgehaven-sa-5097/13054443
13072189,2026-05-09,09/05/2026,"63 Cashel Street, Pasadena SA 5042",Pasadena,City of Mitcham & Foothills,Private Treaty (Bán thỏa thuận),Disclosed,880000,"$880,000",3,1,2,802m²,6.11,https://www.homely.com.au/homes/63-cashel-street-pasadena-sa-5042/13072189
13073177,2026-05-09,09/05/2026,"2/31 Norton Summit Road, Woodforde SA 5072",Woodforde,Adelaide Hills & Tea Tree Gully Safe Enclaves,Private Treaty (Bán thỏa thuận),Disclosed,750000,"$750,000",2,1,1,465m²,8.35,https://www.homely.com.au/homes/2-31-norton-summit-road-woodforde-sa-5072/13073177
13088454,2026-05-09,09/05/2026,"4 Rushton street, Goodwood SA 5034",Goodwood,City of Unley & Prestige South,Private Treaty (Bán thỏa thuận),Undisclosed,,Price Undisclosed,3,1,2,509m²,4.14,https://www.homely.com.au/homes/4-rushton-street-goodwood-sa-5034/13088454
13081226,2026-05-09,09/05/2026,"1 Belinda Street, Evandale SA 5069",Evandale,"Norwood, Campbelltown & North-East Core",Private Treaty (Bán thỏa thuận),Undisclosed,,Price Undisclosed,3,1,2,534m²,5.5,https://www.homely.com.au/homes/1-belinda-street-evandale-sa-5069/13081226
13084958,2026-05-09,09/05/2026,"28 White Terrace, Fulham Gardens SA 5024",Fulham Gardens,Western Coastal Corridors,Private Treaty (Bán thỏa thuận),Undisclosed,,Price Undisclosed,3,3,3,N/A,10.46,https://www.homely.com.au/homes/28-white-terrace-fulham-gardens-sa-5024/13084958
13058220,2026-05-09,09/05/2026,"5 Faye Avenue, Ridgehaven SA 5097",Ridgehaven,Adelaide Hills & Tea Tree Gully Safe Enclaves,Private Treaty (Bán thỏa thuận),Undisclosed,,Price Undisclosed,5,2,1,1016m²,16.48,https://www.homely.com.au/homes/5-faye-avenue-ridgehaven-sa-5097/13058220
12682503,2026-05-08,08/05/2026,"56 Princes Road, Torrens Park SA 5062",Torrens Park,City of Mitcham & Foothills,Private Treaty (Bán thỏa thuận),Disclosed,2700000,"$2,700,000",4,2,7,1235m²,2.77,https://www.homely.com.au/homes/56-princes-road-torrens-park-sa-5062/12682503
13064208,2026-05-08,08/05/2026,"4 North Street, Marino SA 5049",Marino,Western Coastal Corridors,Private Treaty (Bán thỏa thuận),Disclosed,1500000,"$1,500,000",5,2,6,845m²,14.91,https://www.homely.com.au/homes/4-north-street-marino-sa-5049/13064208
12994905,2026-05-08,08/05/2026,"30A Bolingbroke Avenue, Henley Beach SA 5022",Henley Beach,Western Coastal Corridors,Private Treaty (Bán thỏa thuận),Disclosed,1350000,"$1,350,000",3,2,2,337m²,12.15,https://www.homely.com.au/homes/30a-bolingbroke-avenue-henley-beach-sa-5022/12994905
13101279,2026-05-08,08/05/2026,"1/13 Patawalonga Frontage, Glenelg North SA 5045",Glenelg North,Western Coastal Corridors,Private Treaty (Bán thỏa thuận),Disclosed,1320000,"$1,320,000",2,1,2,N/A,11.01,https://www.homely.com.au/homes/1-13-patawalonga-frontage-glenelg-north-sa-50/13101279
13096098,2026-05-08,08/05/2026,"5/27a Keith Street, Hectorville SA 5073",Hectorville,"Norwood, Campbelltown & North-East Core",Private Treaty (Bán thỏa thuận),Disclosed,1247000,"$1,247,000",3,2,2,347m²,6.98,https://www.homely.com.au/homes/5-27a-keith-street-hectorville-sa-5073/13096098
13081329,2026-05-08,08/05/2026,"5 Alder Street, Paradise SA 5075",Paradise,"Norwood, Campbelltown & North-East Core",Private Treaty (Bán thỏa thuận),Disclosed,915000,"$915,000",3,1,2,N/A,9.59,https://www.homely.com.au/homes/5-alder-street-paradise-sa-5075/13081329
13043091,2026-05-08,08/05/2026,"2/18 Dutton Avenue, Hectorville SA 5073",Hectorville,"Norwood, Campbelltown & North-East Core",Private Treaty (Bán thỏa thuận),Disclosed,851000,"$851,000",3,2,2,N/A,6.98,https://www.homely.com.au/homes/2-18-dutton-avenue-hectorville-sa-5073/13043091
12509072,2026-05-08,08/05/2026,"7 Bellevue Place, Unley Park SA 5061",Unley Park,City of Unley & Prestige South,Private Treaty (Bán thỏa thuận),Undisclosed,,Price Undisclosed,4,2,5,1877m²,2.78,https://www.homely.com.au/homes/7-bellevue-place-unley-park-sa-5061/12509072
13059947,2026-05-08,08/05/2026,"7/18 Williams Avenue, St Morris SA 5068",St Morris,"Norwood, Campbelltown & North-East Core",Private Treaty (Bán thỏa thuận),Undisclosed,,Price Undisclosed,2,1,1,14m²,4.78,https://www.homely.com.au/homes/7-18-williams-avenue-st-morris-sa-5068/13059947
13028117,2026-05-08,08/05/2026,"7C Ross Street, Brighton SA 5048",Brighton,Western Coastal Corridors,Private Treaty (Bán thỏa thuận),Undisclosed,,Price Undisclosed,3,2,4,332m²,12.37,https://www.homely.com.au/homes/7c-ross-street-brighton-sa-5048/13028117
13118134,2026-05-08,08/05/2026,"75 Cassia Street, Surrey Downs SA 5126",Surrey Downs,Adelaide Hills & Tea Tree Gully Safe Enclaves,Private Treaty (Bán thỏa thuận),Undisclosed,,Price Undisclosed,4,2,2,283m²,19.29,https://www.homely.com.au/homes/75-cassia-street-surrey-downs-sa-5126/13118134
13099691,2026-05-07,07/05/2026,"55 Third Avenue, Forestville SA 5035",Forestville,City of Unley & Prestige South,Private Treaty (Bán thỏa thuận),Disclosed,2350000,"$2,350,000",4,2,2,914m²,5.03,https://www.homely.com.au/homes/55-third-avenue-forestville-sa-5035/13099691
12998202,2026-05-07,07/05/2026,"7 Gordon Road, Black Forest SA 5035",Black Forest,City of Unley & Prestige South,Private Treaty (Bán thỏa thuận),Disclosed,1800000,"$1,800,000",3,2,4,696m²,5.38,https://www.homely.com.au/homes/7-gordon-road-black-forest-sa-5035/12998202
12842253,2026-05-07,07/05/2026,"15b Edward Street, Glynde SA 5070",Glynde,"Norwood, Campbelltown & North-East Core",Private Treaty (Bán thỏa thuận),Disclosed,1020000,"$1,020,000",3,2,2,242m²,6.67,https://www.homely.com.au/homes/15b-edward-street-glynde-sa-5070/12842253
13088121,2026-05-07,07/05/2026,"9/27 Victoria Street, Goodwood SA 5034",Goodwood,City of Unley & Prestige South,Private Treaty (Bán thỏa thuận),Disclosed,609000,"$609,000",2,1,1,N/A,4.14,https://www.homely.com.au/homes/9-27-victoria-street-goodwood-sa-5034/13088121
13064884,2026-05-06,06/05/2026,"62 Battams Road, Marden SA 5070",Marden,"Norwood, Campbelltown & North-East Core",Private Treaty (Bán thỏa thuận),Disclosed,2270000,"$2,270,000",4,2,2,404m²,6.4,https://www.homely.com.au/homes/62-battams-road-marden-sa-5070/13064884
13081923,2026-05-06,06/05/2026,"32 Macarthur Avenue, North Brighton SA 5048",North Brighton,Western Coastal Corridors,Private Treaty (Bán thỏa thuận),Disclosed,1450000,"$1,450,000",3,2,4,685m²,12.37,https://www.homely.com.au/homes/32-macarthur-avenue-north-brighton-sa-5048/13081923
13077628,2026-05-06,06/05/2026,"1/472 Greenhill Road, Hazelwood Park SA 5066",Hazelwood Park,City of Burnside & Core East,Private Treaty (Bán thỏa thuận),Disclosed,928000,"$928,000",3,1,1,N/A,3.55,https://www.homely.com.au/homes/1-472-greenhill-road-hazelwood-park-sa-5066/13077628
12914731,2026-05-06,06/05/2026,"51 Payneham Road, College Park SA 5069",College Park,"Norwood, Campbelltown & North-East Core",Private Treaty (Bán thỏa thuận),Disclosed,905000,"$905,000",3,2,2,N/A,4.89,https://www.homely.com.au/homes/51-payneham-road-college-park-sa-5069/12914731
13057335,2026-05-06,06/05/2026,"57 Sansom Road, Semaphore Park SA 5019",Semaphore Park,Western Coastal Corridors,Private Treaty (Bán thỏa thuận),Disclosed,870000,"$870,000",2,1,1,N/A,17.73,https://www.homely.com.au/homes/57-sansom-road-semaphore-park-sa-5019/13057335
13101917,2026-05-06,06/05/2026,"8/41A Addison Road, Black Forest SA 5035",Black Forest,City of Unley & Prestige South,Private Treaty (Bán thỏa thuận),Disclosed,725000,"$725,000",2,1,1,N/A,5.38,https://www.homely.com.au/homes/8-41a-addison-road-black-forest-sa-5035/13101917
13080030,2026-05-06,06/05/2026,"5/168-170 Seaview Road, Henley Beach South SA 5022",Henley Beach South,Western Coastal Corridors,Private Treaty (Bán thỏa thuận),Disclosed,655575,"$655,575",2,1,1,70m²,12.15,https://www.homely.com.au/homes/5-168-170-seaview-road-henley-beach-south-sa/13080030
13017180,2026-05-06,06/05/2026,"7/294 Goodwood Road, Clarence Park SA 5034",Clarence Park,City of Unley & Prestige South,Private Treaty (Bán thỏa thuận),Disclosed,600000,"$600,000",2,1,1,N/A,4.54,https://www.homely.com.au/homes/7-294-goodwood-road-clarence-park-sa-5034/13017180
13100665,2026-05-06,06/05/2026,"113/248 Unley Road, Hyde Park SA 5061",Hyde Park,City of Unley & Prestige South,Private Treaty (Bán thỏa thuận),Disclosed,485000,"$485,000",1,1,1,N/A,3.2,https://www.homely.com.au/homes/113-248-unley-road-hyde-park-sa-5061/13100665
13074744,2026-05-06,06/05/2026,"15 Clifton Court, Stonyfell SA 5066",Stonyfell,City of Burnside & Core East,Private Treaty (Bán thỏa thuận),Undisclosed,,Price Undisclosed,4,2,3,663m²,4.88,https://www.homely.com.au/homes/15-clifton-court-stonyfell-sa-5066/13074744
13110630,2026-05-06,06/05/2026,"2/44 Myall Avenue, Kensington Gardens SA 5068",Kensington Gardens,City of Burnside & Core East,Private Treaty (Bán thỏa thuận),Undisclosed,,Price Undisclosed,2,1,2,N/A,4.96,https://www.homely.com.au/homes/2-44-myall-avenue-kensington-gardens-sa-5068/13110630
13079425,2026-05-06,06/05/2026,"6/66 Forest Avenue, Black Forest SA 5035",Black Forest,City of Unley & Prestige South,Private Treaty (Bán thỏa thuận),Undisclosed,,Price Undisclosed,2,1,1,N/A,5.38,https://www.homely.com.au/homes/6-66-forest-avenue-black-forest-sa-5035/13079425
13028718,2026-05-06,06/05/2026,"16/66 Marden Road, Marden SA 5070",Marden,"Norwood, Campbelltown & North-East Core",Private Treaty (Bán thỏa thuận),Undisclosed,,Price Undisclosed,2,2,1,121m²,6.4,https://www.homely.com.au/homes/16-66-marden-road-marden-sa-5070/13028718
13072106,2026-05-06,06/05/2026,"4B La Scala Court, Paradise SA 5075",Paradise,"Norwood, Campbelltown & North-East Core",Private Treaty (Bán thỏa thuận),Undisclosed,,Price Undisclosed,3,2,2,N/A,9.59,https://www.homely.com.au/homes/4b-la-scala-court-paradise-sa-5075/13072106
13085611,2026-05-06,06/05/2026,"44 Holbrooks Road, Flinders Park SA 5025",Flinders Park,Western Coastal Corridors,Private Treaty (Bán thỏa thuận),Undisclosed,,Price Undisclosed,2,1,1,N/A,8.61,https://www.homely.com.au/homes/44-holbrooks-road-flinders-park-sa-5025/13085611
13095495,2026-05-06,06/05/2026,"12 Law Court, Greenwith SA 5125",Greenwith,Adelaide Hills & Tea Tree Gully Safe Enclaves,Private Treaty (Bán thỏa thuận),Undisclosed,,Price Undisclosed,4,1,5,450m²,22.4,https://www.homely.com.au/homes/12-law-court-greenwith-sa-5125/13095495
13082361,2026-05-05,05/05/2026,"5 Federation Court, Bellevue Heights SA 5050",Bellevue Heights,City of Mitcham & Foothills,Private Treaty (Bán thỏa thuận),Disclosed,1580000,"$1,580,000",4,2,5,968m²,8.79,https://www.homely.com.au/homes/5-federation-court-bellevue-heights-sa-5050/13082361
13037748,2026-05-05,05/05/2026,"1 Dryden Avenue, Hazelwood Park SA 5066",Hazelwood Park,City of Burnside & Core East,Private Treaty (Bán thỏa thuận),Disclosed,1550000,"$1,550,000",4,2,2,742m²,3.55,https://www.homely.com.au/homes/1-dryden-avenue-hazelwood-park-sa-5066/13037748
13101906,2026-05-05,05/05/2026,"9 Nicolle Avenue, Hawthorndene SA 5051",Hawthorndene,City of Mitcham & Foothills,Private Treaty (Bán thỏa thuận),Disclosed,1250000,"$1,250,000",3,2,2,1045m²,2.99,https://www.homely.com.au/homes/9-nicolle-avenue-hawthorndene-sa-5051/13101906
13101385,2026-05-05,05/05/2026,"10/49 Leader Street, Goodwood SA 5034",Goodwood,City of Unley & Prestige South,Private Treaty (Bán thỏa thuận),Undisclosed,,Price Undisclosed,2,1,1,N/A,4.14,https://www.homely.com.au/homes/10-49-leader-street-goodwood-sa-5034/13101385
12786109,2026-05-05,05/05/2026,"164A East Terrace, Henley Beach SA 5022",Henley Beach,Western Coastal Corridors,Private Treaty (Bán thỏa thuận),Undisclosed,,Price Undisclosed,4,2,2,401m²,12.15,https://www.homely.com.au/homes/164a-east-terrace-henley-beach-sa-5022/12786109
13066394,2026-05-05,05/05/2026,"145A Esplanade, Tennyson SA 5022",Tennyson,Western Coastal Corridors,Private Treaty (Bán thỏa thuận),Undisclosed,,Price Undisclosed,3,3,2,594m²,15.79,https://www.homely.com.au/homes/145a-esplanade-tennyson-sa-5022/13066394
13058746,2026-05-05,05/05/2026,"24A Granville Street, Semaphore Park SA 5019",Semaphore Park,Western Coastal Corridors,Private Treaty (Bán thỏa thuận),Undisclosed,,Price Undisclosed,3,2,2,N/A,17.73,https://www.homely.com.au/homes/24a-granville-street-semaphore-park-sa-5019/13058746
13074583,2026-05-05,05/05/2026,"2/33 Scarborough Street, Somerton Park SA 5044",Somerton Park,Western Coastal Corridors,Private Treaty (Bán thỏa thuận),Undisclosed,,Price Undisclosed,2,1,1,N/A,10.75,https://www.homely.com.au/homes/2-33-scarborough-street-somerton-park-sa-5044/13074583
13043492,2026-05-04,04/05/2026,"82 Riverside Drive, Fulham SA 5024",Fulham,Western Coastal Corridors,Private Treaty (Bán thỏa thuận),Disclosed,1465000,"$1,465,000",3,1,3,696m²,10.46,https://www.homely.com.au/homes/82-riverside-drive-fulham-sa-5024/13043492
13060008,2026-05-04,04/05/2026,"24 Rokewood Avenue, Belair SA 5052",Belair,City of Mitcham & Foothills,Private Treaty (Bán thỏa thuận),Disclosed,1195000,"$1,195,000",3,2,2,1240m²,4.42,https://www.homely.com.au/homes/24-rokewood-avenue-belair-sa-5052/13060008
13081920,2026-05-04,04/05/2026,"1/23 Chasewater Street, Lower Mitcham SA 5062",Lower Mitcham,City of Mitcham & Foothills,Private Treaty (Bán thỏa thuận),Disclosed,1128005,"$1,128,005",3,2,2,N/A,2.68,https://www.homely.com.au/homes/1-23-chasewater-street-lower-mitcham-sa-5062/13081920
13056056,2026-05-04,04/05/2026,"9 Vantage Way, Crafers SA 5152",Crafers,Adelaide Hills & Tea Tree Gully Safe Enclaves,Private Treaty (Bán thỏa thuận),Disclosed,1120000,"$1,120,000",3,1,2,1690m²,7.71,https://www.homely.com.au/homes/9-vantage-way-crafers-sa-5152/13056056
13028537,2026-05-04,04/05/2026,"28 Baxter Avenue, Surrey Downs SA 5126",Surrey Downs,Adelaide Hills & Tea Tree Gully Safe Enclaves,Private Treaty (Bán thỏa thuận),Disclosed,850000,"$850,000",3,1,3,620m²,19.29,https://www.homely.com.au/homes/28-baxter-avenue-surrey-downs-sa-5126/13028537
13069325,2026-05-04,04/05/2026,"3/23 Crozier Avenue, Daw Park SA 5041",Daw Park,City of Mitcham & Foothills,Private Treaty (Bán thỏa thuận),Disclosed,827500,"$827,500",2,1,2,277m²,5.41,https://www.homely.com.au/homes/3-23-crozier-avenue-daw-park-sa-5041/13069325
12982323,2026-05-04,04/05/2026,"6/571 Portrush Road, Glenunga SA 5064",Glenunga,City of Burnside & Core East,Private Treaty (Bán thỏa thuận),Undisclosed,,Price Undisclosed,2,1,1,N/A,1.24,https://www.homely.com.au/homes/6-571-portrush-road-glenunga-sa-5064/12982323
12951104,2026-05-04,04/05/2026,"10a Maud Street, Unley SA 5061",Unley,City of Unley & Prestige South,Private Treaty (Bán thỏa thuận),Undisclosed,,Price Undisclosed,3,2,1,374m²,2.78,https://www.homely.com.au/homes/10a-maud-street-unley-sa-5061/12951104
13058469,2026-05-04,04/05/2026,"7 Maitland Street, Mitcham SA 5062",Mitcham,City of Mitcham & Foothills,Private Treaty (Bán thỏa thuận),Undisclosed,,Price Undisclosed,4,3,4,968m²,2.68,https://www.homely.com.au/homes/7-maitland-street-mitcham-sa-5062/13058469
13060324,2026-05-04,04/05/2026,"9A Winding Way, Belair SA 5052",Belair,City of Mitcham & Foothills,Private Treaty (Bán thỏa thuận),Undisclosed,,Price Undisclosed,4,2,2,931m²,4.42,https://www.homely.com.au/homes/9a-winding-way-belair-sa-5052/13060324
12992231,2026-05-04,04/05/2026,"8 Atlantic Avenue, West Beach SA 5024",West Beach,Western Coastal Corridors,Private Treaty (Bán thỏa thuận),Undisclosed,,Price Undisclosed,3,2,4,741m²,11.62,https://www.homely.com.au/homes/8-atlantic-avenue-west-beach-sa-5024/12992231
12934200,2026-05-04,04/05/2026,"1/84 Broadway, Glenelg South SA 5045",Glenelg South,Western Coastal Corridors,Private Treaty (Bán thỏa thuận),Undisclosed,,Price Undisclosed,2,1,1,N/A,11.01,https://www.homely.com.au/homes/1-84-broadway-glenelg-south-sa-5045/12934200
13049835,2026-05-03,03/05/2026,"5/19 Park Road, Kensington Park SA 5068",Kensington Park,City of Burnside & Core East,Private Treaty (Bán thỏa thuận),Undisclosed,,Price Undisclosed,2,1,1,N/A,4.1,https://www.homely.com.au/homes/5-19-park-road-kensington-park-sa-5068/13049835
13066480,2026-05-03,03/05/2026,"51A Whyte Street, Somerton Park SA 5044",Somerton Park,Western Coastal Corridors,Private Treaty (Bán thỏa thuận),Undisclosed,,Price Undisclosed,4,2,2,649m²,10.75,https://www.homely.com.au/homes/51a-whyte-street-somerton-park-sa-5044/13066480
13078844,2026-05-03,03/05/2026,"12 Beadnell Crescent, Bridgewater SA 5155",Bridgewater,Adelaide Hills & Tea Tree Gully Safe Enclaves,Private Treaty (Bán thỏa thuận),Undisclosed,,Price Undisclosed,3,2,1,1122m²,13.23,https://www.homely.com.au/homes/12-beadnell-crescent-bridgewater-sa-5155/13078844
13048598,2026-05-03,03/05/2026,"6 Radiata Road, Highbury SA 5089",Highbury,Adelaide Hills & Tea Tree Gully Safe Enclaves,Private Treaty (Bán thỏa thuận),Undisclosed,,Price Undisclosed,4,2,2,690m²,12.87,https://www.homely.com.au/homes/6-radiata-road-highbury-sa-5089/13048598
13044397,2026-05-02,02/05/2026,"25 Albert Street, Payneham SA 5070",Payneham,"Norwood, Campbelltown & North-East Core",Private Treaty (Bán thỏa thuận),Disclosed,3160000,"$3,160,000",3,1,4,N/A,6.41,https://www.homely.com.au/homes/25-albert-street-payneham-sa-5070/13044397
13059776,2026-05-02,02/05/2026,"97 Fisher Street, Fullarton SA 5063",Fullarton,City of Unley & Prestige South,Private Treaty (Bán thỏa thuận),Disclosed,2300000,"$2,300,000",3,1,2,905m²,1.24,https://www.homely.com.au/homes/97-fisher-street-fullarton-sa-5063/13059776
13052090,2026-05-02,02/05/2026,"12 Linear Park Drive, Highbury SA 5089",Highbury,Adelaide Hills & Tea Tree Gully Safe Enclaves,Private Treaty (Bán thỏa thuận),Disclosed,1370000,"$1,370,000",3,2,6,776m²,12.87,https://www.homely.com.au/homes/12-linear-park-drive-highbury-sa-5089/13052090
13055449,2026-05-02,02/05/2026,"2 Bellavista Avenue, Clapham SA 5062",Clapham,City of Mitcham & Foothills,Private Treaty (Bán thỏa thuận),Undisclosed,,Price Undisclosed,4,2,2,697m²,4.05,https://www.homely.com.au/homes/2-bellavista-avenue-clapham-sa-5062/13055449
13049104,2026-05-02,02/05/2026,"51A Lloyd Street, St Marys SA 5042",St Marys,City of Mitcham & Foothills,Private Treaty (Bán thỏa thuận),Undisclosed,,Price Undisclosed,4,2,2,402m²,6.81,https://www.homely.com.au/homes/51a-lloyd-street-st-marys-sa-5042/13049104
13048069,2026-05-02,02/05/2026,"22 Oxford Circuit, Newton SA 5074",Newton,"Norwood, Campbelltown & North-East Core",Private Treaty (Bán thỏa thuận),Undisclosed,,Price Undisclosed,3,1,1,355m²,9.65,https://www.homely.com.au/homes/22-oxford-circuit-newton-sa-5074/13048069
13028656,2026-05-02,02/05/2026,"22 Verona Avenue, Newton SA 5074",Newton,"Norwood, Campbelltown & North-East Core",Private Treaty (Bán thỏa thuận),Undisclosed,,Price Undisclosed,4,2,4,875m²,9.65,https://www.homely.com.au/homes/22-verona-avenue-newton-sa-5074/13028656
13049365,2026-05-02,02/05/2026,"20 Pecos Court, Wynn Vale SA 5127",Wynn Vale,Adelaide Hills & Tea Tree Gully Safe Enclaves,Private Treaty (Bán thỏa thuận),Undisclosed,,Price Undisclosed,4,2,2,690m²,18.49,https://www.homely.com.au/homes/20-pecos-court-wynn-vale-sa-5127/13049365
13021905,2026-05-02,02/05/2026,"15 Murray Street, Ridgehaven SA 5097",Ridgehaven,Adelaide Hills & Tea Tree Gully Safe Enclaves,Private Treaty (Bán thỏa thuận),Undisclosed,,Price Undisclosed,3,1,3,371m²,16.48,https://www.homely.com.au/homes/15-murray-street-ridgehaven-sa-5097/13021905
12864770,2026-05-01,01/05/2026,"3A Laurie Street, Kidman Park SA 5025",Kidman Park,Western Coastal Corridors,Private Treaty (Bán thỏa thuận),Disclosed,1820000,"$1,820,000",4,3,2,337m²,9.7,https://www.homely.com.au/homes/3a-laurie-street-kidman-park-sa-5025/12864770
12964400,2026-05-01,01/05/2026,"10 Niblic Court, Grange SA 5022",Grange,Western Coastal Corridors,Private Treaty (Bán thỏa thuận),Disclosed,1485000,"$1,485,000",4,2,4,546m²,13.92,https://www.homely.com.au/homes/10-niblic-court-grange-sa-5022/12964400
13038795,2026-05-01,01/05/2026,"12 Henderson Street, Henley Beach SA 5022",Henley Beach,Western Coastal Corridors,Private Treaty (Bán thỏa thuận),Disclosed,1245000,"$1,245,000",3,2,2,N/A,12.15,https://www.homely.com.au/homes/12-henderson-street-henley-beach-sa-5022/13038795
12990719,2026-05-01,01/05/2026,"27 Diosma Drive, Coromandel Valley SA 5051",Coromandel Valley,City of Mitcham & Foothills,Private Treaty (Bán thỏa thuận),Disclosed,1175000,"$1,175,000",4,1,2,1213m²,9.16,https://www.homely.com.au/homes/27-diosma-drive-coromandel-valley-sa-5051/12990719
13056897,2026-05-01,01/05/2026,"14 Nicholas Drive, Tea Tree Gully SA 5091",Tea Tree Gully,Adelaide Hills & Tea Tree Gully Safe Enclaves,Private Treaty (Bán thỏa thuận),Disclosed,915000,"$915,000",3,2,3,362m²,16.9,https://www.homely.com.au/homes/14-nicholas-drive-tea-tree-gully-sa-5091/13056897
13081674,2026-05-01,01/05/2026,"82 Hectorville Road, Hectorville SA 5073",Hectorville,"Norwood, Campbelltown & North-East Core",Private Treaty (Bán thỏa thuận),Disclosed,829000,"$829,000",3,2,2,159m²,6.98,https://www.homely.com.au/homes/82-hectorville-road-hectorville-sa-5073/13081674
13038041,2026-05-01,01/05/2026,"8 Heatherbank Terrace, Stonyfell SA 5066",Stonyfell,City of Burnside & Core East,Private Treaty (Bán thỏa thuận),Undisclosed,,Price Undisclosed,3,1,1,719m²,4.88,https://www.homely.com.au/homes/8-heatherbank-terrace-stonyfell-sa-5066/13038041
13057698,2026-05-01,01/05/2026,"1 Gully Street, Hyde Park SA 5061",Hyde Park,City of Unley & Prestige South,Private Treaty (Bán thỏa thuận),Undisclosed,,Price Undisclosed,2,1,1,N/A,3.2,https://www.homely.com.au/homes/1-gully-street-hyde-park-sa-5061/13057698
13080716,2026-05-01,01/05/2026,"11 Holborn Hill Road, Aldgate SA 5154",Aldgate,Adelaide Hills & Tea Tree Gully Safe Enclaves,Private Treaty (Bán thỏa thuận),Undisclosed,,Price Undisclosed,4,2,9,5173m²,11.23,https://www.homely.com.au/homes/11-holborn-hill-road-aldgate-sa-5154/13080716
13031295,2026-05-01,01/05/2026,"20 Oratava Avenue, Bridgewater SA 5155",Bridgewater,Adelaide Hills & Tea Tree Gully Safe Enclaves,Private Treaty (Bán thỏa thuận),Undisclosed,,Price Undisclosed,3,2,2,770m²,13.23,https://www.homely.com.au/homes/20-oratava-avenue-bridgewater-sa-5155/13031295
12933807,2026-05-01,01/05/2026,"56 Captain Robertson Avenue, Golden Grove SA 5125",Golden Grove,Adelaide Hills & Tea Tree Gully Safe Enclaves,Private Treaty (Bán thỏa thuận),Undisclosed,,Price Undisclosed,3,2,1,300m²,20.78,https://www.homely.com.au/homes/56-captain-robertson-avenue-golden-grove-sa-5/12933807
13057548,2026-04-30,30/04/2026,"28 Haig Street, Netherby SA 5062",Netherby,City of Mitcham & Foothills,Private Treaty (Bán thỏa thuận),Disclosed,1840000,"$1,840,000",3,1,3,979m²,1.27,https://www.homely.com.au/homes/28-haig-street-netherby-sa-5062/13057548
13035455,2026-04-30,30/04/2026,"3/20 Kingston Avenue, Daw Park SA 5041",Daw Park,City of Mitcham & Foothills,Private Treaty (Bán thỏa thuận),Disclosed,603000,"$603,000",2,1,1,110m²,5.41,https://www.homely.com.au/homes/3-20-kingston-avenue-daw-park-sa-5041/13035455
12897095,2026-04-30,30/04/2026,"3 Pam Street, Beaumont SA 5066",Beaumont,City of Burnside & Core East,Private Treaty (Bán thỏa thuận),Undisclosed,,Price Undisclosed,4,2,2,800m²,3.12,https://www.homely.com.au/homes/3-pam-street-beaumont-sa-5066/12897095
13050347,2026-04-30,30/04/2026,"21 Woodhurst Avenue, Hyde Park SA 5061",Hyde Park,City of Unley & Prestige South,Private Treaty (Bán thỏa thuận),Undisclosed,,Price Undisclosed,2,1,1,255m²,3.2,https://www.homely.com.au/homes/21-woodhurst-avenue-hyde-park-sa-5061/13050347
13016357,2026-04-30,30/04/2026,"2 Whittam Street, Parkside SA 5063",Parkside,City of Unley & Prestige South,Private Treaty (Bán thỏa thuận),Undisclosed,,Price Undisclosed,2,1,2,317m²,2.43,https://www.homely.com.au/homes/2-whittam-street-parkside-sa-5063/13016357
13049000,2026-04-30,30/04/2026,"75 West Street, Torrensville SA 5031",Torrensville,Western Coastal Corridors,Private Treaty (Bán thỏa thuận),Undisclosed,,Price Undisclosed,3,1,3,413m²,6.47,https://www.homely.com.au/homes/75-west-street-torrensville-sa-5031/13049000
13057614,2026-04-30,30/04/2026,"17 Beadnell Crescent, Bridgewater SA 5155",Bridgewater,Adelaide Hills & Tea Tree Gully Safe Enclaves,Private Treaty (Bán thỏa thuận),Undisclosed,,Price Undisclosed,3,2,2,1615m²,13.23,https://www.homely.com.au/homes/17-beadnell-crescent-bridgewater-sa-5155/13057614
13051320,2026-04-29,29/04/2026,"195 O G Road, Marden SA 5070",Marden,"Norwood, Campbelltown & North-East Core",Private Treaty (Bán thỏa thuận),Disclosed,2618000,"$2,618,000",10,5,5,956m²,6.4,https://www.homely.com.au/homes/195-o-g-road-marden-sa-5070/13051320
13051044,2026-04-29,29/04/2026,"18 Freeman Avenue, Tranmere SA 5073",Tranmere,"Norwood, Campbelltown & North-East Core",Private Treaty (Bán thỏa thuận),Disclosed,1412000,"$1,412,000",2,1,1,827m²,5.78,https://www.homely.com.au/homes/18-freeman-avenue-tranmere-sa-5073/13051044
13022422,2026-04-29,29/04/2026,"486 Mount Barker Road, Bridgewater SA 5155",Bridgewater,Adelaide Hills & Tea Tree Gully Safe Enclaves,Private Treaty (Bán thỏa thuận),Disclosed,1400000,"$1,400,000",3,2,4,1310m²,13.23,https://www.homely.com.au/homes/486-mount-barker-road-bridgewater-sa-5155/13022422
13000677,2026-04-29,29/04/2026,"71A Yacca Road, Seacliff SA 5049",Seacliff,Western Coastal Corridors,Private Treaty (Bán thỏa thuận),Disclosed,961000,"$961,000",3,2,2,282m²,13.63,https://www.homely.com.au/homes/71a-yacca-road-seacliff-sa-5049/13000677
12982754,2026-04-29,29/04/2026,"308 Military Road, Semaphore Park SA 5019",Semaphore Park,Western Coastal Corridors,Private Treaty (Bán thỏa thuận),Disclosed,910000,"$910,000",3,2,4,318m²,17.73,https://www.homely.com.au/homes/308-military-road-semaphore-park-sa-5019/12982754
12999079,2026-04-29,29/04/2026,"27 Kauri Road, Hawthorndene SA 5051",Hawthorndene,City of Mitcham & Foothills,Private Treaty (Bán thỏa thuận),Disclosed,907500,"$907,500",2,1,2,1222m²,2.99,https://www.homely.com.au/homes/27-kauri-road-hawthorndene-sa-5051/12999079
13040462,2026-04-29,29/04/2026,"6/8 Renwick Street, West Beach SA 5024",West Beach,Western Coastal Corridors,Private Treaty (Bán thỏa thuận),Disclosed,630000,"$630,000",2,1,1,N/A,11.62,https://www.homely.com.au/homes/6-8-renwick-street-west-beach-sa-5024/13040462
13033782,2026-04-29,29/04/2026,"12/32-34 Thomas Street, Unley SA 5061",Unley,City of Unley & Prestige South,Private Treaty (Bán thỏa thuận),Disclosed,560000,"$560,000",2,1,1,N/A,2.78,https://www.homely.com.au/homes/12-32-34-thomas-street-unley-sa-5061/13033782
13061676,2026-04-29,29/04/2026,"6 Bagot Street, Glen Osmond SA 5064",Glen Osmond,City of Burnside & Core East,Private Treaty (Bán thỏa thuận),Undisclosed,,Price Undisclosed,5,3,4,1045m²,1.36,https://www.homely.com.au/homes/6-bagot-street-glen-osmond-sa-5064/13061676
13066638,2026-04-29,29/04/2026,"54 Turners Avenue, Coromandel Valley SA 5051",Coromandel Valley,City of Mitcham & Foothills,Private Treaty (Bán thỏa thuận),Undisclosed,,Price Undisclosed,3,2,4,2292m²,9.16,https://www.homely.com.au/homes/54-turners-avenue-coromandel-valley-sa-5051/13066638
13048944,2026-04-29,29/04/2026,"6 Dale Road, Eden Hills SA 5050",Eden Hills,City of Mitcham & Foothills,Private Treaty (Bán thỏa thuận),Undisclosed,,Price Undisclosed,4,3,2,N/A,7.12,https://www.homely.com.au/homes/6-dale-road-eden-hills-sa-5050/13048944
13034169,2026-04-29,29/04/2026,"16 Reid Avenue, Felixstow SA 5070",Felixstow,"Norwood, Campbelltown & North-East Core",Private Treaty (Bán thỏa thuận),Undisclosed,,Price Undisclosed,5,2,4,822m²,6.96,https://www.homely.com.au/homes/16-reid-avenue-felixstow-sa-5070/13034169
13061238,2026-04-29,29/04/2026,"17 Parkview Avenue, Grange SA 5022",Grange,Western Coastal Corridors,Private Treaty (Bán thỏa thuận),Undisclosed,,Price Undisclosed,4,2,2,658m²,13.92,https://www.homely.com.au/homes/17-parkview-avenue-grange-sa-5022/13061238
12871517,2026-04-28,28/04/2026,"11 Smith Avenue, Hove SA 5048",Hove,Western Coastal Corridors,Private Treaty (Bán thỏa thuận),Disclosed,3500000,"$3,500,000",4,3,3,720m²,12.45,https://www.homely.com.au/homes/11-smith-avenue-hove-sa-5048/12871517
12982046,2026-04-28,28/04/2026,"98 Augusta Street, Glenelg East SA 5045",Glenelg East,Western Coastal Corridors,Private Treaty (Bán thỏa thuận),Disclosed,2580000,"$2,580,000",5,2,4,836m²,11.01,https://www.homely.com.au/homes/98-augusta-street-glenelg-east-sa-5045/12982046
13041642,2026-04-28,28/04/2026,"1a Winston Street, Somerton Park SA 5044",Somerton Park,Western Coastal Corridors,Private Treaty (Bán thỏa thuận),Disclosed,2550000,"$2,550,000",4,2,2,379m²,10.75,https://www.homely.com.au/homes/1a-winston-street-somerton-park-sa-5044/13041642
13053206,2026-04-28,28/04/2026,"76 Wilpena Terrace, Aldgate SA 5154",Aldgate,Adelaide Hills & Tea Tree Gully Safe Enclaves,Private Treaty (Bán thỏa thuận),Disclosed,1205000,"$1,205,000",3,2,7,2156m²,11.23,https://www.homely.com.au/homes/76-wilpena-terrace-aldgate-sa-5154/13053206
13022324,2026-04-28,28/04/2026,"U6/6 Park Street, Hyde Park SA 5061",Hyde Park,City of Unley & Prestige South,Private Treaty (Bán thỏa thuận),Disclosed,1050000,"$1,050,000",3,2,2,N/A,3.2,https://www.homely.com.au/homes/u6-6-park-street-hyde-park-sa-5061/13022324
13039930,2026-04-28,28/04/2026,"33A Addison Road, Hove SA 5048",Hove,Western Coastal Corridors,Private Treaty (Bán thỏa thuận),Disclosed,915000,"$915,000",3,2,1,289m²,12.45,https://www.homely.com.au/homes/33a-addison-road-hove-sa-5048/13039930
12960027,2026-04-28,28/04/2026,"1/50 West Street, Torrensville SA 5031",Torrensville,Western Coastal Corridors,Private Treaty (Bán thỏa thuận),Disclosed,855000,"$855,000",2,1,2,N/A,6.47,https://www.homely.com.au/homes/1-50-west-street-torrensville-sa-5031/12960027
13030224,2026-04-28,28/04/2026,"3/51 Thurles Street, St Marys SA 5042",St Marys,City of Mitcham & Foothills,Private Treaty (Bán thỏa thuận),Disclosed,540000,"$540,000",2,1,1,59m²,6.81,https://www.homely.com.au/homes/3-51-thurles-street-st-marys-sa-5042/13030224
13020262,2026-04-28,28/04/2026,"9 Morcomb Street, Stepney SA 5069",Stepney,"Norwood, Campbelltown & North-East Core",Private Treaty (Bán thỏa thuận),Undisclosed,,Price Undisclosed,4,2,2,790m²,4.73,https://www.homely.com.au/homes/9-morcomb-street-stepney-sa-5069/13020262
13030813,2026-04-28,28/04/2026,"17A Jetty Street, Grange SA 5022",Grange,Western Coastal Corridors,Private Treaty (Bán thỏa thuận),Undisclosed,,Price Undisclosed,3,2,2,320m²,13.92,https://www.homely.com.au/homes/17a-jetty-street-grange-sa-5022/13030813
12672316,2026-04-28,28/04/2026,"70 Milan Terrace, Stirling SA 5152",Stirling,Adelaide Hills & Tea Tree Gully Safe Enclaves,Private Treaty (Bán thỏa thuận),Undisclosed,,Price Undisclosed,4,2,6,8093.7128448m²,9.62,https://www.homely.com.au/homes/70-milan-terrace-stirling-sa-5152/12672316
13056027,2026-04-28,28/04/2026,"18 Willowood Drive, Golden Grove SA 5125",Golden Grove,Adelaide Hills & Tea Tree Gully Safe Enclaves,Private Treaty (Bán thỏa thuận),Undisclosed,,Price Undisclosed,4,2,2,554m²,20.78,https://www.homely.com.au/homes/18-willowood-drive-golden-grove-sa-5125/13056027
13042544,2026-04-28,28/04/2026,"20 Tay Court, Banksia Park SA 5091",Banksia Park,Adelaide Hills & Tea Tree Gully Safe Enclaves,Private Treaty (Bán thỏa thuận),Undisclosed,,Price Undisclosed,4,2,4,830m²,18.32,https://www.homely.com.au/homes/20-tay-court-banksia-park-sa-5091/13042544
13028701,2026-04-27,27/04/2026,"18 Hooking Avenue, Royston Park SA 5070",Royston Park,"Norwood, Campbelltown & North-East Core",Private Treaty (Bán thỏa thuận),Disclosed,2082500,"$2,082,500",4,2,2,790m²,6.66,https://www.homely.com.au/homes/18-hooking-avenue-royston-park-sa-5070/13028701
12958896,2026-04-27,27/04/2026,"1A Carlow Avenue, Lockleys SA 5032",Lockleys,Western Coastal Corridors,Private Treaty (Bán thỏa thuận),Disclosed,1570000,"$1,570,000",4,2,2,443m²,8.8,https://www.homely.com.au/homes/1a-carlow-avenue-lockleys-sa-5032/12958896
13062240,2026-04-27,27/04/2026,"348A Greenhill Road, Glenside SA 5065",Glenside,City of Burnside & Core East,Private Treaty (Bán thỏa thuận),Disclosed,1435000,"$1,435,000",4,2,2,456m²,2.06,https://www.homely.com.au/homes/348a-greenhill-road-glenside-sa-5065/13062240
12993099,2026-04-27,27/04/2026,"243 Cross Road, Cumberland Park SA 5041",Cumberland Park,City of Mitcham & Foothills,Private Treaty (Bán thỏa thuận),Disclosed,1135000,"$1,135,000",4,1,4,725m²,4.27,https://www.homely.com.au/homes/243-cross-road-cumberland-park-sa-5041/12993099
12925651,2026-04-27,27/04/2026,"120 Old Mount Barker Road, Stirling SA 5152",Stirling,Adelaide Hills & Tea Tree Gully Safe Enclaves,Private Treaty (Bán thỏa thuận),Disclosed,1055000,"$1,055,000",3,1,1,2667m²,9.62,https://www.homely.com.au/homes/120-old-mount-barker-road-stirling-sa-5152/12925651
13054688,2026-04-27,27/04/2026,"3/7 Station Avenue, Blackwood SA 5051",Blackwood,City of Mitcham & Foothills,Private Treaty (Bán thỏa thuận),Undisclosed,,Price Undisclosed,3,1,1,N/A,7.07,https://www.homely.com.au/homes/3-7-station-avenue-blackwood-sa-5051/13054688
13068623,2026-04-27,27/04/2026,"1/4 Cawthorne Avenue, Pasadena SA 5042",Pasadena,City of Mitcham & Foothills,Private Treaty (Bán thỏa thuận),Undisclosed,,Price Undisclosed,2,1,1,N/A,6.11,https://www.homely.com.au/homes/1-4-cawthorne-avenue-pasadena-sa-5042/13068623
13033386,2026-04-27,27/04/2026,"1A Third Avenue, St Peters SA 5069",St Peters,"Norwood, Campbelltown & North-East Core",Private Treaty (Bán thỏa thuận),Undisclosed,,Price Undisclosed,3,2,4,583m²,5.12,https://www.homely.com.au/homes/1a-third-avenue-st-peters-sa-5069/13033386
12959568,2026-04-27,27/04/2026,"5 Tenth Avenue, St Peters SA 5069",St Peters,"Norwood, Campbelltown & North-East Core",Private Treaty (Bán thỏa thuận),Undisclosed,,Price Undisclosed,2,1,5,746m²,5.12,https://www.homely.com.au/homes/5-tenth-avenue-st-peters-sa-5069/12959568
13027487,2026-04-27,27/04/2026,"106/19 Holdfast Promenade, Glenelg SA 5045",Glenelg,Western Coastal Corridors,Private Treaty (Bán thỏa thuận),Undisclosed,,Price Undisclosed,2,2,2,N/A,11.01,https://www.homely.com.au/homes/106-19-holdfast-promenade-glenelg-sa-5045/13027487
13037505,2026-04-26,26/04/2026,"9 Alexander Avenue, Grange SA 5022",Grange,Western Coastal Corridors,Private Treaty (Bán thỏa thuận),Disclosed,1300000,"$1,300,000",3,1,2,530m²,13.92,https://www.homely.com.au/homes/9-alexander-avenue-grange-sa-5022/13037505
13020691,2026-04-26,26/04/2026,"39 Lasscock Avenue, Lockleys SA 5032",Lockleys,Western Coastal Corridors,Private Treaty (Bán thỏa thuận),Disclosed,1300000,"$1,300,000",3,1,6,777m²,8.8,https://www.homely.com.au/homes/39-lasscock-avenue-lockleys-sa-5032/13020691
12956192,2026-04-26,26/04/2026,"25 Purnana Avenue, St Georges SA 5064",St Georges,City of Burnside & Core East,Private Treaty (Bán thỏa thuận),Undisclosed,,Price Undisclosed,4,2,1,346m²,1.58,https://www.homely.com.au/homes/25-purnana-avenue-st-georges-sa-5064/12956192
13037970,2026-04-26,26/04/2026,"11 Bellevue Drive, Beaumont SA 5066",Beaumont,City of Burnside & Core East,Private Treaty (Bán thỏa thuận),Undisclosed,,Price Undisclosed,3,1,2,716m²,3.12,https://www.homely.com.au/homes/11-bellevue-drive-beaumont-sa-5066/13037970
13035960,2026-04-26,26/04/2026,"4 Erica Street, Tea Tree Gully SA 5091",Tea Tree Gully,Adelaide Hills & Tea Tree Gully Safe Enclaves,Private Treaty (Bán thỏa thuận),Undisclosed,,Price Undisclosed,3,1,1,838m²,16.9,https://www.homely.com.au/homes/4-erica-street-tea-tree-gully-sa-5091/13035960
13028410,2026-04-26,26/04/2026,"23 Yaralinda Street, Dernancourt SA 5075",Dernancourt,Adelaide Hills & Tea Tree Gully Safe Enclaves,Private Treaty (Bán thỏa thuận),Undisclosed,,Price Undisclosed,4,3,1,708m²,11.46,https://www.homely.com.au/homes/23-yaralinda-street-dernancourt-sa-5075/13028410
13022190,2026-04-25,25/04/2026,"23 Angas Road, Hawthorn SA 5062",Hawthorn,City of Mitcham & Foothills,Private Treaty (Bán thỏa thuận),Disclosed,1770000,"$1,770,000",3,1,6,863m²,2.99,https://www.homely.com.au/homes/23-angas-road-hawthorn-sa-5062/13022190
13036973,2026-04-25,25/04/2026,"2/506 Grange Road, Fulham Gardens SA 5024",Fulham Gardens,Western Coastal Corridors,Private Treaty (Bán thỏa thuận),Disclosed,696000,"$696,000",2,1,1,N/A,10.46,https://www.homely.com.au/homes/2-506-grange-road-fulham-gardens-sa-5024/13036973
13037157,2026-04-25,25/04/2026,"9A Dryden Avenue, Hazelwood Park SA 5066",Hazelwood Park,City of Burnside & Core East,Private Treaty (Bán thỏa thuận),Undisclosed,,Price Undisclosed,3,2,2,531m²,3.55,https://www.homely.com.au/homes/9a-dryden-avenue-hazelwood-park-sa-5066/13037157
13035938,2026-04-25,25/04/2026,"40 Gordon Terrace, Rosslyn Park SA 5072",Rosslyn Park,City of Burnside & Core East,Private Treaty (Bán thỏa thuận),Undisclosed,,Price Undisclosed,4,1,4,1133m²,5.6,https://www.homely.com.au/homes/40-gordon-terrace-rosslyn-park-sa-5072/13035938
13028958,2026-04-25,25/04/2026,"6 Leslie Avenue, Evandale SA 5069",Evandale,"Norwood, Campbelltown & North-East Core",Private Treaty (Bán thỏa thuận),Undisclosed,,Price Undisclosed,3,2,2,552m²,5.5,https://www.homely.com.au/homes/6-leslie-avenue-evandale-sa-5069/13028958
13033034,2026-04-25,25/04/2026,"27 Scott Street, Glynde SA 5070",Glynde,"Norwood, Campbelltown & North-East Core",Private Treaty (Bán thỏa thuận),Undisclosed,,Price Undisclosed,4,1,2,693m²,6.67,https://www.homely.com.au/homes/27-scott-street-glynde-sa-5070/13033034
13057612,2026-04-25,25/04/2026,"559 Mount Barker Road, Bridgewater SA 5155",Bridgewater,Adelaide Hills & Tea Tree Gully Safe Enclaves,Private Treaty (Bán thỏa thuận),Undisclosed,,Price Undisclosed,2,1,1,683m²,13.23,https://www.homely.com.au/homes/559-mount-barker-road-bridgewater-sa-5155/13057612
13031673,2026-04-25,25/04/2026,"45 Elizabeth Street, Banksia Park SA 5091",Banksia Park,Adelaide Hills & Tea Tree Gully Safe Enclaves,Private Treaty (Bán thỏa thuận),Undisclosed,,Price Undisclosed,4,1,1,443m²,18.32,https://www.homely.com.au/homes/45-elizabeth-street-banksia-park-sa-5091/13031673
13004916,2026-04-24,24/04/2026,"5 St Peters Street, Glenelg East SA 5045",Glenelg East,Western Coastal Corridors,Private Treaty (Bán thỏa thuận),Disclosed,1695000,"$1,695,000",3,2,3,362m²,11.01,https://www.homely.com.au/homes/5-st-peters-street-glenelg-east-sa-5045/13004916
13016349,2026-04-24,24/04/2026,"17 North Street, Frewville SA 5063",Frewville,City of Burnside & Core East,Private Treaty (Bán thỏa thuận),Disclosed,1555000,"$1,555,000",3,1,2,620m²,1.7,https://www.homely.com.au/homes/17-north-street-frewville-sa-5063/13016349
12912891,2026-04-24,24/04/2026,"1 Nimitz Street, Henley Beach South SA 5022",Henley Beach South,Western Coastal Corridors,Private Treaty (Bán thỏa thuận),Disclosed,1505000,"$1,505,000",4,2,2,305m²,12.15,https://www.homely.com.au/homes/1-nimitz-street-henley-beach-south-sa-5022/12912891
12998580,2026-04-24,24/04/2026,"4a Torres Avenue, Flinders Park SA 5025",Flinders Park,Western Coastal Corridors,Private Treaty (Bán thỏa thuận),Disclosed,1500000,"$1,500,000",4,3,2,N/A,8.61,https://www.homely.com.au/homes/4a-torres-avenue-flinders-park-sa-5025/12998580
13057405,2026-04-24,24/04/2026,"18 Nicolle Drive, Coromandel Valley SA 5051",Coromandel Valley,City of Mitcham & Foothills,Private Treaty (Bán thỏa thuận),Disclosed,1220000,"$1,220,000",5,2,2,996m²,9.16,https://www.homely.com.au/homes/18-nicolle-drive-coromandel-valley-sa-5051/13057405
13037461,2026-04-24,24/04/2026,"87 East Street, Torrensville SA 5031",Torrensville,Western Coastal Corridors,Private Treaty (Bán thỏa thuận),Disclosed,1185000,"$1,185,000",3,1,4,696m²,6.47,https://www.homely.com.au/homes/87-east-street-torrensville-sa-5031/13037461
13059775,2026-04-24,24/04/2026,"1016/27 Colley Terrace, Glenelg SA 5045",Glenelg,Western Coastal Corridors,Private Treaty (Bán thỏa thuận),Disclosed,1110000,"$1,110,000",2,2,2,N/A,11.01,https://www.homely.com.au/homes/1016-27-colley-terrace-glenelg-sa-5045/13059775
13054190,2026-04-24,24/04/2026,"9 Elijah Court, Greenwith SA 5125",Greenwith,Adelaide Hills & Tea Tree Gully Safe Enclaves,Private Treaty (Bán thỏa thuận),Disclosed,905000,"$905,000",3,2,1,375m²,22.4,https://www.homely.com.au/homes/9-elijah-court-greenwith-sa-5125/13054190
12977932,2026-04-24,24/04/2026,"3 Heathcote Court, Redwood Park SA 5097",Redwood Park,Adelaide Hills & Tea Tree Gully Safe Enclaves,Private Treaty (Bán thỏa thuận),Disclosed,900000,"$900,000",3,1,3,764.9m²,17.11,https://www.homely.com.au/homes/3-heathcote-court-redwood-park-sa-5097/12977932
13057782,2026-04-24,24/04/2026,"8 St Ives Walk, Paradise SA 5075",Paradise,"Norwood, Campbelltown & North-East Core",Private Treaty (Bán thỏa thuận),Disclosed,895500,"$895,500",3,1,2,224m²,9.59,https://www.homely.com.au/homes/8-st-ives-walk-paradise-sa-5075/13057782
13052972,2026-04-24,24/04/2026,"2/32 Hereford Avenue, Trinity Gardens SA 5068",Trinity Gardens,"Norwood, Campbelltown & North-East Core",Private Treaty (Bán thỏa thuận),Disclosed,687000,"$687,000",2,1,1,N/A,4.82,https://www.homely.com.au/homes/2-32-hereford-avenue-trinity-gardens-sa-5068/13052972
13057611,2026-04-24,24/04/2026,"1/517 Tapleys Hill Road, Fulham Gardens SA 5024",Fulham Gardens,Western Coastal Corridors,Private Treaty (Bán thỏa thuận),Disclosed,655000,"$655,000",2,1,1,181m²,10.46,https://www.homely.com.au/homes/1-517-tapleys-hill-road-fulham-gardens-sa-502/13057611
13029021,2026-04-24,24/04/2026,"3/1233 North East Road, Ridgehaven SA 5097",Ridgehaven,Adelaide Hills & Tea Tree Gully Safe Enclaves,Private Treaty (Bán thỏa thuận),Disclosed,615000,"$615,000",2,1,1,158m²,16.48,https://www.homely.com.au/homes/3-1233-north-east-road-ridgehaven-sa-5097/13029021
13029968,2026-04-24,24/04/2026,"2/21 Rugby Street, Kingswood SA 5062",Kingswood,City of Mitcham & Foothills,Private Treaty (Bán thỏa thuận),Undisclosed,,Price Undisclosed,2,1,1,N/A,1.95,https://www.homely.com.au/homes/2-21-rugby-street-kingswood-sa-5062/13029968
13029519,2026-04-24,24/04/2026,"37 Lomman Avenue, Newton SA 5074",Newton,"Norwood, Campbelltown & North-East Core",Private Treaty (Bán thỏa thuận),Undisclosed,,Price Undisclosed,3,1,1,660m²,9.65,https://www.homely.com.au/homes/37-lomman-avenue-newton-sa-5074/13029519
13037810,2026-04-24,24/04/2026,"10 Donaldson Drive, Paradise SA 5075",Paradise,"Norwood, Campbelltown & North-East Core",Private Treaty (Bán thỏa thuận),Undisclosed,,Price Undisclosed,3,2,4,590m²,9.59,https://www.homely.com.au/homes/10-donaldson-drive-paradise-sa-5075/13037810
12948554,2026-04-24,24/04/2026,"24B Rodney Avenue, Tranmere SA 5073",Tranmere,"Norwood, Campbelltown & North-East Core",Private Treaty (Bán thỏa thuận),Undisclosed,,Price Undisclosed,4,2,4,392m²,5.78,https://www.homely.com.au/homes/24b-rodney-avenue-tranmere-sa-5073/12948554
12985219,2026-04-24,24/04/2026,"32 Weetunga Street, Fulham SA 5024",Fulham,Western Coastal Corridors,Private Treaty (Bán thỏa thuận),Undisclosed,,Price Undisclosed,3,2,2,257m²,10.46,https://www.homely.com.au/homes/32-weetunga-street-fulham-sa-5024/12985219
13015788,2026-04-24,24/04/2026,"65 Meyer Street, Torrensville SA 5031",Torrensville,Western Coastal Corridors,Private Treaty (Bán thỏa thuận),Undisclosed,,Price Undisclosed,3,1,3,352m²,6.47,https://www.homely.com.au/homes/65-meyer-street-torrensville-sa-5031/13015788
13059424,2026-04-24,24/04/2026,"10A Lynton Avenue, North Brighton SA 5048",North Brighton,Western Coastal Corridors,Private Treaty (Bán thỏa thuận),Undisclosed,,Price Undisclosed,4,2,2,N/A,12.37,https://www.homely.com.au/homes/10a-lynton-avenue-north-brighton-sa-5048/13059424
13080561,2026-04-24,24/04/2026,"14 Downing Street, Hove SA 5048",Hove,Western Coastal Corridors,Private Treaty (Bán thỏa thuận),Undisclosed,,Price Undisclosed,5,3,4,835m²,12.45,https://www.homely.com.au/homes/14-downing-street-hove-sa-5048/13080561
12894710,2026-04-24,24/04/2026,"4 Cinsaut Court, Wynn Vale SA 5127",Wynn Vale,Adelaide Hills & Tea Tree Gully Safe Enclaves,Private Treaty (Bán thỏa thuận),Undisclosed,,Price Undisclosed,3,2,7,775m²,18.49,https://www.homely.com.au/homes/4-cinsaut-court-wynn-vale-sa-5127/12894710
13033945,2026-04-24,24/04/2026,"5 Zephyr Court, Surrey Downs SA 5126",Surrey Downs,Adelaide Hills & Tea Tree Gully Safe Enclaves,Private Treaty (Bán thỏa thuận),Undisclosed,,Price Undisclosed,4,3,2,705m²,19.29,https://www.homely.com.au/homes/5-zephyr-court-surrey-downs-sa-5126/13033945
12912851,2026-04-23,23/04/2026,"23 Tennant Street, Torrens Park SA 5062",Torrens Park,City of Mitcham & Foothills,Private Treaty (Bán thỏa thuận),Disclosed,1690000,"$1,690,000",4,2,4,1390m²,2.77,https://www.homely.com.au/homes/23-tennant-street-torrens-park-sa-5062/12912851
13025307,2026-04-23,23/04/2026,"5 Dianella Street, Glenside SA 5065",Glenside,City of Burnside & Core East,Private Treaty (Bán thỏa thuận),Disclosed,1375000,"$1,375,000",3,2,2,188m²,2.06,https://www.homely.com.au/homes/5-dianella-street-glenside-sa-5065/13025307
13027592,2026-04-23,23/04/2026,"1 Dyson Street, Glenelg East SA 5045",Glenelg East,Western Coastal Corridors,Private Treaty (Bán thỏa thuận),Disclosed,1190000,"$1,190,000",1,1,1,482m²,11.01,https://www.homely.com.au/homes/1-dyson-street-glenelg-east-sa-5045/13027592
13004113,2026-04-23,23/04/2026,"3/34 Maud Street, Unley SA 5061",Unley,City of Unley & Prestige South,Private Treaty (Bán thỏa thuận),Disclosed,1040000,"$1,040,000",3,1,1,153m²,2.78,https://www.homely.com.au/homes/3-34-maud-street-unley-sa-5061/13004113
13036638,2026-04-23,23/04/2026,"64A Briar Road, Felixstow SA 5070",Felixstow,"Norwood, Campbelltown & North-East Core",Private Treaty (Bán thỏa thuận),Disclosed,1012500,"$1,012,500",3,2,1,264m²,6.96,https://www.homely.com.au/homes/64a-briar-road-felixstow-sa-5070/13036638
13001282,2026-04-23,23/04/2026,"22 Salop Street, Beulah Park SA 5067",Beulah Park,City of Burnside & Core East,Private Treaty (Bán thỏa thuận),Undisclosed,,Price Undisclosed,3,3,2,N/A,4.39,https://www.homely.com.au/homes/22-salop-street-beulah-park-sa-5067/13001282
12959827,2026-04-23,23/04/2026,"10A Dudley Road, Marryatville SA 5068",Marryatville,"Norwood, Campbelltown & North-East Core",Private Treaty (Bán thỏa thuận),Undisclosed,,Price Undisclosed,4,2,1,N/A,3.42,https://www.homely.com.au/homes/10a-dudley-road-marryatville-sa-5068/12959827
13039745,2026-04-23,23/04/2026,"20 Llandower Avenue, Evandale SA 5069",Evandale,"Norwood, Campbelltown & North-East Core",Private Treaty (Bán thỏa thuận),Undisclosed,,Price Undisclosed,2,1,2,N/A,5.5,https://www.homely.com.au/homes/20-llandower-avenue-evandale-sa-5069/13039745
13023583,2026-04-23,23/04/2026,"21 Pine Street, Stirling SA 5152",Stirling,Adelaide Hills & Tea Tree Gully Safe Enclaves,Private Treaty (Bán thỏa thuận),Undisclosed,,Price Undisclosed,3,2,2,2945m²,9.62,https://www.homely.com.au/homes/21-pine-street-stirling-sa-5152/13023583
13035323,2026-04-22,22/04/2026,"9 Cambridge Terrace, Kingswood SA 5062",Kingswood,City of Mitcham & Foothills,Private Treaty (Bán thỏa thuận),Disclosed,1850000,"$1,850,000",4,3,3,1045m²,1.95,https://www.homely.com.au/homes/9-cambridge-terrace-kingswood-sa-5062/13035323
12999305,2026-04-22,22/04/2026,"Unit 4/477 Esplanade, Grange SA 5022",Grange,Western Coastal Corridors,Private Treaty (Bán thỏa thuận),Disclosed,1330000,"$1,330,000",2,1,1,N/A,13.92,https://www.homely.com.au/homes/unit-4-477-esplanade-grange-sa-5022/12999305
13023131,2026-04-22,22/04/2026,"1 / 1a Miller Street, Glenelg East SA 5045",Glenelg East,Western Coastal Corridors,Private Treaty (Bán thỏa thuận),Disclosed,1225000,"$1,225,000",3,3,2,N/A,11.01,https://www.homely.com.au/homes/1---1a-miller-street-glenelg-east-sa-5045/13023131
13037357,2026-04-22,22/04/2026,"8/26 Ashbrook Avenue, Payneham SA 5070",Payneham,"Norwood, Campbelltown & North-East Core",Private Treaty (Bán thỏa thuận),Disclosed,574850,"$574,850",2,1,1,N/A,6.41,https://www.homely.com.au/homes/8-26-ashbrook-avenue-payneham-sa-5070/13037357
13057613,2026-04-22,22/04/2026,"8 Dunn Street, Bridgewater SA 5155",Bridgewater,Adelaide Hills & Tea Tree Gully Safe Enclaves,Private Treaty (Bán thỏa thuận),Undisclosed,,Price Undisclosed,3,1,2,825m²,13.23,https://www.homely.com.au/homes/8-dunn-street-bridgewater-sa-5155/13057613
12963985,2026-04-22,22/04/2026,"95 Tolley Road, St Agnes SA 5097",St Agnes,Adelaide Hills & Tea Tree Gully Safe Enclaves,Private Treaty (Bán thỏa thuận),Undisclosed,,Price Undisclosed,3,1,3,706m²,15.94,https://www.homely.com.au/homes/95-tolley-road-st-agnes-sa-5097/12963985
12870290,2026-04-21,21/04/2026,"1 Bucknall Court, Tennyson SA 5022",Tennyson,Western Coastal Corridors,Private Treaty (Bán thỏa thuận),Disclosed,2000000,"$2,000,000",3,1,1,422m²,15.79,https://www.homely.com.au/homes/1-bucknall-court-tennyson-sa-5022/12870290
12961244,2026-04-21,21/04/2026,"283 Smart Road, St Agnes SA 5097",St Agnes,Adelaide Hills & Tea Tree Gully Safe Enclaves,Private Treaty (Bán thỏa thuận),Disclosed,855000,"$855,000",3,1,5,660m²,15.94,https://www.homely.com.au/homes/283-smart-road-st-agnes-sa-5097/12961244
13036608,2026-04-21,21/04/2026,"7/1 Wentworth Court, Golden Grove SA 5125",Golden Grove,Adelaide Hills & Tea Tree Gully Safe Enclaves,Private Treaty (Bán thỏa thuận),Disclosed,641000,"$641,000",3,1,1,N/A,20.78,https://www.homely.com.au/homes/7-1-wentworth-court-golden-grove-sa-5125/13036608
12892832,2026-04-21,21/04/2026,"50 Gulfview Road, Blackwood SA 5051",Blackwood,City of Mitcham & Foothills,Private Treaty (Bán thỏa thuận),Undisclosed,,Price Undisclosed,4,2,4,1463m²,7.07,https://www.homely.com.au/homes/50-gulfview-road-blackwood-sa-5051/12892832
12841800,2026-04-21,21/04/2026,"48 Maesbury Street, Kensington SA 5068",Kensington,"Norwood, Campbelltown & North-East Core",Private Treaty (Bán thỏa thuận),Undisclosed,,Price Undisclosed,3,3,4,819m²,4.96,https://www.homely.com.au/homes/48-maesbury-street-kensington-sa-5068/12841800
13023308,2026-04-21,21/04/2026,"8 George Street, Payneham SA 5070",Payneham,"Norwood, Campbelltown & North-East Core",Private Treaty (Bán thỏa thuận),Undisclosed,,Price Undisclosed,2,2,2,260m²,6.41,https://www.homely.com.au/homes/8-george-street-payneham-sa-5070/13023308
12926711,2026-04-21,21/04/2026,"2/53 Ross Road, Hectorville SA 5073",Hectorville,"Norwood, Campbelltown & North-East Core",Private Treaty (Bán thỏa thuận),Undisclosed,,Price Undisclosed,2,2,2,N/A,6.98,https://www.homely.com.au/homes/2-53-ross-road-hectorville-sa-5073/12926711
13022247,2026-04-20,20/04/2026,"1/2 Saltram Road, Glenelg SA 5045",Glenelg,Western Coastal Corridors,Private Treaty (Bán thỏa thuận),Disclosed,1180000,"$1,180,000",2,2,1,N/A,11.01,https://www.homely.com.au/homes/1-2-saltram-road-glenelg-sa-5045/13022247
12912120,2026-04-20,20/04/2026,"2/10 First Lane, St Peters SA 5069",St Peters,"Norwood, Campbelltown & North-East Core",Private Treaty (Bán thỏa thuận),Disclosed,890000,"$890,000",2,1,1,N/A,5.12,https://www.homely.com.au/homes/2-10-first-lane-st-peters-sa-5069/12912120
13032962,2026-04-20,20/04/2026,"4/20 Eaton Street, Cumberland Park SA 5041",Cumberland Park,City of Mitcham & Foothills,Private Treaty (Bán thỏa thuận),Disclosed,835000,"$835,000",3,1,1,N/A,4.27,https://www.homely.com.au/homes/4-20-eaton-street-cumberland-park-sa-5041/13032962
13041928,2026-04-20,20/04/2026,"24 Morton Street, Kidman Park SA 5025",Kidman Park,Western Coastal Corridors,Private Treaty (Bán thỏa thuận),Disclosed,801000,"$801,000",2,1,1,N/A,9.7,https://www.homely.com.au/homes/24-morton-street-kidman-park-sa-5025/13041928
12860630,2026-04-20,20/04/2026,"2/34 Edwards Street, Brighton SA 5048",Brighton,Western Coastal Corridors,Private Treaty (Bán thỏa thuận),Disclosed,790000,"$790,000",2,1,2,N/A,12.37,https://www.homely.com.au/homes/2-34-edwards-street-brighton-sa-5048/12860630
13051491,2026-04-20,20/04/2026,"2/25 Greenwood Drive, St Agnes SA 5097",St Agnes,Adelaide Hills & Tea Tree Gully Safe Enclaves,Private Treaty (Bán thỏa thuận),Disclosed,739000,"$739,000",2,1,2,345m²,15.94,https://www.homely.com.au/homes/2-25-greenwood-drive-st-agnes-sa-5097/13051491
13035059,2026-04-20,20/04/2026,"2 Yulinda Terrace, Lower Mitcham SA 5062",Lower Mitcham,City of Mitcham & Foothills,Private Treaty (Bán thỏa thuận),Undisclosed,,Price Undisclosed,4,2,2,800m²,2.68,https://www.homely.com.au/homes/2-yulinda-terrace-lower-mitcham-sa-5062/13035059
13035524,2026-04-20,20/04/2026,"1/40A Regent Street, Kensington SA 5068",Kensington,"Norwood, Campbelltown & North-East Core",Private Treaty (Bán thỏa thuận),Undisclosed,,Price Undisclosed,2,1,2,N/A,4.96,https://www.homely.com.au/homes/1-40a-regent-street-kensington-sa-5068/13035524
12916217,2026-04-20,20/04/2026,"41a King George Avenue, North Brighton SA 5048",North Brighton,Western Coastal Corridors,Private Treaty (Bán thỏa thuận),Undisclosed,,Price Undisclosed,3,2,4,335m²,12.37,https://www.homely.com.au/homes/41a-king-george-avenue-north-brighton-sa-5048/12916217
13010716,2026-04-20,20/04/2026,"273 Smart Road, St Agnes SA 5097",St Agnes,Adelaide Hills & Tea Tree Gully Safe Enclaves,Private Treaty (Bán thỏa thuận),Undisclosed,,Price Undisclosed,3,1,4,655m²,15.94,https://www.homely.com.au/homes/273-smart-road-st-agnes-sa-5097/13010716
13035437,2026-04-19,19/04/2026,"9 Clifford Street, South Brighton SA 5048",South Brighton,Western Coastal Corridors,Private Treaty (Bán thỏa thuận),Disclosed,1560000,"$1,560,000",4,2,3,836m²,12.37,https://www.homely.com.au/homes/9-clifford-street-south-brighton-sa-5048/13035437
12996945,2026-04-19,19/04/2026,"9 Debney Street, Fulham Gardens SA 5024",Fulham Gardens,Western Coastal Corridors,Private Treaty (Bán thỏa thuận),Disclosed,1150000,"$1,150,000",3,1,2,535m²,10.46,https://www.homely.com.au/homes/9-debney-street-fulham-gardens-sa-5024/12996945
13000536,2026-04-19,19/04/2026,"8 Thiele Crescent, West Lakes Shore SA 5020",West Lakes Shore,Western Coastal Corridors,Private Treaty (Bán thỏa thuận),Undisclosed,,Price Undisclosed,4,2,2,610m²,14.63,https://www.homely.com.au/homes/8-thiele-crescent-west-lakes-shore-sa-5020/13000536
13000342,2026-04-19,19/04/2026,"36 Greenfield Crescent, West Lakes Shore SA 5020",West Lakes Shore,Western Coastal Corridors,Private Treaty (Bán thỏa thuận),Undisclosed,,Price Undisclosed,3,2,2,604m²,14.63,https://www.homely.com.au/homes/36-greenfield-crescent-west-lakes-shore-sa-50/13000342
13004290,2026-04-18,18/04/2026,"15 Fifth Avenue, St Peters SA 5069",St Peters,"Norwood, Campbelltown & North-East Core",Private Treaty (Bán thỏa thuận),Disclosed,3026000,"$3,026,000",4,2,2,678m²,5.12,https://www.homely.com.au/homes/15-fifth-avenue-st-peters-sa-5069/13004290
12963871,2026-04-18,18/04/2026,"124 North Parade, Torrensville SA 5031",Torrensville,Western Coastal Corridors,Private Treaty (Bán thỏa thuận),Disclosed,1910000,"$1,910,000",4,4,4,391m²,6.47,https://www.homely.com.au/homes/124-north-parade-torrensville-sa-5031/12963871
13000902,2026-04-18,18/04/2026,"14 George Street, Hawthorn SA 5062",Hawthorn,City of Mitcham & Foothills,Private Treaty (Bán thỏa thuận),Disclosed,1851000,"$1,851,000",3,1,2,696m²,2.99,https://www.homely.com.au/homes/14-george-street-hawthorn-sa-5062/13000902
13020199,2026-04-18,18/04/2026,"4 Almond Avenue, Glynde SA 5070",Glynde,"Norwood, Campbelltown & North-East Core",Private Treaty (Bán thỏa thuận),Disclosed,1300000,"$1,300,000",3,1,3,631m²,6.67,https://www.homely.com.au/homes/4-almond-avenue-glynde-sa-5070/13020199
13020467,2026-04-18,18/04/2026,"6 Dunn Street, Bridgewater SA 5155",Bridgewater,Adelaide Hills & Tea Tree Gully Safe Enclaves,Private Treaty (Bán thỏa thuận),Disclosed,925000,"$925,000",3,1,3,954m²,13.23,https://www.homely.com.au/homes/6-dunn-street-bridgewater-sa-5155/13020467
13012931,2026-04-18,18/04/2026,"1/111 Ferguson Avenue, Myrtle Bank SA 5064",Myrtle Bank,City of Burnside & Core East,Private Treaty (Bán thỏa thuận),Disclosed,860000,"$860,000",2,1,1,227m²,0.09,https://www.homely.com.au/homes/1-111-ferguson-avenue-myrtle-bank-sa-5064/13012931
13031047,2026-04-18,18/04/2026,"7 Tanya Street, Surrey Downs SA 5126",Surrey Downs,Adelaide Hills & Tea Tree Gully Safe Enclaves,Private Treaty (Bán thỏa thuận),Disclosed,820000,"$820,000",3,1,1,725m²,19.29,https://www.homely.com.au/homes/7-tanya-street-surrey-downs-sa-5126/13031047
12761188,2026-04-17,17/04/2026,"19A Kintyre Road, Woodforde SA 5072",Woodforde,Adelaide Hills & Tea Tree Gully Safe Enclaves,Private Treaty (Bán thỏa thuận),Disclosed,2430000,"$2,430,000",3,3,4,565m²,8.35,https://www.homely.com.au/homes/19a-kintyre-road-woodforde-sa-5072/12761188
13046138,2026-04-17,17/04/2026,"1/538 Portrush Road, St Georges SA 5064",St Georges,City of Burnside & Core East,Private Treaty (Bán thỏa thuận),Disclosed,1275000,"$1,275,000",3,2,2,N/A,1.58,https://www.homely.com.au/homes/1-538-portrush-road-st-georges-sa-5064/13046138
13006077,2026-04-17,17/04/2026,"1/76 Porter Street, Parkside SA 5063",Parkside,City of Unley & Prestige South,Private Treaty (Bán thỏa thuận),Disclosed,905000,"$905,000",2,1,1,N/A,2.43,https://www.homely.com.au/homes/1-76-porter-street-parkside-sa-5063/13006077
12915383,2026-04-17,17/04/2026,"16 Penarth Avenue, Beaumont SA 5066",Beaumont,City of Burnside & Core East,Private Treaty (Bán thỏa thuận),Undisclosed,,Price Undisclosed,4,2,2,N/A,3.12,https://www.homely.com.au/homes/16-penarth-avenue-beaumont-sa-5066/12915383
12995366,2026-04-17,17/04/2026,"685 Lower North East Road, Paradise SA 5075",Paradise,"Norwood, Campbelltown & North-East Core",Private Treaty (Bán thỏa thuận),Undisclosed,,Price Undisclosed,6,2,2,1550m²,9.59,https://www.homely.com.au/homes/685-lower-north-east-road-paradise-sa-5075/12995366
12991538,2026-04-17,17/04/2026,"12/21-23 Roycroft Place, Golden Grove SA 5125",Golden Grove,Adelaide Hills & Tea Tree Gully Safe Enclaves,Private Treaty (Bán thỏa thuận),Undisclosed,,Price Undisclosed,2,1,2,285m²,20.78,https://www.homely.com.au/homes/12-21-23-roycroft-place-golden-grove-sa-5125/12991538
13012995,2026-04-17,17/04/2026,"7 Almond Avenue, Dernancourt SA 5075",Dernancourt,Adelaide Hills & Tea Tree Gully Safe Enclaves,Private Treaty (Bán thỏa thuận),Undisclosed,,Price Undisclosed,3,1,4,890m²,11.46,https://www.homely.com.au/homes/7-almond-avenue-dernancourt-sa-5075/13012995
13020748,2026-04-16,16/04/2026,"5A Berry Crescent, Burnside SA 5066",Burnside,City of Burnside & Core East,Private Treaty (Bán thỏa thuận),Disclosed,2553000,"$2,553,000",4,2,2,N/A,3.83,https://www.homely.com.au/homes/5a-berry-crescent-burnside-sa-5066/13020748
13044382,2026-04-16,16/04/2026,"31 Clarence Street, Blackwood SA 5051",Blackwood,City of Mitcham & Foothills,Private Treaty (Bán thỏa thuận),Disclosed,1112000,"$1,112,000",3,1,2,1087m²,7.07,https://www.homely.com.au/homes/31-clarence-street-blackwood-sa-5051/13044382
13020158,2026-04-16,16/04/2026,"2 Westminster Street, Wynn Vale SA 5127",Wynn Vale,Adelaide Hills & Tea Tree Gully Safe Enclaves,Private Treaty (Bán thỏa thuận),Disclosed,950000,"$950,000",4,2,2,379m²,18.49,https://www.homely.com.au/homes/2-westminster-street-wynn-vale-sa-5127/13020158
13040576,2026-04-16,16/04/2026,"6/41 Military Road, West Beach SA 5024",West Beach,Western Coastal Corridors,Private Treaty (Bán thỏa thuận),Disclosed,605000,"$605,000",2,1,1,N/A,11.62,https://www.homely.com.au/homes/6-41-military-road-west-beach-sa-5024/13040576
12989752,2026-04-16,16/04/2026,"6 Joslin Street, Wayville SA 5034",Wayville,City of Unley & Prestige South,Private Treaty (Bán thỏa thuận),Undisclosed,,Price Undisclosed,4,2,4,802m²,4.45,https://www.homely.com.au/homes/6-joslin-street-wayville-sa-5034/12989752
13039746,2026-04-16,16/04/2026,"4/15 Regent Place, Kensington SA 5068",Kensington,"Norwood, Campbelltown & North-East Core",Private Treaty (Bán thỏa thuận),Undisclosed,,Price Undisclosed,2,1,1,N/A,4.96,https://www.homely.com.au/homes/4-15-regent-place-kensington-sa-5068/13039746
12989392,2026-04-16,16/04/2026,"4/24 Bridge Street, Kensington SA 5068",Kensington,"Norwood, Campbelltown & North-East Core",Private Treaty (Bán thỏa thuận),Undisclosed,,Price Undisclosed,2,1,1,127m²,4.96,https://www.homely.com.au/homes/4-24-bridge-street-kensington-sa-5068/12989392
12979303,2026-04-16,16/04/2026,"1/15 Regent Place, Kensington SA 5068",Kensington,"Norwood, Campbelltown & North-East Core",Private Treaty (Bán thỏa thuận),Undisclosed,,Price Undisclosed,2,1,2,208m²,4.96,https://www.homely.com.au/homes/1-15-regent-place-kensington-sa-5068/12979303
13024240,2026-04-16,16/04/2026,"53A Wattle Avenue, Hove SA 5048",Hove,Western Coastal Corridors,Private Treaty (Bán thỏa thuận),Undisclosed,,Price Undisclosed,3,2,2,281m²,12.45,https://www.homely.com.au/homes/53a-wattle-avenue-hove-sa-5048/13024240
13022419,2026-04-16,16/04/2026,"264 Mount Barker Road, Aldgate SA 5154",Aldgate,Adelaide Hills & Tea Tree Gully Safe Enclaves,Private Treaty (Bán thỏa thuận),Undisclosed,,Price Undisclosed,3,1,2,1290m²,11.23,https://www.homely.com.au/homes/264-mount-barker-road-aldgate-sa-5154/13022419
13023952,2026-04-16,16/04/2026,"47 Braeside Road, Stirling SA 5152",Stirling,Adelaide Hills & Tea Tree Gully Safe Enclaves,Private Treaty (Bán thỏa thuận),Undisclosed,,Price Undisclosed,3,1,2,2000m²,9.62,https://www.homely.com.au/homes/47-braeside-road-stirling-sa-5152/13023952
12954895,2026-04-16,16/04/2026,"6 Bracken Road, Stirling SA 5152",Stirling,Adelaide Hills & Tea Tree Gully Safe Enclaves,Private Treaty (Bán thỏa thuận),Undisclosed,,Price Undisclosed,4,2,2,4982m²,9.62,https://www.homely.com.au/homes/6-bracken-road-stirling-sa-5152/12954895
12981463,2026-04-16,16/04/2026,"12 Kurno Way, Dernancourt SA 5075",Dernancourt,Adelaide Hills & Tea Tree Gully Safe Enclaves,Private Treaty (Bán thỏa thuận),Undisclosed,,Price Undisclosed,3,2,2,420m²,11.46,https://www.homely.com.au/homes/12-kurno-way-dernancourt-sa-5075/12981463
13001094,2026-04-15,15/04/2026,"205/1 Banksia Street, Glenside SA 5065",Glenside,City of Burnside & Core East,Private Treaty (Bán thỏa thuận),Disclosed,1235000,"$1,235,000",3,2,2,N/A,2.06,https://www.homely.com.au/homes/205-1-banksia-street-glenside-sa-5065/13001094
12957797,2026-04-15,15/04/2026,"11a Shepherd Street, Ridgehaven SA 5097",Ridgehaven,Adelaide Hills & Tea Tree Gully Safe Enclaves,Private Treaty (Bán thỏa thuận),Disclosed,900000,"$900,000",3,2,3,331m²,16.48,https://www.homely.com.au/homes/11a-shepherd-street-ridgehaven-sa-5097/12957797
12998015,2026-04-15,15/04/2026,"2/20 Kenilworth Road, Parkside SA 5063",Parkside,City of Unley & Prestige South,Private Treaty (Bán thỏa thuận),Disclosed,720000,"$720,000",1,1,1,135m²,2.43,https://www.homely.com.au/homes/2-20-kenilworth-road-parkside-sa-5063/12998015
13041596,2026-04-15,15/04/2026,"7/47 Hazelwood Avenue, Hazelwood Park SA 5066",Hazelwood Park,City of Burnside & Core East,Private Treaty (Bán thỏa thuận),Disclosed,520000,"$520,000",1,1,1,N/A,3.55,https://www.homely.com.au/homes/7-47-hazelwood-avenue-hazelwood-park-sa-5066/13041596
13034117,2026-04-15,15/04/2026,"17/61 Marlborough Street, Malvern SA 5061",Malvern,City of Unley & Prestige South,Private Treaty (Bán thỏa thuận),Undisclosed,,Price Undisclosed,1,1,1,N/A,2.2,https://www.homely.com.au/homes/17-61-marlborough-street-malvern-sa-5061/13034117
12912984,2026-04-14,14/04/2026,"9 Kalka Crescent, Pasadena SA 5042",Pasadena,City of Mitcham & Foothills,Private Treaty (Bán thỏa thuận),Disclosed,1850000,"$1,850,000",6,4,4,1322m²,6.11,https://www.homely.com.au/homes/9-kalka-crescent-pasadena-sa-5042/12912984
12975634,2026-04-14,14/04/2026,"18 Randolph Avenue, Parkside SA 5063",Parkside,City of Unley & Prestige South,Private Treaty (Bán thỏa thuận),Disclosed,1485000,"$1,485,000",3,2,2,N/A,2.43,https://www.homely.com.au/homes/18-randolph-avenue-parkside-sa-5063/12975634
12959794,2026-04-14,14/04/2026,"Lot 51/14-16 Devonshire Road, Hawthorndene SA 5051",Hawthorndene,City of Mitcham & Foothills,Private Treaty (Bán thỏa thuận),Disclosed,1140000,"$1,140,000",4,2,3,1035m²,2.99,https://www.homely.com.au/homes/lot-51-14-16-devonshire-road-hawthorndene-sa/12959794
12979528,2026-04-14,14/04/2026,"79 Glenbrook Close, Marden SA 5070",Marden,"Norwood, Campbelltown & North-East Core",Private Treaty (Bán thỏa thuận),Disclosed,865000,"$865,000",2,1,1,224m²,6.4,https://www.homely.com.au/homes/79-glenbrook-close-marden-sa-5070/12979528
13026799,2026-04-14,14/04/2026,"1/4 Hope Street, Daw Park SA 5041",Daw Park,City of Mitcham & Foothills,Private Treaty (Bán thỏa thuận),Disclosed,545000,"$545,000",1,1,1,N/A,5.41,https://www.homely.com.au/homes/1-4-hope-street-daw-park-sa-5041/13026799
13000779,2026-04-14,14/04/2026,"24 Angas Road, Hawthorn SA 5062",Hawthorn,City of Mitcham & Foothills,Private Treaty (Bán thỏa thuận),Undisclosed,,Price Undisclosed,4,3,2,1045m²,2.99,https://www.homely.com.au/homes/24-angas-road-hawthorn-sa-5062/13000779
12973587,2026-04-14,14/04/2026,"3A Northey Avenue, Henley Beach SA 5022",Henley Beach,Western Coastal Corridors,Private Treaty (Bán thỏa thuận),Undisclosed,,Price Undisclosed,3,2,5,423m²,12.15,https://www.homely.com.au/homes/3a-northey-avenue-henley-beach-sa-5022/12973587
12984097,2026-04-14,14/04/2026,"18 Rio Vista Avenue, West Beach SA 5024",West Beach,Western Coastal Corridors,Private Treaty (Bán thỏa thuận),Undisclosed,,Price Undisclosed,5,3,4,703m²,11.62,https://www.homely.com.au/homes/18-rio-vista-avenue-west-beach-sa-5024/12984097
13034705,2026-04-13,13/04/2026,"10A Mariner Street, Linden Park SA 5065",Linden Park,City of Burnside & Core East,Private Treaty (Bán thỏa thuận),Disclosed,2250000,"$2,250,000",4,3,2,433m²,2.36,https://www.homely.com.au/homes/10a-mariner-street-linden-park-sa-5065/13034705
12896003,2026-04-13,13/04/2026,"13/68 Military Road, Tennyson SA 5022",Tennyson,Western Coastal Corridors,Private Treaty (Bán thỏa thuận),Disclosed,633000,"$633,000",2,1,1,93m²,15.79,https://www.homely.com.au/homes/13-68-military-road-tennyson-sa-5022/12896003
12996492,2026-04-13,13/04/2026,"9/123 Military Road, Henley Beach South SA 5022",Henley Beach South,Western Coastal Corridors,Private Treaty (Bán thỏa thuận),Disclosed,545000,"$545,000",2,1,1,N/A,12.15,https://www.homely.com.au/homes/9-123-military-road-henley-beach-south-sa-502/12996492
12977744,2026-04-12,12/04/2026,"26 Hallett Road, Wattle Park SA 5066",Wattle Park,City of Burnside & Core East,Private Treaty (Bán thỏa thuận),Undisclosed,,Price Undisclosed,4,2,2,791m²,4.97,https://www.homely.com.au/homes/26-hallett-road-wattle-park-sa-5066/12977744
12842894,2026-04-12,12/04/2026,"57 Military Road, Tennyson SA 5022",Tennyson,Western Coastal Corridors,Private Treaty (Bán thỏa thuận),Undisclosed,,Price Undisclosed,5,2,3,560m²,15.79,https://www.homely.com.au/homes/57-military-road-tennyson-sa-5022/12842894
12980971,2026-04-12,12/04/2026,"65 Strathalbyn Road, Aldgate SA 5154",Aldgate,Adelaide Hills & Tea Tree Gully Safe Enclaves,Private Treaty (Bán thỏa thuận),Undisclosed,,Price Undisclosed,4,2,3,1078m²,11.23,https://www.homely.com.au/homes/65-strathalbyn-road-aldgate-sa-5154/12980971
12998089,2026-04-12,12/04/2026,"54 Landseer Crescent, Dernancourt SA 5075",Dernancourt,Adelaide Hills & Tea Tree Gully Safe Enclaves,Private Treaty (Bán thỏa thuận),Undisclosed,,Price Undisclosed,4,2,4,1163m²,11.46,https://www.homely.com.au/homes/54-landseer-crescent-dernancourt-sa-5075/12998089
12999290,2026-04-11,11/04/2026,"17 Haines Road, Tea Tree Gully SA 5091",Tea Tree Gully,Adelaide Hills & Tea Tree Gully Safe Enclaves,Private Treaty (Bán thỏa thuận),Disclosed,1300000,"$1,300,000",4,2,7,952m²,16.9,https://www.homely.com.au/homes/17-haines-road-tea-tree-gully-sa-5091/12999290
12981872,2026-04-11,11/04/2026,"1/20 Francis Street, North Brighton SA 5048",North Brighton,Western Coastal Corridors,Private Treaty (Bán thỏa thuận),Disclosed,850000,"$850,000",2,1,1,N/A,12.37,https://www.homely.com.au/homes/1-20-francis-street-north-brighton-sa-5048/12981872
12994707,2026-04-11,11/04/2026,"31 Woodleigh Road, Blackwood SA 5051",Blackwood,City of Mitcham & Foothills,Private Treaty (Bán thỏa thuận),Disclosed,785000,"$785,000",2,1,3,697m²,7.07,https://www.homely.com.au/homes/31-woodleigh-road-blackwood-sa-5051/12994707
13006818,2026-04-11,11/04/2026,"3/469 Fullarton Road, Highgate SA 5063",Highgate,City of Unley & Prestige South,Private Treaty (Bán thỏa thuận),Disclosed,718000,"$718,000",2,1,1,N/A,0.84,https://www.homely.com.au/homes/3-469-fullarton-road-highgate-sa-5063/13006818
12989938,2026-04-11,11/04/2026,"18 Wallis Street, Parkside SA 5063",Parkside,City of Unley & Prestige South,Private Treaty (Bán thỏa thuận),Undisclosed,,Price Undisclosed,3,2,2,481m²,2.43,https://www.homely.com.au/homes/18-wallis-street-parkside-sa-5063/12989938
12982034,2026-04-11,11/04/2026,"5 Hank Street, Lockleys SA 5032",Lockleys,Western Coastal Corridors,Private Treaty (Bán thỏa thuận),Undisclosed,,Price Undisclosed,3,2,2,780m²,8.8,https://www.homely.com.au/homes/5-hank-street-lockleys-sa-5032/12982034
12982290,2026-04-11,11/04/2026,"14 Leane Avenue, Ridgehaven SA 5097",Ridgehaven,Adelaide Hills & Tea Tree Gully Safe Enclaves,Private Treaty (Bán thỏa thuận),Undisclosed,,Price Undisclosed,3,1,3,681m²,16.48,https://www.homely.com.au/homes/14-leane-avenue-ridgehaven-sa-5097/12982290
12841564,2026-04-10,10/04/2026,"593 Portrush Road, Glenunga SA 5064",Glenunga,City of Burnside & Core East,Private Treaty (Bán thỏa thuận),Disclosed,2660000,"$2,660,000",4,2,4,2201m²,1.24,https://www.homely.com.au/homes/593-portrush-road-glenunga-sa-5064/12841564
12837785,2026-04-10,10/04/2026,"9 Sleeps Hill Drive, Panorama SA 5041",Panorama,City of Mitcham & Foothills,Private Treaty (Bán thỏa thuận),Disclosed,1321000,"$1,321,000",3,2,4,960m²,5.07,https://www.homely.com.au/homes/9-sleeps-hill-drive-panorama-sa-5041/12837785
12972177,2026-04-10,10/04/2026,"18 Miller Street, Glenelg East SA 5045",Glenelg East,Western Coastal Corridors,Private Treaty (Bán thỏa thuận),Disclosed,930000,"$930,000",3,2,4,N/A,11.01,https://www.homely.com.au/homes/18-miller-street-glenelg-east-sa-5045/12972177
12992656,2026-04-10,10/04/2026,"1/5 Ethel Street, Forestville SA 5035",Forestville,City of Unley & Prestige South,Private Treaty (Bán thỏa thuận),Disclosed,720000,"$720,000",2,1,2,100m²,5.03,https://www.homely.com.au/homes/1-5-ethel-street-forestville-sa-5035/12992656
12904709,2026-04-10,10/04/2026,"2/31 Oleander Street West, South Brighton SA 5048",South Brighton,Western Coastal Corridors,Private Treaty (Bán thỏa thuận),Disclosed,690000,"$690,000",2,1,1,N/A,12.37,https://www.homely.com.au/homes/2-31-oleander-street-west-south-brighton-sa-5/12904709
12980499,2026-04-10,10/04/2026,"10 Hampstead Avenue, Highgate SA 5063",Highgate,City of Unley & Prestige South,Private Treaty (Bán thỏa thuận),Undisclosed,,Price Undisclosed,3,2,2,N/A,0.84,https://www.homely.com.au/homes/10-hampstead-avenue-highgate-sa-5063/12980499
12888660,2026-04-10,10/04/2026,"52 Grady Way, Grange SA 5022",Grange,Western Coastal Corridors,Private Treaty (Bán thỏa thuận),Undisclosed,,Price Undisclosed,4,2,2,319m²,13.92,https://www.homely.com.au/homes/52-grady-way-grange-sa-5022/12888660
12975449,2026-04-10,10/04/2026,"54 Seaview Road, Tennyson SA 5022",Tennyson,Western Coastal Corridors,Private Treaty (Bán thỏa thuận),Undisclosed,,Price Undisclosed,3,1,2,428m²,15.79,https://www.homely.com.au/homes/54-seaview-road-tennyson-sa-5022/12975449
13018816,2026-04-10,10/04/2026,"16C Wilford Avenue, Underdale SA 5032",Underdale,Western Coastal Corridors,Private Treaty (Bán thỏa thuận),Undisclosed,,Price Undisclosed,3,2,2,134m²,7.65,https://www.homely.com.au/homes/16c-wilford-avenue-underdale-sa-5032/13018816
12996186,2026-04-10,10/04/2026,"33 Wattle Tree Road, Bridgewater SA 5155",Bridgewater,Adelaide Hills & Tea Tree Gully Safe Enclaves,Private Treaty (Bán thỏa thuận),Undisclosed,,Price Undisclosed,4,2,2,839m²,13.23,https://www.homely.com.au/homes/33-wattle-tree-road-bridgewater-sa-5155/12996186
12974622,2026-04-09,09/04/2026,"24 Third Avenue, Semaphore Park SA 5019",Semaphore Park,Western Coastal Corridors,Private Treaty (Bán thỏa thuận),Disclosed,2000000,"$2,000,000",4,2,2,697m²,17.73,https://www.homely.com.au/homes/24-third-avenue-semaphore-park-sa-5019/12974622
12998137,2026-04-09,09/04/2026,"25 Shephard Street, Hove SA 5048",Hove,Western Coastal Corridors,Private Treaty (Bán thỏa thuận),Disclosed,1150000,"$1,150,000",3,2,2,380m²,12.45,https://www.homely.com.au/homes/25-shephard-street-hove-sa-5048/12998137
13000700,2026-04-09,09/04/2026,"26 Valley View Drive, Highbury SA 5089",Highbury,Adelaide Hills & Tea Tree Gully Safe Enclaves,Private Treaty (Bán thỏa thuận),Disclosed,1103000,"$1,103,000",4,2,3,710m²,12.87,https://www.homely.com.au/homes/26-valley-view-drive-highbury-sa-5089/13000700
12978330,2026-04-09,09/04/2026,"12/11 Kitchener Street, Netherby SA 5062",Netherby,City of Mitcham & Foothills,Private Treaty (Bán thỏa thuận),Disclosed,650000,"$650,000",2,1,1,N/A,1.27,https://www.homely.com.au/homes/12-11-kitchener-street-netherby-sa-5062/12978330
12965403,2026-04-09,09/04/2026,"6 Libby Court, Tennyson SA 5022",Tennyson,Western Coastal Corridors,Private Treaty (Bán thỏa thuận),Undisclosed,,Price Undisclosed,5,3,4,650m²,15.79,https://www.homely.com.au/homes/6-libby-court-tennyson-sa-5022/12965403
12995997,2026-04-08,08/04/2026,"7 Hilltop Avenue, Ridgehaven SA 5097",Ridgehaven,Adelaide Hills & Tea Tree Gully Safe Enclaves,Private Treaty (Bán thỏa thuận),Disclosed,840000,"$840,000",4,2,1,754m²,16.48,https://www.homely.com.au/homes/7-hilltop-avenue-ridgehaven-sa-5097/12995997
12827304,2026-04-08,08/04/2026,"8/2B Pier Street, Glenelg South SA 5045",Glenelg South,Western Coastal Corridors,Private Treaty (Bán thỏa thuận),Disclosed,760000,"$760,000",2,1,1,N/A,11.01,https://www.homely.com.au/homes/8-2b-pier-street-glenelg-south-sa-5045/12827304
12997944,2026-04-08,08/04/2026,"2/24 Hinton Street, Underdale SA 5032",Underdale,Western Coastal Corridors,Private Treaty (Bán thỏa thuận),Disclosed,671000,"$671,000",2,1,1,102.2565m²,7.65,https://www.homely.com.au/homes/2-24-hinton-street-underdale-sa-5032/12997944
12981262,2026-04-08,08/04/2026,"19/306 Henley Beach Road, Underdale SA 5032",Underdale,Western Coastal Corridors,Private Treaty (Bán thỏa thuận),Disclosed,670000,"$670,000",2,1,1,N/A,7.65,https://www.homely.com.au/homes/19-306-henley-beach-road-underdale-sa-5032/12981262
12875714,2026-04-08,08/04/2026,"4 Birnie Avenue, Kensington Park SA 5068",Kensington Park,City of Burnside & Core East,Private Treaty (Bán thỏa thuận),Undisclosed,,Price Undisclosed,3,2,4,627m²,4.1,https://www.homely.com.au/homes/4-birnie-avenue-kensington-park-sa-5068/12875714
12978149,2026-04-08,08/04/2026,"39 Morgan Avenue, Daw Park SA 5041",Daw Park,City of Mitcham & Foothills,Private Treaty (Bán thỏa thuận),Undisclosed,,Price Undisclosed,3,1,5,654m²,5.41,https://www.homely.com.au/homes/39-morgan-avenue-daw-park-sa-5041/12978149
12977506,2026-04-08,08/04/2026,"117 Winston Avenue, Daw Park SA 5041",Daw Park,City of Mitcham & Foothills,Private Treaty (Bán thỏa thuận),Undisclosed,,Price Undisclosed,3,1,6,727m²,5.41,https://www.homely.com.au/homes/117-winston-avenue-daw-park-sa-5041/12977506
13005586,2026-04-08,08/04/2026,"2/40 Lomman Avenue, Newton SA 5074",Newton,"Norwood, Campbelltown & North-East Core",Private Treaty (Bán thỏa thuận),Undisclosed,,Price Undisclosed,3,2,2,N/A,9.65,https://www.homely.com.au/homes/2-40-lomman-avenue-newton-sa-5074/13005586
12964882,2026-04-08,08/04/2026,"5 William Street, Tranmere SA 5073",Tranmere,"Norwood, Campbelltown & North-East Core",Private Treaty (Bán thỏa thuận),Undisclosed,,Price Undisclosed,3,2,2,406m²,5.78,https://www.homely.com.au/homes/5-william-street-tranmere-sa-5073/12964882
12958430,2026-04-08,08/04/2026,"12 Hoskin Avenue, Kidman Park SA 5025",Kidman Park,Western Coastal Corridors,Private Treaty (Bán thỏa thuận),Undisclosed,,Price Undisclosed,3,1,2,473m²,9.7,https://www.homely.com.au/homes/12-hoskin-avenue-kidman-park-sa-5025/12958430
12974531,2026-04-07,07/04/2026,"1 Dinham Court, Highbury SA 5089",Highbury,Adelaide Hills & Tea Tree Gully Safe Enclaves,Private Treaty (Bán thỏa thuận),Disclosed,1652888,"$1,652,888",4,2,2,446m²,12.87,https://www.homely.com.au/homes/1-dinham-court-highbury-sa-5089/12974531
12963855,2026-04-07,07/04/2026,"2A Primrose Court, Grange SA 5022",Grange,Western Coastal Corridors,Private Treaty (Bán thỏa thuận),Disclosed,955000,"$955,000",2,1,1,310m²,13.92,https://www.homely.com.au/homes/2a-primrose-court-grange-sa-5022/12963855
12980388,2026-04-07,07/04/2026,"5/43 Halsbury Avenue, Kingswood SA 5062",Kingswood,City of Mitcham & Foothills,Private Treaty (Bán thỏa thuận),Disclosed,900000,"$900,000",2,1,1,N/A,1.95,https://www.homely.com.au/homes/5-43-halsbury-avenue-kingswood-sa-5062/12980388
13025635,2026-04-07,07/04/2026,"4/53 Ross Road, Hectorville SA 5073",Hectorville,"Norwood, Campbelltown & North-East Core",Private Treaty (Bán thỏa thuận),Disclosed,802650,"$802,650",2,2,2,N/A,6.98,https://www.homely.com.au/homes/4-53-ross-road-hectorville-sa-5073/13025635
12977509,2026-04-07,07/04/2026,"1/607 Tapleys Hill Road, Fulham SA 5024",Fulham,Western Coastal Corridors,Private Treaty (Bán thỏa thuận),Disclosed,635000,"$635,000",2,1,1,N/A,10.46,https://www.homely.com.au/homes/1-607-tapleys-hill-road-fulham-sa-5024/12977509
12906049,2026-04-07,07/04/2026,"13 Mahar Street, Kensington Gardens SA 5068",Kensington Gardens,City of Burnside & Core East,Private Treaty (Bán thỏa thuận),Undisclosed,,Price Undisclosed,4,3,2,431m²,4.96,https://www.homely.com.au/homes/13-mahar-street-kensington-gardens-sa-5068/12906049
13000903,2026-04-07,07/04/2026,"6/26 Avenue Road, Cumberland Park SA 5041",Cumberland Park,City of Mitcham & Foothills,Private Treaty (Bán thỏa thuận),Undisclosed,,Price Undisclosed,2,1,2,N/A,4.27,https://www.homely.com.au/homes/6-26-avenue-road-cumberland-park-sa-5041/13000903
12879759,2026-04-07,07/04/2026,"70A Barnes Road, Glynde SA 5070",Glynde,"Norwood, Campbelltown & North-East Core",Private Treaty (Bán thỏa thuận),Undisclosed,,Price Undisclosed,3,2,2,N/A,6.67,https://www.homely.com.au/homes/70a-barnes-road-glynde-sa-5070/12879759
12980671,2026-04-07,07/04/2026,"28 Jervois Street, Torrensville SA 5031",Torrensville,Western Coastal Corridors,Private Treaty (Bán thỏa thuận),Undisclosed,,Price Undisclosed,4,2,2,846m²,6.47,https://www.homely.com.au/homes/28-jervois-street-torrensville-sa-5031/12980671
12973689,2026-04-07,07/04/2026,"44 Swamp Road, Uraidla SA 5142",Uraidla,Adelaide Hills & Tea Tree Gully Safe Enclaves,Private Treaty (Bán thỏa thuận),Undisclosed,,Price Undisclosed,4,1,4,2278m²,10.31,https://www.homely.com.au/homes/44-swamp-road-uraidla-sa-5142/12973689
12977796,2026-04-07,07/04/2026,"27 Xavier Street, Highbury SA 5089",Highbury,Adelaide Hills & Tea Tree Gully Safe Enclaves,Private Treaty (Bán thỏa thuận),Undisclosed,,Price Undisclosed,3,2,2,634m²,12.87,https://www.homely.com.au/homes/27-xavier-street-highbury-sa-5089/12977796
12978187,2026-04-06,06/04/2026,"6/28 Zanoni Crescent, Surrey Downs SA 5126",Surrey Downs,Adelaide Hills & Tea Tree Gully Safe Enclaves,Private Treaty (Bán thỏa thuận),Disclosed,630000,"$630,000",2,1,1,N/A,19.29,https://www.homely.com.au/homes/6-28-zanoni-crescent-surrey-downs-sa-5126/12978187
12958689,2026-04-05,05/04/2026,"27B Langman Grove, Felixstow SA 5070",Felixstow,"Norwood, Campbelltown & North-East Core",Private Treaty (Bán thỏa thuận),Disclosed,1600000,"$1,600,000",4,3,2,318m²,6.96,https://www.homely.com.au/homes/27b-langman-grove-felixstow-sa-5070/12958689
12988262,2026-04-04,04/04/2026,"1/22 Fisher Street, Fullarton SA 5063",Fullarton,City of Unley & Prestige South,Private Treaty (Bán thỏa thuận),Disclosed,1454000,"$1,454,000",3,2,4,436m²,1.24,https://www.homely.com.au/homes/1-22-fisher-street-fullarton-sa-5063/12988262
12923194,2026-04-04,04/04/2026,"3/1111 North East Road, Ridgehaven SA 5097",Ridgehaven,Adelaide Hills & Tea Tree Gully Safe Enclaves,Private Treaty (Bán thỏa thuận),Disclosed,805000,"$805,000",3,1,1,227m²,16.48,https://www.homely.com.au/homes/3-1111-north-east-road-ridgehaven-sa-5097/12923194
12907063,2026-04-03,03/04/2026,"4 Balmain Court, Golden Grove SA 5125",Golden Grove,Adelaide Hills & Tea Tree Gully Safe Enclaves,Private Treaty (Bán thỏa thuận),Undisclosed,,Price Undisclosed,3,2,2,458m²,20.78,https://www.homely.com.au/homes/4-balmain-court-golden-grove-sa-5125/12907063
12998337,2026-04-02,02/04/2026,"13A Ross Street, Everard Park SA 5035",Everard Park,City of Unley & Prestige South,Private Treaty (Bán thỏa thuận),Disclosed,1540000,"$1,540,000",3,2,1,341m²,4.93,https://www.homely.com.au/homes/13a-ross-street-everard-park-sa-5035/12998337
12999428,2026-04-02,02/04/2026,"15 Stanford Crescent, Fulham Gardens SA 5024",Fulham Gardens,Western Coastal Corridors,Private Treaty (Bán thỏa thuận),Disclosed,1465000,"$1,465,000",3,1,2,659m²,10.46,https://www.homely.com.au/homes/15-stanford-crescent-fulham-gardens-sa-5024/12999428
12934642,2026-04-02,02/04/2026,"3 Omrah Street, Bridgewater SA 5155",Bridgewater,Adelaide Hills & Tea Tree Gully Safe Enclaves,Private Treaty (Bán thỏa thuận),Disclosed,1323500,"$1,323,500",4,2,3,772m²,13.23,https://www.homely.com.au/homes/3-omrah-street-bridgewater-sa-5155/12934642
12911626,2026-04-02,02/04/2026,"134A Sixth Avenue, Royston Park SA 5070",Royston Park,"Norwood, Campbelltown & North-East Core",Private Treaty (Bán thỏa thuận),Disclosed,1300000,"$1,300,000",3,2,1,312m²,6.66,https://www.homely.com.au/homes/134a-sixth-avenue-royston-park-sa-5070/12911626
13007507,2026-04-02,02/04/2026,"10 Rowell Avenue, Glenunga SA 5064",Glenunga,City of Burnside & Core East,Private Treaty (Bán thỏa thuận),Disclosed,1237500,"$1,237,500",2,1,1,333m²,1.24,https://www.homely.com.au/homes/10-rowell-avenue-glenunga-sa-5064/13007507
12956302,2026-04-02,02/04/2026,"28 Dryandra Drive, Belair SA 5052",Belair,City of Mitcham & Foothills,Private Treaty (Bán thỏa thuận),Disclosed,1080000,"$1,080,000",3,2,2,1331m²,4.42,https://www.homely.com.au/homes/28-dryandra-drive-belair-sa-5052/12956302
12991186,2026-04-02,02/04/2026,"8/45 Balham Avenue, Kingswood SA 5062",Kingswood,City of Mitcham & Foothills,Private Treaty (Bán thỏa thuận),Disclosed,660000,"$660,000",2,1,1,N/A,1.95,https://www.homely.com.au/homes/8-45-balham-avenue-kingswood-sa-5062/12991186
12980321,2026-04-02,02/04/2026,"12 Clearview Street, Beaumont SA 5066",Beaumont,City of Burnside & Core East,Private Treaty (Bán thỏa thuận),Undisclosed,,Price Undisclosed,3,1,2,708m²,3.12,https://www.homely.com.au/homes/12-clearview-street-beaumont-sa-5066/12980321
12913132,2026-04-02,02/04/2026,"136 Penfold Road, Wattle Park SA 5066",Wattle Park,City of Burnside & Core East,Private Treaty (Bán thỏa thuận),Undisclosed,,Price Undisclosed,4,2,5,963m²,4.97,https://www.homely.com.au/homes/136-penfold-road-wattle-park-sa-5066/12913132
12917115,2026-04-02,02/04/2026,"33 Duthy Street, Unley SA 5061",Unley,City of Unley & Prestige South,Private Treaty (Bán thỏa thuận),Undisclosed,,Price Undisclosed,2,1,2,305m²,2.78,https://www.homely.com.au/homes/33-duthy-street-unley-sa-5061/12917115
12977643,2026-04-02,02/04/2026,"13A Winchester Street, Highgate SA 5063",Highgate,City of Unley & Prestige South,Private Treaty (Bán thỏa thuận),Undisclosed,,Price Undisclosed,3,2,2,405m²,0.84,https://www.homely.com.au/homes/13a-winchester-street-highgate-sa-5063/12977643
12959829,2026-04-02,02/04/2026,"17B Avenue Road, Payneham SA 5070",Payneham,"Norwood, Campbelltown & North-East Core",Private Treaty (Bán thỏa thuận),Undisclosed,,Price Undisclosed,3,2,2,N/A,6.41,https://www.homely.com.au/homes/17b-avenue-road-payneham-sa-5070/12959829
12976479,2026-04-02,02/04/2026,"1A Binnswood Street, Hectorville SA 5073",Hectorville,"Norwood, Campbelltown & North-East Core",Private Treaty (Bán thỏa thuận),Undisclosed,,Price Undisclosed,3,1,2,N/A,6.98,https://www.homely.com.au/homes/1a-binnswood-street-hectorville-sa-5073/12976479
12962084,2026-04-02,02/04/2026,"45 Hillside Road, Aldgate SA 5154",Aldgate,Adelaide Hills & Tea Tree Gully Safe Enclaves,Private Treaty (Bán thỏa thuận),Undisclosed,,Price Undisclosed,3,2,2,2300m²,11.23,https://www.homely.com.au/homes/45-hillside-road-aldgate-sa-5154/12962084
12957997,2026-04-02,02/04/2026,"2B Barton Avenue, Kingston Park SA 5049",Kingston Park,Western Coastal Corridors,Private Treaty (Bán thỏa thuận),Undisclosed,,Price Undisclosed,3,2,2,310m²,13.86,https://www.homely.com.au/homes/2b-barton-avenue-kingston-park-sa-5049/12957997
12906324,2026-04-02,02/04/2026,"17 Uthwatt Court, St Agnes SA 5097",St Agnes,Adelaide Hills & Tea Tree Gully Safe Enclaves,Private Treaty (Bán thỏa thuận),Undisclosed,,Price Undisclosed,3,1,2,600m²,15.94,https://www.homely.com.au/homes/17-uthwatt-court-st-agnes-sa-5097/12906324
12961058,2026-04-01,01/04/2026,"34 King Street, Brighton SA 5048",Brighton,Western Coastal Corridors,Private Treaty (Bán thỏa thuận),Disclosed,3825000,"$3,825,000",4,3,4,1227m²,12.37,https://www.homely.com.au/homes/34-king-street-brighton-sa-5048/12961058
12980467,2026-04-01,01/04/2026,"46 Ormond Avenue, Daw Park SA 5041",Daw Park,City of Mitcham & Foothills,Private Treaty (Bán thỏa thuận),Disclosed,1510000,"$1,510,000",3,1,4,825m²,5.41,https://www.homely.com.au/homes/46-ormond-avenue-daw-park-sa-5041/12980467
12984609,2026-04-01,01/04/2026,"22 Wongabeena Drive, Surrey Downs SA 5126",Surrey Downs,Adelaide Hills & Tea Tree Gully Safe Enclaves,Private Treaty (Bán thỏa thuận),Disclosed,845000,"$845,000",5,2,3,571m²,19.29,https://www.homely.com.au/homes/22-wongabeena-drive-surrey-downs-sa-5126/12984609
13025751,2026-04-01,01/04/2026,"30 Craighill Road, St Georges SA 5064",St Georges,City of Burnside & Core East,Private Treaty (Bán thỏa thuận),Undisclosed,,Price Undisclosed,4,2,2,843m²,1.58,https://www.homely.com.au/homes/30-craighill-road-st-georges-sa-5064/13025751
12934874,2026-04-01,01/04/2026,"5 Hatherley Avenue, Hyde Park SA 5061",Hyde Park,City of Unley & Prestige South,Private Treaty (Bán thỏa thuận),Undisclosed,,Price Undisclosed,4,2,2,780m²,3.2,https://www.homely.com.au/homes/5-hatherley-avenue-hyde-park-sa-5061/12934874
12957829,2026-04-01,01/04/2026,"9 Foster Street, Parkside SA 5063",Parkside,City of Unley & Prestige South,Private Treaty (Bán thỏa thuận),Undisclosed,,Price Undisclosed,4,2,3,934m²,2.43,https://www.homely.com.au/homes/9-foster-street-parkside-sa-5063/12957829
12980301,2026-04-01,01/04/2026,"13 Wells Street, Stepney SA 5069",Stepney,"Norwood, Campbelltown & North-East Core",Private Treaty (Bán thỏa thuận),Undisclosed,,Price Undisclosed,2,1,1,437m²,4.73,https://www.homely.com.au/homes/13-wells-street-stepney-sa-5069/12980301
12929443,2026-04-01,01/04/2026,"53 Avenue Road, Payneham SA 5070",Payneham,"Norwood, Campbelltown & North-East Core",Private Treaty (Bán thỏa thuận),Undisclosed,,Price Undisclosed,4,2,6,695m²,6.41,https://www.homely.com.au/homes/53-avenue-road-payneham-sa-5070/12929443
12954463,2026-04-01,01/04/2026,"20 Terminus Street, Grange SA 5022",Grange,Western Coastal Corridors,Private Treaty (Bán thỏa thuận),Undisclosed,,Price Undisclosed,2,1,2,N/A,13.92,https://www.homely.com.au/homes/20-terminus-street-grange-sa-5022/12954463
12961946,2026-03-31,31/03/2026,"25 Invergowrie Avenue, Highgate SA 5063",Highgate,City of Unley & Prestige South,Private Treaty (Bán thỏa thuận),Disclosed,2065000,"$2,065,000",3,2,5,975m²,0.84,https://www.homely.com.au/homes/25-invergowrie-avenue-highgate-sa-5063/12961946
12805373,2026-03-31,31/03/2026,"77 Monmouth Road, Hawthorn SA 5062",Hawthorn,City of Mitcham & Foothills,Private Treaty (Bán thỏa thuận),Disclosed,2050000,"$2,050,000",4,2,2,766m²,2.99,https://www.homely.com.au/homes/77-monmouth-road-hawthorn-sa-5062/12805373
12980466,2026-03-31,31/03/2026,"14 Caulfield Avenue, Cumberland Park SA 5041",Cumberland Park,City of Mitcham & Foothills,Private Treaty (Bán thỏa thuận),Disclosed,1505000,"$1,505,000",3,1,2,760m²,4.27,https://www.homely.com.au/homes/14-caulfield-avenue-cumberland-park-sa-5041/12980466
12795845,2026-03-31,31/03/2026,"38A Laver Terrace, Felixstow SA 5070",Felixstow,"Norwood, Campbelltown & North-East Core",Private Treaty (Bán thỏa thuận),Disclosed,1465000,"$1,465,000",4,2,3,471m²,6.96,https://www.homely.com.au/homes/38a-laver-terrace-felixstow-sa-5070/12795845
12979763,2026-03-31,31/03/2026,"33 Walsh Avenue, St Marys SA 5042",St Marys,City of Mitcham & Foothills,Private Treaty (Bán thỏa thuận),Disclosed,1180000,"$1,180,000",3,1,2,708m²,6.81,https://www.homely.com.au/homes/33-walsh-avenue-st-marys-sa-5042/12979763
12954420,2026-03-31,31/03/2026,"5/29 Sturt Avenue, Toorak Gardens SA 5065",Toorak Gardens,City of Burnside & Core East,Private Treaty (Bán thỏa thuận),Disclosed,820000,"$820,000",2,1,2,N/A,2.68,https://www.homely.com.au/homes/5-29-sturt-avenue-toorak-gardens-sa-5065/12954420
12957815,2026-03-31,31/03/2026,"13 Tamar Crescent, Banksia Park SA 5091",Banksia Park,Adelaide Hills & Tea Tree Gully Safe Enclaves,Private Treaty (Bán thỏa thuận),Disclosed,810000,"$810,000",4,2,3,690m²,18.32,https://www.homely.com.au/homes/13-tamar-crescent-banksia-park-sa-5091/12957815
12974885,2026-03-31,31/03/2026,"1/50 Myrtle Road, Seacliff SA 5049",Seacliff,Western Coastal Corridors,Private Treaty (Bán thỏa thuận),Disclosed,784000,"$784,000",2,1,1,N/A,13.63,https://www.homely.com.au/homes/1-50-myrtle-road-seacliff-sa-5049/12974885
12979479,2026-03-31,31/03/2026,"3/10 Station Avenue, Blackwood SA 5051",Blackwood,City of Mitcham & Foothills,Private Treaty (Bán thỏa thuận),Disclosed,752000,"$752,000",2,1,1,N/A,7.07,https://www.homely.com.au/homes/3-10-station-avenue-blackwood-sa-5051/12979479
12979840,2026-03-31,31/03/2026,"3/114 Cashel Street, St Marys SA 5042",St Marys,City of Mitcham & Foothills,Private Treaty (Bán thỏa thuận),Disclosed,580000,"$580,000",2,1,1,67m²,6.81,https://www.homely.com.au/homes/3-114-cashel-street-st-marys-sa-5042/12979840
12977731,2026-03-31,31/03/2026,"24 Willunga Street, Eden Hills SA 5050",Eden Hills,City of Mitcham & Foothills,Private Treaty (Bán thỏa thuận),Undisclosed,,Price Undisclosed,4,1,4,1133m²,7.12,https://www.homely.com.au/homes/24-willunga-street-eden-hills-sa-5050/12977731
12919623,2026-03-31,31/03/2026,"8-10 Owens Street, Crafers SA 5152",Crafers,Adelaide Hills & Tea Tree Gully Safe Enclaves,Private Treaty (Bán thỏa thuận),Undisclosed,,Price Undisclosed,3,1,2,6500m²,7.71,https://www.homely.com.au/homes/8-10-owens-street-crafers-sa-5152/12919623
12929057,2026-03-31,31/03/2026,"44 Tatiara Drive, Banksia Park SA 5091",Banksia Park,Adelaide Hills & Tea Tree Gully Safe Enclaves,Private Treaty (Bán thỏa thuận),Undisclosed,,Price Undisclosed,4,3,1,1070m²,18.32,https://www.homely.com.au/homes/44-tatiara-drive-banksia-park-sa-5091/12929057
12977736,2026-03-30,30/03/2026,"17 Otranto Street, Bridgewater SA 5155",Bridgewater,Adelaide Hills & Tea Tree Gully Safe Enclaves,Private Treaty (Bán thỏa thuận),Disclosed,1070000,"$1,070,000",3,2,4,766m²,13.23,https://www.homely.com.au/homes/17-otranto-street-bridgewater-sa-5155/12977736
12959706,2026-03-30,30/03/2026,"1/11 Colton Road, Blackwood SA 5051",Blackwood,City of Mitcham & Foothills,Private Treaty (Bán thỏa thuận),Disclosed,680000,"$680,000",2,1,1,203m²,7.07,https://www.homely.com.au/homes/1-11-colton-road-blackwood-sa-5051/12959706
12998469,2026-03-30,30/03/2026,"3/39 Roberts Street, Unley SA 5061",Unley,City of Unley & Prestige South,Private Treaty (Bán thỏa thuận),Disclosed,470000,"$470,000",1,1,1,N/A,2.78,https://www.homely.com.au/homes/3-39-roberts-street-unley-sa-5061/12998469
12658484,2026-03-30,30/03/2026,"1-1A Austin Crescent, St Georges SA 5064",St Georges,City of Burnside & Core East,Private Treaty (Bán thỏa thuận),Undisclosed,,Price Undisclosed,4,3,14,1937m²,1.58,https://www.homely.com.au/homes/1-1a-austin-crescent-st-georges-sa-5064/12658484
12965840,2026-03-30,30/03/2026,"4 Wentworth Street, Lockleys SA 5032",Lockleys,Western Coastal Corridors,Private Treaty (Bán thỏa thuận),Undisclosed,,Price Undisclosed,3,1,4,620m²,8.8,https://www.homely.com.au/homes/4-wentworth-street-lockleys-sa-5032/12965840
12979570,2026-03-30,30/03/2026,"36 Onkaparinga Road, Bridgewater SA 5155",Bridgewater,Adelaide Hills & Tea Tree Gully Safe Enclaves,Private Treaty (Bán thỏa thuận),Undisclosed,,Price Undisclosed,4,2,5,873m²,13.23,https://www.homely.com.au/homes/36-onkaparinga-road-bridgewater-sa-5155/12979570
12960306,2026-03-29,29/03/2026,"20 Hampstead Avenue, Highgate SA 5063",Highgate,City of Unley & Prestige South,Private Treaty (Bán thỏa thuận),Undisclosed,,Price Undisclosed,4,3,1,668m²,0.84,https://www.homely.com.au/homes/20-hampstead-avenue-highgate-sa-5063/12960306
12957866,2026-03-29,29/03/2026,"6A Mclean Avenue, Grange SA 5022",Grange,Western Coastal Corridors,Private Treaty (Bán thỏa thuận),Undisclosed,,Price Undisclosed,4,2,2,437m²,13.92,https://www.homely.com.au/homes/6a-mclean-avenue-grange-sa-5022/12957866
12959577,2026-03-28,28/03/2026,"16 Meredyth Avenue, Millswood SA 5034",Millswood,City of Unley & Prestige South,Private Treaty (Bán thỏa thuận),Disclosed,2140000,"$2,140,000",5,2,2,794m²,4.01,https://www.homely.com.au/homes/16-meredyth-avenue-millswood-sa-5034/12959577
12959796,2026-03-28,28/03/2026,"30 Dunks Street, Parkside SA 5063",Parkside,City of Unley & Prestige South,Private Treaty (Bán thỏa thuận),Disclosed,2020000,"$2,020,000",3,2,2,374m²,2.43,https://www.homely.com.au/homes/30-dunks-street-parkside-sa-5063/12959796
12959578,2026-03-28,28/03/2026,"11 Janet Street, Maylands SA 5069",Maylands,"Norwood, Campbelltown & North-East Core",Private Treaty (Bán thỏa thuận),Disclosed,1810000,"$1,810,000",3,1,4,488m²,4.38,https://www.homely.com.au/homes/11-janet-street-maylands-sa-5069/12959578
12959707,2026-03-28,28/03/2026,"19 Thornton Street, Kensington SA 5068",Kensington,"Norwood, Campbelltown & North-East Core",Private Treaty (Bán thỏa thuận),Disclosed,1447500,"$1,447,500",2,1,1,407m²,4.96,https://www.homely.com.au/homes/19-thornton-street-kensington-sa-5068/12959707
12959268,2026-03-28,28/03/2026,"505A Glynburn Road, Hazelwood Park SA 5066",Hazelwood Park,City of Burnside & Core East,Private Treaty (Bán thỏa thuận),Undisclosed,,Price Undisclosed,4,2,2,402m²,3.55,https://www.homely.com.au/homes/505a-glynburn-road-hazelwood-park-sa-5066/12959268
12960062,2026-03-28,28/03/2026,"11 Fisher Street, Myrtle Bank SA 5064",Myrtle Bank,City of Burnside & Core East,Private Treaty (Bán thỏa thuận),Undisclosed,,Price Undisclosed,3,2,3,808m²,0.09,https://www.homely.com.au/homes/11-fisher-street-myrtle-bank-sa-5064/12960062
12959444,2026-03-28,28/03/2026,"5 Sunnymeade Avenue, Fullarton SA 5063",Fullarton,City of Unley & Prestige South,Private Treaty (Bán thỏa thuận),Undisclosed,,Price Undisclosed,3,2,2,418m²,1.24,https://www.homely.com.au/homes/5-sunnymeade-avenue-fullarton-sa-5063/12959444
12961554,2026-03-28,28/03/2026,"22 Rosa Street, Goodwood SA 5034",Goodwood,City of Unley & Prestige South,Private Treaty (Bán thỏa thuận),Undisclosed,,Price Undisclosed,4,2,2,N/A,4.14,https://www.homely.com.au/homes/22-rosa-street-goodwood-sa-5034/12961554
12961850,2026-03-28,28/03/2026,"13 Kyeema Avenue, Cumberland Park SA 5041",Cumberland Park,City of Mitcham & Foothills,Private Treaty (Bán thỏa thuận),Undisclosed,,Price Undisclosed,3,1,2,715m²,4.27,https://www.homely.com.au/homes/13-kyeema-avenue-cumberland-park-sa-5041/12961850
12958938,2026-03-28,28/03/2026,"30 Corunna Avenue, Colonel Light Gardens SA 5041",Colonel Light Gardens,City of Mitcham & Foothills,Private Treaty (Bán thỏa thuận),Undisclosed,,Price Undisclosed,4,1,1,702m²,4.41,https://www.homely.com.au/homes/30-corunna-avenue-colonel-light-gardens-sa-50/12958938
12952697,2026-03-28,28/03/2026,"1 Gosford Street, Hectorville SA 5073",Hectorville,"Norwood, Campbelltown & North-East Core",Private Treaty (Bán thỏa thuận),Undisclosed,,Price Undisclosed,3,1,1,660m²,6.98,https://www.homely.com.au/homes/1-gosford-street-hectorville-sa-5073/12952697
12972178,2026-03-27,27/03/2026,"234 Seaview Road, Henley Beach South SA 5022",Henley Beach South,Western Coastal Corridors,Private Treaty (Bán thỏa thuận),Disclosed,2300000,"$2,300,000",3,2,2,N/A,12.15,https://www.homely.com.au/homes/234-seaview-road-henley-beach-south-sa-5022/12972178
12958788,2026-03-27,27/03/2026,"123 Buchanan Drive, Woodforde SA 5072",Woodforde,Adelaide Hills & Tea Tree Gully Safe Enclaves,Private Treaty (Bán thỏa thuận),Disclosed,845000,"$845,000",2,2,1,135m²,8.35,https://www.homely.com.au/homes/123-buchanan-drive-woodforde-sa-5072/12958788
12954226,2026-03-27,27/03/2026,"4/2 Peroomba Avenue, Kensington Gardens SA 5068",Kensington Gardens,City of Burnside & Core East,Private Treaty (Bán thỏa thuận),Disclosed,841000,"$841,000",2,1,1,164m²,4.96,https://www.homely.com.au/homes/4-2-peroomba-avenue-kensington-gardens-sa-506/12954226
12973668,2026-03-27,27/03/2026,"2/5 Wilkinson Road, Parkside SA 5063",Parkside,City of Unley & Prestige South,Private Treaty (Bán thỏa thuận),Disclosed,735000,"$735,000",2,1,2,71m²,2.43,https://www.homely.com.au/homes/2-5-wilkinson-road-parkside-sa-5063/12973668
12588641,2026-03-27,27/03/2026,"14 Burnalta Crescent, Burnside SA 5066",Burnside,City of Burnside & Core East,Private Treaty (Bán thỏa thuận),Undisclosed,,Price Undisclosed,5,3,2,2350m²,3.83,https://www.homely.com.au/homes/14-burnalta-crescent-burnside-sa-5066/12588641
12762749,2026-03-27,27/03/2026,"45 Tusmore Avenue, Leabrook SA 5068",Leabrook,City of Burnside & Core East,Private Treaty (Bán thỏa thuận),Undisclosed,,Price Undisclosed,4,2,2,794m²,4.04,https://www.homely.com.au/homes/45-tusmore-avenue-leabrook-sa-5068/12762749
12958352,2026-03-27,27/03/2026,"17A Jenkins Avenue, Myrtle Bank SA 5064",Myrtle Bank,City of Burnside & Core East,Private Treaty (Bán thỏa thuận),Undisclosed,,Price Undisclosed,3,1,3,549m²,0.09,https://www.homely.com.au/homes/17a-jenkins-avenue-myrtle-bank-sa-5064/12958352
12932061,2026-03-27,27/03/2026,"486 Magill Road, Kensington Gardens SA 5068",Kensington Gardens,City of Burnside & Core East,Private Treaty (Bán thỏa thuận),Undisclosed,,Price Undisclosed,3,1,2,746m²,4.96,https://www.homely.com.au/homes/486-magill-road-kensington-gardens-sa-5068/12932061
12959119,2026-03-27,27/03/2026,"8 King Street, Unley Park SA 5061",Unley Park,City of Unley & Prestige South,Private Treaty (Bán thỏa thuận),Undisclosed,,Price Undisclosed,3,1,3,N/A,2.78,https://www.homely.com.au/homes/8-king-street-unley-park-sa-5061/12959119
12961052,2026-03-27,27/03/2026,"43 Tenth Avenue, Joslin SA 5070",Joslin,"Norwood, Campbelltown & North-East Core",Private Treaty (Bán thỏa thuận),Undisclosed,,Price Undisclosed,3,2,4,665m²,6.99,https://www.homely.com.au/homes/43-tenth-avenue-joslin-sa-5070/12961052
12911551,2026-03-27,27/03/2026,"9 Pitanda Road, Banksia Park SA 5091",Banksia Park,Adelaide Hills & Tea Tree Gully Safe Enclaves,Private Treaty (Bán thỏa thuận),Undisclosed,,Price Undisclosed,3,1,1,910m²,18.32,https://www.homely.com.au/homes/9-pitanda-road-banksia-park-sa-5091/12911551
12935979,2026-03-26,26/03/2026,"4 Eringa Avenue, Glenunga SA 5064",Glenunga,City of Burnside & Core East,Private Treaty (Bán thỏa thuận),Disclosed,2062501,"$2,062,501",4,2,2,1089m²,1.24,https://www.homely.com.au/homes/4-eringa-avenue-glenunga-sa-5064/12935979
12929584,2026-03-26,26/03/2026,"8 Tucker Street, South Brighton SA 5048",South Brighton,Western Coastal Corridors,Private Treaty (Bán thỏa thuận),Disclosed,1600000,"$1,600,000",4,2,3,720m²,12.37,https://www.homely.com.au/homes/8-tucker-street-south-brighton-sa-5048/12929584
12934210,2026-03-26,26/03/2026,"28 Fisher Street, Fullarton SA 5063",Fullarton,City of Unley & Prestige South,Private Treaty (Bán thỏa thuận),Disclosed,1552500,"$1,552,500",3,1,2,557m²,1.24,https://www.homely.com.au/homes/28-fisher-street-fullarton-sa-5063/12934210
12925682,2026-03-26,26/03/2026,"20 Warren Crescent, Panorama SA 5041",Panorama,City of Mitcham & Foothills,Private Treaty (Bán thỏa thuận),Disclosed,1420000,"$1,420,000",4,2,2,829m²,5.07,https://www.homely.com.au/homes/20-warren-crescent-panorama-sa-5041/12925682
12951093,2026-03-26,26/03/2026,"18 Redgum Drive, Pasadena SA 5042",Pasadena,City of Mitcham & Foothills,Private Treaty (Bán thỏa thuận),Disclosed,1320000,"$1,320,000",4,2,4,875m²,6.11,https://www.homely.com.au/homes/18-redgum-drive-pasadena-sa-5042/12951093
12799699,2026-03-26,26/03/2026,"14 Old Belair Road, Belair SA 5052",Belair,City of Mitcham & Foothills,Private Treaty (Bán thỏa thuận),Disclosed,1185000,"$1,185,000",4,2,4,1429m²,4.42,https://www.homely.com.au/homes/14-old-belair-road-belair-sa-5052/12799699
12958624,2026-03-26,26/03/2026,"19 Laredo Court, Wynn Vale SA 5127",Wynn Vale,Adelaide Hills & Tea Tree Gully Safe Enclaves,Private Treaty (Bán thỏa thuận),Disclosed,1079000,"$1,079,000",4,2,6,705m²,18.49,https://www.homely.com.au/homes/19-laredo-court-wynn-vale-sa-5127/12958624
12943100,2026-03-26,26/03/2026,"2/17 Dudley Avenue, Daw Park SA 5041",Daw Park,City of Mitcham & Foothills,Private Treaty (Bán thỏa thuận),Disclosed,810000,"$810,000",3,1,2,202m²,5.41,https://www.homely.com.au/homes/2-17-dudley-avenue-daw-park-sa-5041/12943100
12879004,2026-03-26,26/03/2026,"7/38 Norman Terrace, Everard Park SA 5035",Everard Park,City of Unley & Prestige South,Private Treaty (Bán thỏa thuận),Disclosed,530000,"$530,000",2,1,1,N/A,4.93,https://www.homely.com.au/homes/7-38-norman-terrace-everard-park-sa-5035/12879004
12985482,2026-03-26,26/03/2026,"5 Orlando Court, Marden SA 5070",Marden,"Norwood, Campbelltown & North-East Core",Private Treaty (Bán thỏa thuận),Undisclosed,,Price Undisclosed,3,2,2,N/A,6.4,https://www.homely.com.au/homes/5-orlando-court-marden-sa-5070/12985482
12979571,2026-03-26,26/03/2026,"153 Strathalbyn Road, Bridgewater SA 5155",Bridgewater,Adelaide Hills & Tea Tree Gully Safe Enclaves,Private Treaty (Bán thỏa thuận),Undisclosed,,Price Undisclosed,5,2,2,1520m²,13.23,https://www.homely.com.au/homes/153-strathalbyn-road-bridgewater-sa-5155/12979571
12951168,2026-03-26,26/03/2026,"17 Linton Street, Banksia Park SA 5091",Banksia Park,Adelaide Hills & Tea Tree Gully Safe Enclaves,Private Treaty (Bán thỏa thuận),Undisclosed,,Price Undisclosed,3,1,4,696m²,18.32,https://www.homely.com.au/homes/17-linton-street-banksia-park-sa-5091/12951168
12934873,2026-03-25,25/03/2026,"7A Malvern Avenue, Malvern SA 5061",Malvern,City of Unley & Prestige South,Private Treaty (Bán thỏa thuận),Disclosed,1800000,"$1,800,000",4,2,1,317m²,2.2,https://www.homely.com.au/homes/7a-malvern-avenue-malvern-sa-5061/12934873
12959447,2026-03-25,25/03/2026,"5 Rosslyn Avenue, Clarence Park SA 5034",Clarence Park,City of Unley & Prestige South,Private Treaty (Bán thỏa thuận),Disclosed,1740000,"$1,740,000",3,2,1,715m²,4.54,https://www.homely.com.au/homes/5-rosslyn-avenue-clarence-park-sa-5034/12959447
12826598,2026-03-25,25/03/2026,"3/32 High Street, Burnside SA 5066",Burnside,City of Burnside & Core East,Private Treaty (Bán thỏa thuận),Disclosed,1100000,"$1,100,000",3,2,1,N/A,3.83,https://www.homely.com.au/homes/3-32-high-street-burnside-sa-5066/12826598
12979795,2026-03-25,25/03/2026,"20A Arthur Street, Tranmere SA 5073",Tranmere,"Norwood, Campbelltown & North-East Core",Private Treaty (Bán thỏa thuận),Disclosed,1050000,"$1,050,000",3,2,1,241m²,5.78,https://www.homely.com.au/homes/20a-arthur-street-tranmere-sa-5073/12979795
12913854,2026-03-25,25/03/2026,"LOT 2, 44 Karri Drive, Dernancourt SA 5075",Dernancourt,Adelaide Hills & Tea Tree Gully Safe Enclaves,Private Treaty (Bán thỏa thuận),Disclosed,640000,"$640,000",3,1,1,367m²,11.46,https://www.homely.com.au/homes/lot-2-44-karri-drive-dernancourt-sa-5075/12913854
12934871,2026-03-25,25/03/2026,"2/4 Arnold Street, Kingswood SA 5062",Kingswood,City of Mitcham & Foothills,Private Treaty (Bán thỏa thuận),Undisclosed,,Price Undisclosed,2,1,1,N/A,1.95,https://www.homely.com.au/homes/2-4-arnold-street-kingswood-sa-5062/12934871
12980135,2026-03-25,25/03/2026,"306 The Parade, Kensington SA 5068",Kensington,"Norwood, Campbelltown & North-East Core",Private Treaty (Bán thỏa thuận),Undisclosed,,Price Undisclosed,2,1,3,375m²,4.96,https://www.homely.com.au/homes/306-the-parade-kensington-sa-5068/12980135
12943249,2026-03-25,25/03/2026,"6/2 Augusta Street, Maylands SA 5069",Maylands,"Norwood, Campbelltown & North-East Core",Private Treaty (Bán thỏa thuận),Undisclosed,,Price Undisclosed,2,1,2,N/A,4.38,https://www.homely.com.au/homes/6-2-augusta-street-maylands-sa-5069/12943249
12940180,2026-03-25,25/03/2026,"495 Magill Road, Tranmere SA 5073",Tranmere,"Norwood, Campbelltown & North-East Core",Private Treaty (Bán thỏa thuận),Undisclosed,,Price Undisclosed,4,1,2,1382m²,5.78,https://www.homely.com.au/homes/495-magill-road-tranmere-sa-5073/12940180
12959801,2026-03-25,25/03/2026,"37A Drake Avenue, Flinders Park SA 5025",Flinders Park,Western Coastal Corridors,Private Treaty (Bán thỏa thuận),Undisclosed,,Price Undisclosed,3,2,5,390m²,8.61,https://www.homely.com.au/homes/37a-drake-avenue-flinders-park-sa-5025/12959801
12979304,2026-03-25,25/03/2026,"3/306 Henley Beach Road, Underdale SA 5032",Underdale,Western Coastal Corridors,Private Treaty (Bán thỏa thuận),Undisclosed,,Price Undisclosed,2,1,1,N/A,7.65,https://www.homely.com.au/homes/3-306-henley-beach-road-underdale-sa-5032/12979304
12950054,2026-03-25,25/03/2026,"9 Hawthorn Road, Stirling SA 5152",Stirling,Adelaide Hills & Tea Tree Gully Safe Enclaves,Private Treaty (Bán thỏa thuận),Undisclosed,,Price Undisclosed,3,1,2,1209m²,9.62,https://www.homely.com.au/homes/9-hawthorn-road-stirling-sa-5152/12950054
12959780,2026-03-25,25/03/2026,"43 Piccadilly Road, Crafers SA 5152",Crafers,Adelaide Hills & Tea Tree Gully Safe Enclaves,Private Treaty (Bán thỏa thuận),Undisclosed,,Price Undisclosed,3,1,3,1972m²,7.71,https://www.homely.com.au/homes/43-piccadilly-road-crafers-sa-5152/12959780
12913074,2026-03-24,24/03/2026,"11 Willingale Avenue, Lockleys SA 5032",Lockleys,Western Coastal Corridors,Private Treaty (Bán thỏa thuận),Disclosed,1985000,"$1,985,000",4,2,2,840m²,8.8,https://www.homely.com.au/homes/11-willingale-avenue-lockleys-sa-5032/12913074
12964140,2026-03-24,24/03/2026,"72 Lomandra Avenue, Glenside SA 5065",Glenside,City of Burnside & Core East,Private Treaty (Bán thỏa thuận),Disclosed,1765000,"$1,765,000",4,2,2,250m²,2.06,https://www.homely.com.au/homes/72-lomandra-avenue-glenside-sa-5065/12964140
12955678,2026-03-24,24/03/2026,"28A Balmoral Avenue, North Brighton SA 5048",North Brighton,Western Coastal Corridors,Private Treaty (Bán thỏa thuận),Disclosed,1395000,"$1,395,000",4,2,2,456m²,12.37,https://www.homely.com.au/homes/28a-balmoral-avenue-north-brighton-sa-5048/12955678
12977730,2026-03-24,24/03/2026,"22 Rayleigh Avenue, Highbury SA 5089",Highbury,Adelaide Hills & Tea Tree Gully Safe Enclaves,Private Treaty (Bán thỏa thuận),Disclosed,1380000,"$1,380,000",5,3,2,722m²,12.87,https://www.homely.com.au/homes/22-rayleigh-avenue-highbury-sa-5089/12977730
12978659,2026-03-24,24/03/2026,"2A Broadway, South Brighton SA 5048",South Brighton,Western Coastal Corridors,Private Treaty (Bán thỏa thuận),Disclosed,1295000,"$1,295,000",3,2,2,196m²,12.37,https://www.homely.com.au/homes/2a-broadway-south-brighton-sa-5048/12978659
12939655,2026-03-24,24/03/2026,"24 Galveston Place, Wynn Vale SA 5127",Wynn Vale,Adelaide Hills & Tea Tree Gully Safe Enclaves,Private Treaty (Bán thỏa thuận),Disclosed,1040000,"$1,040,000",3,2,3,592m²,18.49,https://www.homely.com.au/homes/24-galveston-place-wynn-vale-sa-5127/12939655
12955509,2026-03-24,24/03/2026,"47 Recreation Parade, Semaphore Park SA 5019",Semaphore Park,Western Coastal Corridors,Private Treaty (Bán thỏa thuận),Disclosed,1000000,"$1,000,000",3,1,3,426m²,17.73,https://www.homely.com.au/homes/47-recreation-parade-semaphore-park-sa-5019/12955509
12954327,2026-03-24,24/03/2026,"1/10 Gault Avenue, Fulham SA 5024",Fulham,Western Coastal Corridors,Private Treaty (Bán thỏa thuận),Disclosed,791000,"$791,000",2,1,2,N/A,10.46,https://www.homely.com.au/homes/1-10-gault-avenue-fulham-sa-5024/12954327
12922147,2026-03-24,24/03/2026,"23A Taylor Terrace, Rosslyn Park SA 5072",Rosslyn Park,City of Burnside & Core East,Private Treaty (Bán thỏa thuận),Undisclosed,,Price Undisclosed,3,2,2,920m²,5.6,https://www.homely.com.au/homes/23a-taylor-terrace-rosslyn-park-sa-5072/12922147
12955767,2026-03-24,24/03/2026,"4/99 Young Street, Parkside SA 5063",Parkside,City of Unley & Prestige South,Private Treaty (Bán thỏa thuận),Undisclosed,,Price Undisclosed,2,1,1,N/A,2.43,https://www.homely.com.au/homes/4-99-young-street-parkside-sa-5063/12955767
12935084,2026-03-24,24/03/2026,"43 Claremont Avenue, Netherby SA 5062",Netherby,City of Mitcham & Foothills,Private Treaty (Bán thỏa thuận),Undisclosed,,Price Undisclosed,4,2,2,750m²,1.27,https://www.homely.com.au/homes/43-claremont-avenue-netherby-sa-5062/12935084
12961628,2026-03-24,24/03/2026,"1/174 East Terrace, Henley Beach SA 5022",Henley Beach,Western Coastal Corridors,Private Treaty (Bán thỏa thuận),Undisclosed,,Price Undisclosed,2,1,1,248m²,12.15,https://www.homely.com.au/homes/1-174-east-terrace-henley-beach-sa-5022/12961628
12908302,2026-03-24,24/03/2026,"18 Griffiths Street, Henley Beach SA 5022",Henley Beach,Western Coastal Corridors,Private Treaty (Bán thỏa thuận),Undisclosed,,Price Undisclosed,3,2,2,446m²,12.15,https://www.homely.com.au/homes/18-griffiths-street-henley-beach-sa-5022/12908302
12953119,2026-03-24,24/03/2026,"58 Hulbert Street, Hove SA 5048",Hove,Western Coastal Corridors,Private Treaty (Bán thỏa thuận),Undisclosed,,Price Undisclosed,3,3,4,265m²,12.45,https://www.homely.com.au/homes/58-hulbert-street-hove-sa-5048/12953119
12958538,2026-03-24,24/03/2026,"14 Alderley Road, Aldgate SA 5154",Aldgate,Adelaide Hills & Tea Tree Gully Safe Enclaves,Private Treaty (Bán thỏa thuận),Undisclosed,,Price Undisclosed,5,2,3,4889m²,11.23,https://www.homely.com.au/homes/14-alderley-road-aldgate-sa-5154/12958538
12950997,2026-03-24,24/03/2026,"3/6 Callemondah Road, Dernancourt SA 5075",Dernancourt,Adelaide Hills & Tea Tree Gully Safe Enclaves,Private Treaty (Bán thỏa thuận),Undisclosed,,Price Undisclosed,3,2,2,273m²,11.46,https://www.homely.com.au/homes/3-6-callemondah-road-dernancourt-sa-5075/12950997
12909668,2026-03-23,23/03/2026,"74 Alexandra Avenue, Rose Park SA 5067",Rose Park,City of Burnside & Core East,Private Treaty (Bán thỏa thuận),Disclosed,3350000,"$3,350,000",4,3,3,778m²,3.37,https://www.homely.com.au/homes/74-alexandra-avenue-rose-park-sa-5067/12909668
12938261,2026-03-23,23/03/2026,"5 Richardson Avenue, Tranmere SA 5073",Tranmere,"Norwood, Campbelltown & North-East Core",Private Treaty (Bán thỏa thuận),Disclosed,1672000,"$1,672,000",3,1,1,N/A,5.78,https://www.homely.com.au/homes/5-richardson-avenue-tranmere-sa-5073/12938261
12907514,2026-03-23,23/03/2026,"11 Sexton Road, Brighton SA 5048",Brighton,Western Coastal Corridors,Private Treaty (Bán thỏa thuận),Disclosed,1483000,"$1,483,000",3,1,3,434m²,12.37,https://www.homely.com.au/homes/11-sexton-road-brighton-sa-5048/12907514
12957996,2026-03-23,23/03/2026,"34 Halsey Road, Fulham SA 5024",Fulham,Western Coastal Corridors,Private Treaty (Bán thỏa thuận),Disclosed,980000,"$980,000",2,1,1,390m²,10.46,https://www.homely.com.au/homes/34-halsey-road-fulham-sa-5024/12957996
12662015,2026-03-23,23/03/2026,"9A Wilford Avenue, Underdale SA 5032",Underdale,Western Coastal Corridors,Private Treaty (Bán thỏa thuận),Disclosed,900000,"$900,000",4,2,2,N/A,7.65,https://www.homely.com.au/homes/9a-wilford-avenue-underdale-sa-5032/12662015
12913283,2026-03-23,23/03/2026,"12C Sherriff Street, Underdale SA 5032",Underdale,Western Coastal Corridors,Private Treaty (Bán thỏa thuận),Disclosed,899000,"$899,000",3,2,1,182m²,7.65,https://www.homely.com.au/homes/12c-sherriff-street-underdale-sa-5032/12913283
12982479,2026-03-23,23/03/2026,"2/16 Renown Avenue, Tranmere SA 5073",Tranmere,"Norwood, Campbelltown & North-East Core",Private Treaty (Bán thỏa thuận),Disclosed,725000,"$725,000",2,1,3,205.2268m²,5.78,https://www.homely.com.au/homes/2-16-renown-avenue-tranmere-sa-5073/12982479
12941601,2026-03-22,22/03/2026,"5 Victoria Street, Semaphore Park SA 5019",Semaphore Park,Western Coastal Corridors,Private Treaty (Bán thỏa thuận),Disclosed,1162000,"$1,162,000",5,2,2,557m²,17.73,https://www.homely.com.au/homes/5-victoria-street-semaphore-park-sa-5019/12941601
12909867,2026-03-21,21/03/2026,"30 Second Avenue, Forestville SA 5035",Forestville,City of Unley & Prestige South,Private Treaty (Bán thỏa thuận),Disclosed,1910000,"$1,910,000",3,1,2,919m²,5.03,https://www.homely.com.au/homes/30-second-avenue-forestville-sa-5035/12909867
12921065,2026-03-21,21/03/2026,"26 Lorraine Avenue, Clarence Park SA 5034",Clarence Park,City of Unley & Prestige South,Private Treaty (Bán thỏa thuận),Disclosed,1500000,"$1,500,000",3,1,2,522m²,4.54,https://www.homely.com.au/homes/26-lorraine-avenue-clarence-park-sa-5034/12921065
12912849,2026-03-21,21/03/2026,"2 Belmont Street, Lower Mitcham SA 5062",Lower Mitcham,City of Mitcham & Foothills,Private Treaty (Bán thỏa thuận),Disclosed,1400000,"$1,400,000",4,2,3,713m²,2.68,https://www.homely.com.au/homes/2-belmont-street-lower-mitcham-sa-5062/12912849
12912805,2026-03-21,21/03/2026,"9 Clarence Street, Hyde Park SA 5061",Hyde Park,City of Unley & Prestige South,Private Treaty (Bán thỏa thuận),Disclosed,1300000,"$1,300,000",2,1,1,N/A,3.2,https://www.homely.com.au/homes/9-clarence-street-hyde-park-sa-5061/12912805
12930262,2026-03-21,21/03/2026,"35 Hill Street, Mitcham SA 5062",Mitcham,City of Mitcham & Foothills,Private Treaty (Bán thỏa thuận),Disclosed,1150000,"$1,150,000",2,1,1,407m²,2.68,https://www.homely.com.au/homes/35-hill-street-mitcham-sa-5062/12930262
12935289,2026-03-21,21/03/2026,"3 The Crescent, St Marys SA 5042",St Marys,City of Mitcham & Foothills,Private Treaty (Bán thỏa thuận),Disclosed,925000,"$925,000",3,1,1,789m²,6.81,https://www.homely.com.au/homes/3-the-crescent-st-marys-sa-5042/12935289
12925966,2026-03-21,21/03/2026,"84 Sturt Avenue, Clapham SA 5062",Clapham,City of Mitcham & Foothills,Private Treaty (Bán thỏa thuận),Undisclosed,,Price Undisclosed,4,2,2,778m²,4.05,https://www.homely.com.au/homes/84-sturt-avenue-clapham-sa-5062/12925966
12934910,2026-03-20,20/03/2026,"49 Pekina Street, Eden Hills SA 5050",Eden Hills,City of Mitcham & Foothills,Private Treaty (Bán thỏa thuận),Disclosed,1500000,"$1,500,000",3,2,4,1189m²,7.12,https://www.homely.com.au/homes/49-pekina-street-eden-hills-sa-5050/12934910
12928061,2026-03-20,20/03/2026,"32B Northgate Street, Unley Park SA 5061",Unley Park,City of Unley & Prestige South,Private Treaty (Bán thỏa thuận),Disclosed,1450000,"$1,450,000",3,2,1,529m²,2.78,https://www.homely.com.au/homes/32b-northgate-street-unley-park-sa-5061/12928061
12949927,2026-03-20,20/03/2026,"454 River Road, Mylor SA 5153",Mylor,Adelaide Hills & Tea Tree Gully Safe Enclaves,Private Treaty (Bán thỏa thuận),Disclosed,1300000,"$1,300,000",2,1,4,6800m²,14.71,https://www.homely.com.au/homes/454-river-road-mylor-sa-5153/12949927
12939650,2026-03-20,20/03/2026,"32a Barnett Avenue, St Marys SA 5042",St Marys,City of Mitcham & Foothills,Private Treaty (Bán thỏa thuận),Disclosed,1140000,"$1,140,000",4,2,1,N/A,6.81,https://www.homely.com.au/homes/32a-barnett-avenue-st-marys-sa-5042/12939650
12926495,2026-03-20,20/03/2026,"5/7-9 North Parade, Kingswood SA 5062",Kingswood,City of Mitcham & Foothills,Private Treaty (Bán thỏa thuận),Disclosed,810000,"$810,000",2,1,1,139m²,1.95,https://www.homely.com.au/homes/5-7-9-north-parade-kingswood-sa-5062/12926495
12964754,2026-03-20,20/03/2026,"2/338 Military Road, Semaphore Park SA 5019",Semaphore Park,Western Coastal Corridors,Private Treaty (Bán thỏa thuận),Disclosed,715000,"$715,000",2,1,2,N/A,17.73,https://www.homely.com.au/homes/2-338-military-road-semaphore-park-sa-5019/12964754
12960954,2026-03-20,20/03/2026,"17 Barr-Smith Street, Tusmore SA 5065",Tusmore,City of Burnside & Core East,Private Treaty (Bán thỏa thuận),Undisclosed,,Price Undisclosed,4,3,2,N/A,3.05,https://www.homely.com.au/homes/17-barr-smith-street-tusmore-sa-5065/12960954
12877437,2026-03-20,20/03/2026,"17 Tennyson Drive, Beaumont SA 5066",Beaumont,City of Burnside & Core East,Private Treaty (Bán thỏa thuận),Undisclosed,,Price Undisclosed,3,1,2,1344m²,3.12,https://www.homely.com.au/homes/17-tennyson-drive-beaumont-sa-5066/12877437
12962626,2026-03-20,20/03/2026,"10 The Walk, Coromandel Valley SA 5051",Coromandel Valley,City of Mitcham & Foothills,Private Treaty (Bán thỏa thuận),Undisclosed,,Price Undisclosed,2,1,2,422m²,9.16,https://www.homely.com.au/homes/10-the-walk-coromandel-valley-sa-5051/12962626
12877495,2026-03-20,20/03/2026,"14 Boronia Avenue, Coromandel Valley SA 5051",Coromandel Valley,City of Mitcham & Foothills,Private Treaty (Bán thỏa thuận),Undisclosed,,Price Undisclosed,4,2,3,1220m²,9.16,https://www.homely.com.au/homes/14-boronia-avenue-coromandel-valley-sa-5051/12877495
12959103,2026-03-20,20/03/2026,"10 Green Street, St Morris SA 5068",St Morris,"Norwood, Campbelltown & North-East Core",Private Treaty (Bán thỏa thuận),Undisclosed,,Price Undisclosed,3,1,3,493m²,4.78,https://www.homely.com.au/homes/10-green-street-st-morris-sa-5068/12959103
12834356,2026-03-19,19/03/2026,"14 Prelate Court, Wynn Vale SA 5127",Wynn Vale,Adelaide Hills & Tea Tree Gully Safe Enclaves,Private Treaty (Bán thỏa thuận),Disclosed,1200000,"$1,200,000",5,3,2,707m²,18.49,https://www.homely.com.au/homes/14-prelate-court-wynn-vale-sa-5127/12834356
12891779,2026-03-19,19/03/2026,"305/5 Harriet Lucy Drive, Glenside SA 5065",Glenside,City of Burnside & Core East,Private Treaty (Bán thỏa thuận),Disclosed,1090000,"$1,090,000",2,2,1,N/A,2.06,https://www.homely.com.au/homes/305-5-harriet-lucy-drive-glenside-sa-5065/12891779
12828525,2026-03-19,19/03/2026,"3/94 Cross Road, Highgate SA 5063",Highgate,City of Unley & Prestige South,Private Treaty (Bán thỏa thuận),Disclosed,1060000,"$1,060,000",3,2,2,N/A,0.84,https://www.homely.com.au/homes/3-94-cross-road-highgate-sa-5063/12828525
12801268,2026-03-19,19/03/2026,"46a Bevington Road, Glenunga SA 5064",Glenunga,City of Burnside & Core East,Private Treaty (Bán thỏa thuận),Undisclosed,,Price Undisclosed,5,4,4,1022m²,1.24,https://www.homely.com.au/homes/46a-bevington-road-glenunga-sa-5064/12801268
12957845,2026-03-18,18/03/2026,"43 Richmond Avenue, Colonel Light Gardens SA 5041",Colonel Light Gardens,City of Mitcham & Foothills,Private Treaty (Bán thỏa thuận),Disclosed,1740000,"$1,740,000",3,2,4,702m²,4.41,https://www.homely.com.au/homes/43-richmond-avenue-colonel-light-gardens-sa-5/12957845
12778961,2026-03-18,18/03/2026,"32 Quandong Street, North Brighton SA 5048",North Brighton,Western Coastal Corridors,Private Treaty (Bán thỏa thuận),Disclosed,1650000,"$1,650,000",4,2,4,834m²,12.37,https://www.homely.com.au/homes/32-quandong-street-north-brighton-sa-5048/12778961
12871354,2026-03-18,18/03/2026,"17 Dryandra Drive, Belair SA 5052",Belair,City of Mitcham & Foothills,Private Treaty (Bán thỏa thuận),Disclosed,1085000,"$1,085,000",3,1,4,1419m²,4.42,https://www.homely.com.au/homes/17-dryandra-drive-belair-sa-5052/12871354
12936459,2026-03-18,18/03/2026,"28/100 Rose Terrace, Wayville SA 5034",Wayville,City of Unley & Prestige South,Private Treaty (Bán thỏa thuận),Disclosed,658000,"$658,000",2,1,1,N/A,4.45,https://www.homely.com.au/homes/28-100-rose-terrace-wayville-sa-5034/12936459
12922535,2026-03-18,18/03/2026,"598A Greenhill Road, Burnside SA 5066",Burnside,City of Burnside & Core East,Private Treaty (Bán thỏa thuận),Undisclosed,,Price Undisclosed,3,2,2,371m²,3.83,https://www.homely.com.au/homes/598a-greenhill-road-burnside-sa-5066/12922535
12960160,2026-03-18,18/03/2026,"32 Purnana Avenue, St Georges SA 5064",St Georges,City of Burnside & Core East,Private Treaty (Bán thỏa thuận),Undisclosed,,Price Undisclosed,5,3,2,1818m²,1.58,https://www.homely.com.au/homes/32-purnana-avenue-st-georges-sa-5064/12960160
12969089,2026-03-18,18/03/2026,"95 Allinga Avenue, Glenunga SA 5064",Glenunga,City of Burnside & Core East,Private Treaty (Bán thỏa thuận),Undisclosed,,Price Undisclosed,4,2,2,696m²,1.24,https://www.homely.com.au/homes/95-allinga-avenue-glenunga-sa-5064/12969089
12934664,2026-03-18,18/03/2026,"4 Salop Street, Beulah Park SA 5067",Beulah Park,City of Burnside & Core East,Private Treaty (Bán thỏa thuận),Undisclosed,,Price Undisclosed,3,2,2,422m²,4.39,https://www.homely.com.au/homes/4-salop-street-beulah-park-sa-5067/12934664
12617155,2026-03-18,18/03/2026,"67 Sheffield Street, Malvern SA 5061",Malvern,City of Unley & Prestige South,Private Treaty (Bán thỏa thuận),Undisclosed,,Price Undisclosed,4,2,1,650m²,2.2,https://www.homely.com.au/homes/67-sheffield-street-malvern-sa-5061/12617155
12933515,2026-03-18,18/03/2026,"26 Raleigh Avenue, Flinders Park SA 5025",Flinders Park,Western Coastal Corridors,Private Treaty (Bán thỏa thuận),Undisclosed,,Price Undisclosed,3,1,5,804m²,8.61,https://www.homely.com.au/homes/26-raleigh-avenue-flinders-park-sa-5025/12933515
12889767,2026-03-17,17/03/2026,"6A Kitchener Avenue, Dulwich SA 5065",Dulwich,City of Burnside & Core East,Private Treaty (Bán thỏa thuận),Disclosed,1850000,"$1,850,000",4,2,2,447m²,2.62,https://www.homely.com.au/homes/6a-kitchener-avenue-dulwich-sa-5065/12889767
12913064,2026-03-17,17/03/2026,"5/3 Union Street, Beulah Park SA 5067",Beulah Park,City of Burnside & Core East,Private Treaty (Bán thỏa thuận),Disclosed,1450000,"$1,450,000",3,2,2,N/A,4.39,https://www.homely.com.au/homes/5-3-union-street-beulah-park-sa-5067/12913064
12883355,2026-03-17,17/03/2026,"39 Hillsdale Avenue, Coromandel Valley SA 5051",Coromandel Valley,City of Mitcham & Foothills,Private Treaty (Bán thỏa thuận),Disclosed,1220000,"$1,220,000",5,3,2,670m²,9.16,https://www.homely.com.au/homes/39-hillsdale-avenue-coromandel-valley-sa-5051/12883355
12930818,2026-03-17,17/03/2026,"1 / 4 Recreation Parade, Semaphore Park SA 5019",Semaphore Park,Western Coastal Corridors,Private Treaty (Bán thỏa thuận),Disclosed,780000,"$780,000",2,1,1,186m²,17.73,https://www.homely.com.au/homes/1---4-recreation-parade-semaphore-park-sa-501/12930818
12929486,2026-03-17,17/03/2026,"6/20 Freeman Avenue, Tranmere SA 5073",Tranmere,"Norwood, Campbelltown & North-East Core",Private Treaty (Bán thỏa thuận),Disclosed,590000,"$590,000",2,1,1,N/A,5.78,https://www.homely.com.au/homes/6-20-freeman-avenue-tranmere-sa-5073/12929486
12893949,2026-03-17,17/03/2026,"4 Collingwood Avenue, Hazelwood Park SA 5066",Hazelwood Park,City of Burnside & Core East,Private Treaty (Bán thỏa thuận),Undisclosed,,Price Undisclosed,5,2,3,715m²,3.55,https://www.homely.com.au/homes/4-collingwood-avenue-hazelwood-park-sa-5066/12893949
12931215,2026-03-17,17/03/2026,"60A John Street, Payneham SA 5070",Payneham,"Norwood, Campbelltown & North-East Core",Private Treaty (Bán thỏa thuận),Undisclosed,,Price Undisclosed,4,3,2,421m²,6.41,https://www.homely.com.au/homes/60a-john-street-payneham-sa-5070/12931215
12958152,2026-03-17,17/03/2026,"20 Farrell Street, Glenelg South SA 5045",Glenelg South,Western Coastal Corridors,Private Treaty (Bán thỏa thuận),Undisclosed,,Price Undisclosed,5,3,3,1766m²,11.01,https://www.homely.com.au/homes/20-farrell-street-glenelg-south-sa-5045/12958152
12912885,2026-03-16,16/03/2026,"16 Duncan Street, Lockleys SA 5032",Lockleys,Western Coastal Corridors,Private Treaty (Bán thỏa thuận),Disclosed,1570000,"$1,570,000",3,1,4,972m²,8.8,https://www.homely.com.au/homes/16-duncan-street-lockleys-sa-5032/12912885
12910233,2026-03-16,16/03/2026,"8 Scott Street, Firle SA 5070",Firle,"Norwood, Campbelltown & North-East Core",Private Treaty (Bán thỏa thuận),Disclosed,1518000,"$1,518,000",4,3,2,N/A,5.69,https://www.homely.com.au/homes/8-scott-street-firle-sa-5070/12910233
12805235,2026-03-16,16/03/2026,"46E Cedar Avenue, Brighton SA 5048",Brighton,Western Coastal Corridors,Private Treaty (Bán thỏa thuận),Disclosed,1255000,"$1,255,000",3,2,2,177m²,12.37,https://www.homely.com.au/homes/46e-cedar-avenue-brighton-sa-5048/12805235
12910303,2026-03-16,16/03/2026,"26 Ackland Hill Road, Coromandel Valley SA 5051",Coromandel Valley,City of Mitcham & Foothills,Private Treaty (Bán thỏa thuận),Disclosed,1238001,"$1,238,001",4,2,5,800m²,9.16,https://www.homely.com.au/homes/26-ackland-hill-road-coromandel-valley-sa-505/12910303
12913285,2026-03-16,16/03/2026,"12D Sherriff Street, Underdale SA 5032",Underdale,Western Coastal Corridors,Private Treaty (Bán thỏa thuận),Disclosed,960000,"$960,000",3,2,1,228m²,7.65,https://www.homely.com.au/homes/12d-sherriff-street-underdale-sa-5032/12913285
12958783,2026-03-16,16/03/2026,"14 Zinfandel Avenue, Wynn Vale SA 5127",Wynn Vale,Adelaide Hills & Tea Tree Gully Safe Enclaves,Private Treaty (Bán thỏa thuận),Disclosed,920000,"$920,000",3,1,1,560m²,18.49,https://www.homely.com.au/homes/14-zinfandel-avenue-wynn-vale-sa-5127/12958783
12697784,2026-03-16,16/03/2026,"7/100 Rose Terrace, Wayville SA 5034",Wayville,City of Unley & Prestige South,Private Treaty (Bán thỏa thuận),Disclosed,900000,"$900,000",3,2,2,N/A,4.45,https://www.homely.com.au/homes/7-100-rose-terrace-wayville-sa-5034/12697784
12934538,2026-03-16,16/03/2026,"594B Brighton Road, South Brighton SA 5048",South Brighton,Western Coastal Corridors,Private Treaty (Bán thỏa thuận),Disclosed,802000,"$802,000",2,1,2,124m²,12.37,https://www.homely.com.au/homes/594b-brighton-road-south-brighton-sa-5048/12934538
12930367,2026-03-16,16/03/2026,"2/18 Battams Road, Marden SA 5070",Marden,"Norwood, Campbelltown & North-East Core",Private Treaty (Bán thỏa thuận),Disclosed,655000,"$655,000",2,1,1,N/A,6.4,https://www.homely.com.au/homes/2-18-battams-road-marden-sa-5070/12930367
12680982,2026-03-16,16/03/2026,"LOT 1, 1 Gemmell Street, Brighton SA 5048",Brighton,Western Coastal Corridors,Private Treaty (Bán thỏa thuận),Disclosed,645000,"$645,000",3,1,1,373m²,12.37,https://www.homely.com.au/homes/lot-1-1-gemmell-street-brighton-sa-5048/12680982
12684366,2026-03-16,16/03/2026,"64A Price Avenue, Lower Mitcham SA 5062",Lower Mitcham,City of Mitcham & Foothills,Private Treaty (Bán thỏa thuận),Undisclosed,,Price Undisclosed,3,1,2,730m²,2.68,https://www.homely.com.au/homes/64a-price-avenue-lower-mitcham-sa-5062/12684366
12891785,2026-03-16,16/03/2026,"18A Merriton Avenue, St Marys SA 5042",St Marys,City of Mitcham & Foothills,Private Treaty (Bán thỏa thuận),Undisclosed,,Price Undisclosed,3,2,2,410m²,6.81,https://www.homely.com.au/homes/18a-merriton-avenue-st-marys-sa-5042/12891785
12777360,2026-03-16,16/03/2026,"7 Allen Avenue, Glynde SA 5070",Glynde,"Norwood, Campbelltown & North-East Core",Private Treaty (Bán thỏa thuận),Undisclosed,,Price Undisclosed,3,2,2,374m²,6.67,https://www.homely.com.au/homes/7-allen-avenue-glynde-sa-5070/12777360
12891943,2026-03-16,16/03/2026,"4 Willingale Avenue, Lockleys SA 5032",Lockleys,Western Coastal Corridors,Private Treaty (Bán thỏa thuận),Undisclosed,,Price Undisclosed,4,2,3,920m²,8.8,https://www.homely.com.au/homes/4-willingale-avenue-lockleys-sa-5032/12891943
12912962,2026-03-15,15/03/2026,"45 Edmund Avenue, Unley SA 5061",Unley,City of Unley & Prestige South,Private Treaty (Bán thỏa thuận),Disclosed,2820000,"$2,820,000",3,1,2,817m²,2.78,https://www.homely.com.au/homes/45-edmund-avenue-unley-sa-5061/12912962
12910936,2026-03-14,14/03/2026,"40 Highfield Avenue, St Georges SA 5064",St Georges,City of Burnside & Core East,Private Treaty (Bán thỏa thuận),Disclosed,2108000,"$2,108,000",3,2,2,975m²,1.58,https://www.homely.com.au/homes/40-highfield-avenue-st-georges-sa-5064/12910936
12907151,2026-03-14,14/03/2026,"7 First Avenue, Semaphore Park SA 5019",Semaphore Park,Western Coastal Corridors,Private Treaty (Bán thỏa thuận),Disclosed,1610000,"$1,610,000",5,2,6,846m²,17.73,https://www.homely.com.au/homes/7-first-avenue-semaphore-park-sa-5019/12907151
12907827,2026-03-14,14/03/2026,"45 First Avenue, Payneham South SA 5070",Payneham South,"Norwood, Campbelltown & North-East Core",Private Treaty (Bán thỏa thuận),Undisclosed,,Price Undisclosed,4,2,3,734m²,6.41,https://www.homely.com.au/homes/45-first-avenue-payneham-south-sa-5070/12907827
12912087,2026-03-14,14/03/2026,"41 Davenport Street, Banksia Park SA 5091",Banksia Park,Adelaide Hills & Tea Tree Gully Safe Enclaves,Private Treaty (Bán thỏa thuận),Undisclosed,,Price Undisclosed,3,2,1,730m²,18.32,https://www.homely.com.au/homes/41-davenport-street-banksia-park-sa-5091/12912087
12912506,2026-03-13,13/03/2026,"41 Myrtle Road, Seacliff SA 5049",Seacliff,Western Coastal Corridors,Private Treaty (Bán thỏa thuận),Disclosed,1900000,"$1,900,000",3,2,2,N/A,13.63,https://www.homely.com.au/homes/41-myrtle-road-seacliff-sa-5049/12912506
12906215,2026-03-13,13/03/2026,"1/1-3 Farah Place, Cumberland Park SA 5041",Cumberland Park,City of Mitcham & Foothills,Private Treaty (Bán thỏa thuận),Disclosed,925000,"$925,000",2,1,1,N/A,4.27,https://www.homely.com.au/homes/1-1-3-farah-place-cumberland-park-sa-5041/12906215
12940123,2026-03-13,13/03/2026,"7/22 Park Street, Hyde Park SA 5061",Hyde Park,City of Unley & Prestige South,Private Treaty (Bán thỏa thuận),Disclosed,838000,"$838,000",2,1,1,N/A,3.2,https://www.homely.com.au/homes/7-22-park-street-hyde-park-sa-5061/12940123
12933398,2026-03-13,13/03/2026,"41 Kingfisher Drive, Semaphore Park SA 5019",Semaphore Park,Western Coastal Corridors,Private Treaty (Bán thỏa thuận),Disclosed,807500,"$807,500",3,1,4,484m²,17.73,https://www.homely.com.au/homes/41-kingfisher-drive-semaphore-park-sa-5019/12933398
12791734,2026-03-13,13/03/2026,"27 Hood Street, Linden Park SA 5065",Linden Park,City of Burnside & Core East,Private Treaty (Bán thỏa thuận),Undisclosed,,Price Undisclosed,5,3,4,360m²,2.36,https://www.homely.com.au/homes/27-hood-street-linden-park-sa-5065/12791734
12874823,2026-03-13,13/03/2026,"37 Narinna Avenue, Cumberland Park SA 5041",Cumberland Park,City of Mitcham & Foothills,Private Treaty (Bán thỏa thuận),Undisclosed,,Price Undisclosed,4,2,2,710m²,4.27,https://www.homely.com.au/homes/37-narinna-avenue-cumberland-park-sa-5041/12874823
12884549,2026-03-13,13/03/2026,"452 Belair Road, Belair SA 5052",Belair,City of Mitcham & Foothills,Private Treaty (Bán thỏa thuận),Undisclosed,,Price Undisclosed,6,4,6,1422m²,4.42,https://www.homely.com.au/homes/452-belair-road-belair-sa-5052/12884549
12907315,2026-03-13,13/03/2026,"46 Smokes Hill Road, Summertown SA 5141",Summertown,Adelaide Hills & Tea Tree Gully Safe Enclaves,Private Treaty (Bán thỏa thuận),Undisclosed,,Price Undisclosed,4,2,5,16710m²,9.25,https://www.homely.com.au/homes/46-smokes-hill-road-summertown-sa-5141/12907315
12824157,2026-03-12,12/03/2026,"6 Talbot Street, Erindale SA 5066",Erindale,City of Burnside & Core East,Private Treaty (Bán thỏa thuận),Disclosed,2390000,"$2,390,000",4,2,2,720m²,4.21,https://www.homely.com.au/homes/6-talbot-street-erindale-sa-5066/12824157
12891388,2026-03-12,12/03/2026,"101B Eighth Avenue, St Peters SA 5069",St Peters,"Norwood, Campbelltown & North-East Core",Private Treaty (Bán thỏa thuận),Disclosed,2350000,"$2,350,000",4,2,2,507m²,5.12,https://www.homely.com.au/homes/101b-eighth-avenue-st-peters-sa-5069/12891388
12791915,2026-03-12,12/03/2026,"62 Malvern Avenue, Malvern SA 5061",Malvern,City of Unley & Prestige South,Private Treaty (Bán thỏa thuận),Disclosed,1995000,"$1,995,000",4,2,2,298m²,2.2,https://www.homely.com.au/homes/62-malvern-avenue-malvern-sa-5061/12791915
12933165,2026-03-12,12/03/2026,"14 Sycamore Crescent, Hawthorndene SA 5051",Hawthorndene,City of Mitcham & Foothills,Private Treaty (Bán thỏa thuận),Disclosed,1850000,"$1,850,000",5,2,4,1725m²,2.99,https://www.homely.com.au/homes/14-sycamore-crescent-hawthorndene-sa-5051/12933165
12912836,2026-03-12,12/03/2026,"11 Weller Street, Goodwood SA 5034",Goodwood,City of Unley & Prestige South,Private Treaty (Bán thỏa thuận),Disclosed,1355000,"$1,355,000",2,1,2,263m²,4.14,https://www.homely.com.au/homes/11-weller-street-goodwood-sa-5034/12912836
12872456,2026-03-12,12/03/2026,"48 Byron Road, Black Forest SA 5035",Black Forest,City of Unley & Prestige South,Private Treaty (Bán thỏa thuận),Disclosed,1070750,"$1,070,750",3,1,1,N/A,5.38,https://www.homely.com.au/homes/48-byron-road-black-forest-sa-5035/12872456
12935995,2026-03-12,12/03/2026,"4/39 Jetty Road, Brighton SA 5048",Brighton,Western Coastal Corridors,Private Treaty (Bán thỏa thuận),Disclosed,960000,"$960,000",2,1,1,N/A,12.37,https://www.homely.com.au/homes/4-39-jetty-road-brighton-sa-5048/12935995
12913765,2026-03-12,12/03/2026,"17 Baldwin Court, Wynn Vale SA 5127",Wynn Vale,Adelaide Hills & Tea Tree Gully Safe Enclaves,Private Treaty (Bán thỏa thuận),Disclosed,870000,"$870,000",3,1,2,448m²,18.49,https://www.homely.com.au/homes/17-baldwin-court-wynn-vale-sa-5127/12913765
12885565,2026-03-12,12/03/2026,"17 Broadmore Avenue, Fulham SA 5024",Fulham,Western Coastal Corridors,Private Treaty (Bán thỏa thuận),Undisclosed,,Price Undisclosed,5,3,9,800m²,10.46,https://www.homely.com.au/homes/17-broadmore-avenue-fulham-sa-5024/12885565
12940124,2026-03-12,12/03/2026,"29 Railway Avenue, Bridgewater SA 5155",Bridgewater,Adelaide Hills & Tea Tree Gully Safe Enclaves,Private Treaty (Bán thỏa thuận),Undisclosed,,Price Undisclosed,3,1,1,1240m²,13.23,https://www.homely.com.au/homes/29-railway-avenue-bridgewater-sa-5155/12940124
12776932,2026-03-12,12/03/2026,"24 Glenside Road, Crafers SA 5152",Crafers,Adelaide Hills & Tea Tree Gully Safe Enclaves,Private Treaty (Bán thỏa thuận),Undisclosed,,Price Undisclosed,5,3,7,2004m²,7.71,https://www.homely.com.au/homes/24-glenside-road-crafers-sa-5152/12776932
12846147,2026-03-11,11/03/2026,"70 Cross Road, Myrtle Bank SA 5064",Myrtle Bank,City of Burnside & Core East,Private Treaty (Bán thỏa thuận),Disclosed,1685000,"$1,685,000",5,2,2,964m²,0.09,https://www.homely.com.au/homes/70-cross-road-myrtle-bank-sa-5064/12846147
12893501,2026-03-11,11/03/2026,"5 Scroop Road, Hawthorndene SA 5051",Hawthorndene,City of Mitcham & Foothills,Private Treaty (Bán thỏa thuận),Disclosed,1550000,"$1,550,000",5,3,1,1000m²,2.99,https://www.homely.com.au/homes/5-scroop-road-hawthorndene-sa-5051/12893501
12939229,2026-03-11,11/03/2026,"31B Drake Avenue, Flinders Park SA 5025",Flinders Park,Western Coastal Corridors,Private Treaty (Bán thỏa thuận),Disclosed,1300000,"$1,300,000",3,3,4,270m²,8.61,https://www.homely.com.au/homes/31b-drake-avenue-flinders-park-sa-5025/12939229
12889638,2026-03-11,11/03/2026,"3/38 Kensington Road, Rose Park SA 5067",Rose Park,City of Burnside & Core East,Private Treaty (Bán thỏa thuận),Disclosed,1266500,"$1,266,500",3,1,2,N/A,3.37,https://www.homely.com.au/homes/3-38-kensington-road-rose-park-sa-5067/12889638
12913284,2026-03-11,11/03/2026,"10A Sherriff Street, Underdale SA 5032",Underdale,Western Coastal Corridors,Private Treaty (Bán thỏa thuận),Disclosed,1078888,"$1,078,888",3,2,2,308m²,7.65,https://www.homely.com.au/homes/10a-sherriff-street-underdale-sa-5032/12913284
12878207,2026-03-11,11/03/2026,"3/11 Davenport Terrace, Wayville SA 5034",Wayville,City of Unley & Prestige South,Private Treaty (Bán thỏa thuận),Disclosed,936000,"$936,000",2,1,2,N/A,4.45,https://www.homely.com.au/homes/3-11-davenport-terrace-wayville-sa-5034/12878207
12908441,2026-03-11,11/03/2026,"1/21 Hardy Street, Goodwood SA 5034",Goodwood,City of Unley & Prestige South,Private Treaty (Bán thỏa thuận),Disclosed,825000,"$825,000",1,1,1,N/A,4.14,https://www.homely.com.au/homes/1-21-hardy-street-goodwood-sa-5034/12908441
12849423,2026-03-11,11/03/2026,"4/90 Brighton Road, Glenelg East SA 5045",Glenelg East,Western Coastal Corridors,Private Treaty (Bán thỏa thuận),Disclosed,715000,"$715,000",2,1,2,300m²,11.01,https://www.homely.com.au/homes/4-90-brighton-road-glenelg-east-sa-5045/12849423
12662964,2026-03-11,11/03/2026,"74 Stanley Street, Erindale SA 5066",Erindale,City of Burnside & Core East,Private Treaty (Bán thỏa thuận),Undisclosed,,Price Undisclosed,4,3,4,1117m²,4.21,https://www.homely.com.au/homes/74-stanley-street-erindale-sa-5066/12662964
12892437,2026-03-11,11/03/2026,"186E Upper Sturt Road, Hawthorndene SA 5051",Hawthorndene,City of Mitcham & Foothills,Private Treaty (Bán thỏa thuận),Undisclosed,,Price Undisclosed,4,2,4,518m²,2.99,https://www.homely.com.au/homes/186e-upper-sturt-road-hawthorndene-sa-5051/12892437
12885889,2026-03-10,10/03/2026,"12B Blairgowrie Road, St Georges SA 5064",St Georges,City of Burnside & Core East,Private Treaty (Bán thỏa thuận),Disclosed,2940000,"$2,940,000",4,2,2,550m²,1.58,https://www.homely.com.au/homes/12b-blairgowrie-road-st-georges-sa-5064/12885889
12912890,2026-03-10,10/03/2026,"39 Grady Way, Grange SA 5022",Grange,Western Coastal Corridors,Private Treaty (Bán thỏa thuận),Disclosed,1400000,"$1,400,000",4,2,2,391m²,13.92,https://www.homely.com.au/homes/39-grady-way-grange-sa-5022/12912890
12901377,2026-03-10,10/03/2026,"1 Heath Court, Felixstow SA 5070",Felixstow,"Norwood, Campbelltown & North-East Core",Private Treaty (Bán thỏa thuận),Disclosed,1150000,"$1,150,000",4,2,2,N/A,6.96,https://www.homely.com.au/homes/1-heath-court-felixstow-sa-5070/12901377
12913182,2026-03-10,10/03/2026,"12A Sherriff Street, Underdale SA 5032",Underdale,Western Coastal Corridors,Private Treaty (Bán thỏa thuận),Disclosed,1089000,"$1,089,000",4,2,2,285m²,7.65,https://www.homely.com.au/homes/12a-sherriff-street-underdale-sa-5032/12913182
12875846,2026-03-10,10/03/2026,"21 Salter Street, Kensington SA 5068",Kensington,"Norwood, Campbelltown & North-East Core",Private Treaty (Bán thỏa thuận),Disclosed,1010000,"$1,010,000",3,1,1,357m²,4.96,https://www.homely.com.au/homes/21-salter-street-kensington-sa-5068/12875846
12914250,2026-03-10,10/03/2026,"1/3 Sandford Street, Kensington Gardens SA 5068",Kensington Gardens,City of Burnside & Core East,Private Treaty (Bán thỏa thuận),Disclosed,812000,"$812,000",2,1,1,N/A,4.96,https://www.homely.com.au/homes/1-3-sandford-street-kensington-gardens-sa-506/12914250
12888174,2026-03-10,10/03/2026,"12/2 Warwick Avenue, Toorak Gardens SA 5065",Toorak Gardens,City of Burnside & Core East,Private Treaty (Bán thỏa thuận),Disclosed,610000,"$610,000",1,1,1,N/A,2.68,https://www.homely.com.au/homes/12-2-warwick-avenue-toorak-gardens-sa-5065/12888174
12891771,2026-03-10,10/03/2026,"438 Kensington Road, Wattle Park SA 5066",Wattle Park,City of Burnside & Core East,Private Treaty (Bán thỏa thuận),Undisclosed,,Price Undisclosed,8,5,2,880m²,4.97,https://www.homely.com.au/homes/438-kensington-road-wattle-park-sa-5066/12891771
12848991,2026-03-10,10/03/2026,"12 Wahroonga Ave, Wattle Park SA 5066",Wattle Park,City of Burnside & Core East,Private Treaty (Bán thỏa thuận),Undisclosed,,Price Undisclosed,5,3,4,1102m²,4.97,https://www.homely.com.au/homes/12-wahroonga-ave-wattle-park-sa-5066/12848991
12930613,2026-03-10,10/03/2026,"30a Roberts Street, Unley SA 5061",Unley,City of Unley & Prestige South,Private Treaty (Bán thỏa thuận),Undisclosed,,Price Undisclosed,3,2,2,378m²,2.78,https://www.homely.com.au/homes/30a-roberts-street-unley-sa-5061/12930613
12905702,2026-03-10,10/03/2026,"6 Columbia Avenue, Clapham SA 5062",Clapham,City of Mitcham & Foothills,Private Treaty (Bán thỏa thuận),Undisclosed,,Price Undisclosed,4,1,2,710m²,4.05,https://www.homely.com.au/homes/6-columbia-avenue-clapham-sa-5062/12905702
12898321,2026-03-10,10/03/2026,"29A Edward Street, Blackwood SA 5051",Blackwood,City of Mitcham & Foothills,Private Treaty (Bán thỏa thuận),Undisclosed,,Price Undisclosed,4,2,2,1055m²,7.07,https://www.homely.com.au/homes/29a-edward-street-blackwood-sa-5051/12898321
12892248,2026-03-09,09/03/2026,"2/55 Le Hunte Street, Wayville SA 5034",Wayville,City of Unley & Prestige South,Private Treaty (Bán thỏa thuận),Disclosed,970000,"$970,000",3,1,2,N/A,4.45,https://www.homely.com.au/homes/2-55-le-hunte-street-wayville-sa-5034/12892248
12886496,2026-03-09,09/03/2026,"Unit 4/21 Beatty Street, Linden Park SA 5065",Linden Park,City of Burnside & Core East,Private Treaty (Bán thỏa thuận),Disclosed,770000,"$770,000",2,1,1,N/A,2.36,https://www.homely.com.au/homes/unit-4-21-beatty-street-linden-park-sa-5065/12886496
12868327,2026-03-09,09/03/2026,"19 Margaret Avenue, Glenalta SA 5052",Glenalta,City of Mitcham & Foothills,Private Treaty (Bán thỏa thuận),Undisclosed,,Price Undisclosed,3,1,1,735m²,5.9,https://www.homely.com.au/homes/19-margaret-avenue-glenalta-sa-5052/12868327
12883683,2026-03-09,09/03/2026,"86 Whiting Road, St Agnes SA 5097",St Agnes,Adelaide Hills & Tea Tree Gully Safe Enclaves,Private Treaty (Bán thỏa thuận),Undisclosed,,Price Undisclosed,4,3,2,1224m²,15.94,https://www.homely.com.au/homes/86-whiting-road-st-agnes-sa-5097/12883683
12891257,2026-03-07,07/03/2026,"15 Bevington Road, Glenunga SA 5064",Glenunga,City of Burnside & Core East,Private Treaty (Bán thỏa thuận),Disclosed,1860000,"$1,860,000",4,2,2,494m²,1.24,https://www.homely.com.au/homes/15-bevington-road-glenunga-sa-5064/12891257
12891256,2026-03-07,07/03/2026,"3 Devon Street, South Brighton SA 5048",South Brighton,Western Coastal Corridors,Private Treaty (Bán thỏa thuận),Disclosed,1790000,"$1,790,000",3,1,2,806m²,12.37,https://www.homely.com.au/homes/3-devon-street-south-brighton-sa-5048/12891256
12863370,2026-03-07,07/03/2026,"24 Comley Street, Brighton SA 5048",Brighton,Western Coastal Corridors,Private Treaty (Bán thỏa thuận),Disclosed,1400000,"$1,400,000",3,2,2,407m²,12.37,https://www.homely.com.au/homes/24-comley-street-brighton-sa-5048/12863370
12879079,2026-03-07,07/03/2026,"1/563 Glynburn Road, Hazelwood Park SA 5066",Hazelwood Park,City of Burnside & Core East,Private Treaty (Bán thỏa thuận),Undisclosed,,Price Undisclosed,2,1,1,290m²,3.55,https://www.homely.com.au/homes/1-563-glynburn-road-hazelwood-park-sa-5066/12879079
12878863,2026-03-07,07/03/2026,"17A Brigalow Avenue, Kensington Gardens SA 5068",Kensington Gardens,City of Burnside & Core East,Private Treaty (Bán thỏa thuận),Undisclosed,,Price Undisclosed,3,2,2,470m²,4.96,https://www.homely.com.au/homes/17a-brigalow-avenue-kensington-gardens-sa-506/12878863
12891658,2026-03-07,07/03/2026,"62 Barnes Road, Glynde SA 5070",Glynde,"Norwood, Campbelltown & North-East Core",Private Treaty (Bán thỏa thuận),Undisclosed,,Price Undisclosed,3,1,2,719m²,6.67,https://www.homely.com.au/homes/62-barnes-road-glynde-sa-5070/12891658
12535926,2026-03-06,06/03/2026,"22B Cooper Place, Beaumont SA 5066",Beaumont,City of Burnside & Core East,Private Treaty (Bán thỏa thuận),Disclosed,2300000,"$2,300,000",4,3,4,N/A,3.12,https://www.homely.com.au/homes/22b-cooper-place-beaumont-sa-5066/12535926
12869221,2026-03-06,06/03/2026,"19 West Street, Mylor SA 5153",Mylor,Adelaide Hills & Tea Tree Gully Safe Enclaves,Private Treaty (Bán thỏa thuận),Disclosed,1300000,"$1,300,000",3,2,2,1010m²,14.71,https://www.homely.com.au/homes/19-west-street-mylor-sa-5153/12869221
12920044,2026-03-06,06/03/2026,"25 Lewis Street, South Brighton SA 5048",South Brighton,Western Coastal Corridors,Private Treaty (Bán thỏa thuận),Disclosed,1200000,"$1,200,000",3,2,1,315m²,12.37,https://www.homely.com.au/homes/25-lewis-street-south-brighton-sa-5048/12920044
12885003,2026-03-06,06/03/2026,"114 Buchanan Drive, Woodforde SA 5072",Woodforde,Adelaide Hills & Tea Tree Gully Safe Enclaves,Private Treaty (Bán thỏa thuận),Disclosed,980000,"$980,000",3,2,2,214m²,8.35,https://www.homely.com.au/homes/114-buchanan-drive-woodforde-sa-5072/12885003
12879691,2026-03-06,06/03/2026,"3/58 East Terrace, Kensington Gardens SA 5068",Kensington Gardens,City of Burnside & Core East,Private Treaty (Bán thỏa thuận),Disclosed,822000,"$822,000",2,1,1,191m²,4.96,https://www.homely.com.au/homes/3-58-east-terrace-kensington-gardens-sa-5068/12879691
12909493,2026-03-06,06/03/2026,"7/37 Eve Road, Bellevue Heights SA 5050",Bellevue Heights,City of Mitcham & Foothills,Private Treaty (Bán thỏa thuận),Disclosed,777000,"$777,000",3,1,1,N/A,8.79,https://www.homely.com.au/homes/7-37-eve-road-bellevue-heights-sa-5050/12909493
12877061,2026-03-06,06/03/2026,"17A Ashbourne Ave, Kingswood SA 5062",Kingswood,City of Mitcham & Foothills,Private Treaty (Bán thỏa thuận),Undisclosed,,Price Undisclosed,3,2,1,376m²,1.95,https://www.homely.com.au/homes/17a-ashbourne-ave-kingswood-sa-5062/12877061
12892109,2026-03-06,06/03/2026,"13 Botanic Street, Hackney SA 5069",Hackney,"Norwood, Campbelltown & North-East Core",Private Treaty (Bán thỏa thuận),Undisclosed,,Price Undisclosed,3,1,2,N/A,5.02,https://www.homely.com.au/homes/13-botanic-street-hackney-sa-5069/12892109
12845815,2026-03-05,05/03/2026,"3 Cheltenham Street, Highgate SA 5063",Highgate,City of Unley & Prestige South,Private Treaty (Bán thỏa thuận),Disclosed,2675000,"$2,675,000",5,3,2,789m²,0.84,https://www.homely.com.au/homes/3-cheltenham-street-highgate-sa-5063/12845815
12825180,2026-03-05,05/03/2026,"21 Rosa Street, Goodwood SA 5034",Goodwood,City of Unley & Prestige South,Private Treaty (Bán thỏa thuận),Disclosed,2106000,"$2,106,000",4,2,2,570m²,4.14,https://www.homely.com.au/homes/21-rosa-street-goodwood-sa-5034/12825180
12906634,2026-03-05,05/03/2026,"1/5 Mount Barker Road, Urrbrae SA 5064",Urrbrae,City of Mitcham & Foothills,Private Treaty (Bán thỏa thuận),Disclosed,1155000,"$1,155,000",3,2,5,N/A,1.55,https://www.homely.com.au/homes/1-5-mount-barker-road-urrbrae-sa-5064/12906634
12905661,2026-03-05,05/03/2026,"29 Allendale Grove, Stonyfell SA 5066",Stonyfell,City of Burnside & Core East,Private Treaty (Bán thỏa thuận),Disclosed,1150000,"$1,150,000",3,1,3,701m²,4.88,https://www.homely.com.au/homes/29-allendale-grove-stonyfell-sa-5066/12905661
12859348,2026-03-05,05/03/2026,"6/15 Dawson Street, Fullarton SA 5063",Fullarton,City of Unley & Prestige South,Private Treaty (Bán thỏa thuận),Disclosed,880000,"$880,000",2,1,1,222m²,1.24,https://www.homely.com.au/homes/6-15-dawson-street-fullarton-sa-5063/12859348
12680983,2026-03-05,05/03/2026,"LOT 2, 1 Gemmell Street, Brighton SA 5048",Brighton,Western Coastal Corridors,Private Treaty (Bán thỏa thuận),Disclosed,724000,"$724,000",3,1,1,301m²,12.37,https://www.homely.com.au/homes/lot-2-1-gemmell-street-brighton-sa-5048/12680983
12886221,2026-03-05,05/03/2026,"19/355 Fullarton Road, Fullarton SA 5063",Fullarton,City of Unley & Prestige South,Private Treaty (Bán thỏa thuận),Disclosed,705000,"$705,000",2,2,1,N/A,1.24,https://www.homely.com.au/homes/19-355-fullarton-road-fullarton-sa-5063/12886221
12678206,2026-03-05,05/03/2026,"LOT 381, 6 Tanya Street, Surrey Downs SA 5126",Surrey Downs,Adelaide Hills & Tea Tree Gully Safe Enclaves,Private Treaty (Bán thỏa thuận),Disclosed,540000,"$540,000",3,1,1,370m²,19.29,https://www.homely.com.au/homes/lot-381-6-tanya-street-surrey-downs-sa-5126/12678206
12884130,2026-03-05,05/03/2026,"3/7 Martindale Avenue, Toorak Gardens SA 5065",Toorak Gardens,City of Burnside & Core East,Private Treaty (Bán thỏa thuận),Disclosed,512000,"$512,000",1,1,1,49m²,2.68,https://www.homely.com.au/homes/3-7-martindale-avenue-toorak-gardens-sa-5065/12884130
12885585,2026-03-05,05/03/2026,"6 Davis Road, Glynde SA 5070",Glynde,"Norwood, Campbelltown & North-East Core",Private Treaty (Bán thỏa thuận),Undisclosed,,Price Undisclosed,3,2,2,176m²,6.67,https://www.homely.com.au/homes/6-davis-road-glynde-sa-5070/12885585
12908935,2026-03-04,04/03/2026,"7 Baust Crescent, Coromandel Valley SA 5051",Coromandel Valley,City of Mitcham & Foothills,Private Treaty (Bán thỏa thuận),Disclosed,1350100,"$1,350,100",4,2,2,1341m²,9.16,https://www.homely.com.au/homes/7-baust-crescent-coromandel-valley-sa-5051/12908935
12884540,2026-03-04,04/03/2026,"3/47 Miller Street, Unley SA 5061",Unley,City of Unley & Prestige South,Private Treaty (Bán thỏa thuận),Disclosed,1056000,"$1,056,000",3,1,1,185m²,2.78,https://www.homely.com.au/homes/3-47-miller-street-unley-sa-5061/12884540
12865985,2026-03-04,04/03/2026,"2/7 Third Avenue, Glenelg East SA 5045",Glenelg East,Western Coastal Corridors,Private Treaty (Bán thỏa thuận),Disclosed,779000,"$779,000",2,1,1,170m²,11.01,https://www.homely.com.au/homes/2-7-third-avenue-glenelg-east-sa-5045/12865985
12881726,2026-03-04,04/03/2026,"15/3 Broadway, Glenelg South SA 5045",Glenelg South,Western Coastal Corridors,Private Treaty (Bán thỏa thuận),Disclosed,500000,"$500,000",1,1,1,N/A,11.01,https://www.homely.com.au/homes/15-3-broadway-glenelg-south-sa-5045/12881726
12906453,2026-03-04,04/03/2026,"10 Playford Street, Glen Osmond SA 5064",Glen Osmond,City of Burnside & Core East,Private Treaty (Bán thỏa thuận),Undisclosed,,Price Undisclosed,4,3,2,901m²,1.36,https://www.homely.com.au/homes/10-playford-street-glen-osmond-sa-5064/12906453
12908775,2026-03-04,04/03/2026,"266 Shepherds Hill Road, Eden Hills SA 5050",Eden Hills,City of Mitcham & Foothills,Private Treaty (Bán thỏa thuận),Undisclosed,,Price Undisclosed,3,1,6,861m²,7.12,https://www.homely.com.au/homes/266-shepherds-hill-road-eden-hills-sa-5050/12908775
12864746,2026-03-04,04/03/2026,"28 Bray Avenue, Semaphore Park SA 5019",Semaphore Park,Western Coastal Corridors,Private Treaty (Bán thỏa thuận),Undisclosed,,Price Undisclosed,3,1,1,956m²,17.73,https://www.homely.com.au/homes/28-bray-avenue-semaphore-park-sa-5019/12864746
12890634,2026-03-03,03/03/2026,"11/10 Settlers Hill Drive, Golden Grove SA 5125",Golden Grove,Adelaide Hills & Tea Tree Gully Safe Enclaves,Private Treaty (Bán thỏa thuận),Disclosed,900000,"$900,000",3,2,2,N/A,20.78,https://www.homely.com.au/homes/11-10-settlers-hill-drive-golden-grove-sa-512/12890634
12859156,2026-03-03,03/03/2026,"6/310-312 Military Road, Semaphore Park SA 5019",Semaphore Park,Western Coastal Corridors,Private Treaty (Bán thỏa thuận),Disclosed,722500,"$722,500",2,1,2,274m²,17.73,https://www.homely.com.au/homes/6-310-312-military-road-semaphore-park-sa-501/12859156
12917857,2026-03-03,03/03/2026,"39 Northumberland Street, Tusmore SA 5065",Tusmore,City of Burnside & Core East,Private Treaty (Bán thỏa thuận),Undisclosed,,Price Undisclosed,4,3,2,N/A,3.05,https://www.homely.com.au/homes/39-northumberland-street-tusmore-sa-5065/12917857
12888929,2026-03-03,03/03/2026,"2/115 Alexandra Avenue, Toorak Gardens SA 5065",Toorak Gardens,City of Burnside & Core East,Private Treaty (Bán thỏa thuận),Undisclosed,,Price Undisclosed,2,1,1,N/A,2.68,https://www.homely.com.au/homes/2-115-alexandra-avenue-toorak-gardens-sa-5065/12888929
12822636,2026-03-03,03/03/2026,"8 Rutland Avenue, Unley Park SA 5061",Unley Park,City of Unley & Prestige South,Private Treaty (Bán thỏa thuận),Undisclosed,,Price Undisclosed,4,3,2,696m²,2.78,https://www.homely.com.au/homes/8-rutland-avenue-unley-park-sa-5061/12822636
12869624,2026-03-02,02/03/2026,"43 Granville Street, Semaphore Park SA 5019",Semaphore Park,Western Coastal Corridors,Private Treaty (Bán thỏa thuận),Disclosed,1520000,"$1,520,000",3,2,2,332m²,17.73,https://www.homely.com.au/homes/43-granville-street-semaphore-park-sa-5019/12869624
12858888,2026-03-02,02/03/2026,"60 Springbank Road, Panorama SA 5041",Panorama,City of Mitcham & Foothills,Private Treaty (Bán thỏa thuận),Disclosed,900000,"$900,000",4,1,2,700m²,5.07,https://www.homely.com.au/homes/60-springbank-road-panorama-sa-5041/12858888
12891487,2026-03-02,02/03/2026,"36/9 Arabella Court, Marden SA 5070",Marden,"Norwood, Campbelltown & North-East Core",Private Treaty (Bán thỏa thuận),Disclosed,710000,"$710,000",2,1,1,N/A,6.4,https://www.homely.com.au/homes/36-9-arabella-court-marden-sa-5070/12891487
12805445,2026-03-02,02/03/2026,"34 Devonshire Street, Hawthorn SA 5062",Hawthorn,City of Mitcham & Foothills,Private Treaty (Bán thỏa thuận),Undisclosed,,Price Undisclosed,4,2,3,891m²,2.99,https://www.homely.com.au/homes/34-devonshire-street-hawthorn-sa-5062/12805445
12869815,2026-03-02,02/03/2026,"59 Highland Drive, Bellevue Heights SA 5050",Bellevue Heights,City of Mitcham & Foothills,Private Treaty (Bán thỏa thuận),Undisclosed,,Price Undisclosed,4,2,2,1164m²,8.79,https://www.homely.com.au/homes/59-highland-drive-bellevue-heights-sa-5050/12869815
12841468,2026-03-02,02/03/2026,"1 Payne Street, Payneham SA 5070",Payneham,"Norwood, Campbelltown & North-East Core",Private Treaty (Bán thỏa thuận),Undisclosed,,Price Undisclosed,3,3,2,269m²,6.41,https://www.homely.com.au/homes/1-payne-street-payneham-sa-5070/12841468
12839611,2026-03-02,02/03/2026,"12 Gladstone Road, North Brighton SA 5048",North Brighton,Western Coastal Corridors,Private Treaty (Bán thỏa thuận),Undisclosed,,Price Undisclosed,3,2,3,818m²,12.37,https://www.homely.com.au/homes/12-gladstone-road-north-brighton-sa-5048/12839611
12550644,2026-03-01,01/03/2026,"28 Birch Road, Stirling SA 5152",Stirling,Adelaide Hills & Tea Tree Gully Safe Enclaves,Private Treaty (Bán thỏa thuận),Disclosed,2450000,"$2,450,000",4,3,6,6470m²,9.62,https://www.homely.com.au/homes/28-birch-road-stirling-sa-5152/12550644
12791727,2026-03-01,01/03/2026,"12 Heitmann Court, Tea Tree Gully SA 5091",Tea Tree Gully,Adelaide Hills & Tea Tree Gully Safe Enclaves,Private Treaty (Bán thỏa thuận),Undisclosed,,Price Undisclosed,4,2,6,798m²,16.9,https://www.homely.com.au/homes/12-heitmann-court-tea-tree-gully-sa-5091/12791727
12869005,2026-02-28,28/02/2026,"14 Cambridge Terrace, Kingswood SA 5062",Kingswood,City of Mitcham & Foothills,Private Treaty (Bán thỏa thuận),Disclosed,2162500,"$2,162,500",5,2,2,696m²,1.95,https://www.homely.com.au/homes/14-cambridge-terrace-kingswood-sa-5062/12869005
12869004,2026-02-28,28/02/2026,"9 High Street, Belair SA 5052",Belair,City of Mitcham & Foothills,Private Treaty (Bán thỏa thuận),Disclosed,2067500,"$2,067,500",4,2,2,2030m²,4.42,https://www.homely.com.au/homes/9-high-street-belair-sa-5052/12869004
12885804,2026-02-28,28/02/2026,"12 Fraser Street, Lower Mitcham SA 5062",Lower Mitcham,City of Mitcham & Foothills,Private Treaty (Bán thỏa thuận),Disclosed,2025000,"$2,025,000",4,2,2,727m²,2.68,https://www.homely.com.au/homes/12-fraser-street-lower-mitcham-sa-5062/12885804
12891691,2026-02-28,28/02/2026,"212/3 Banksia Street, Glenside SA 5065",Glenside,City of Burnside & Core East,Private Treaty (Bán thỏa thuận),Disclosed,880000,"$880,000",2,1,1,N/A,2.06,https://www.homely.com.au/homes/212-3-banksia-street-glenside-sa-5065/12891691
12869212,2026-02-28,28/02/2026,"5/11 Taylors Road, Mitcham SA 5062",Mitcham,City of Mitcham & Foothills,Private Treaty (Bán thỏa thuận),Undisclosed,,Price Undisclosed,3,2,2,N/A,2.68,https://www.homely.com.au/homes/5-11-taylors-road-mitcham-sa-5062/12869212
12858057,2026-02-28,28/02/2026,"9 Somerset Avenue, Cumberland Park SA 5041",Cumberland Park,City of Mitcham & Foothills,Private Treaty (Bán thỏa thuận),Undisclosed,,Price Undisclosed,3,1,2,659m²,4.27,https://www.homely.com.au/homes/9-somerset-avenue-cumberland-park-sa-5041/12858057
12869371,2026-02-28,28/02/2026,"10 Babbage Lane, Pasadena SA 5042",Pasadena,City of Mitcham & Foothills,Private Treaty (Bán thỏa thuận),Undisclosed,,Price Undisclosed,4,2,1,616m²,6.11,https://www.homely.com.au/homes/10-babbage-lane-pasadena-sa-5042/12869371
12859634,2026-02-28,28/02/2026,"2/3 Vailima Court, Hackney SA 5069",Hackney,"Norwood, Campbelltown & North-East Core",Private Treaty (Bán thỏa thuận),Undisclosed,,Price Undisclosed,2,1,2,277m²,5.02,https://www.homely.com.au/homes/2-3-vailima-court-hackney-sa-5069/12859634
12832073,2026-02-27,27/02/2026,"84 Illyarrie Avenue, Surrey Downs SA 5126",Surrey Downs,Adelaide Hills & Tea Tree Gully Safe Enclaves,Private Treaty (Bán thỏa thuận),Disclosed,867000,"$867,000",3,1,4,696m²,19.29,https://www.homely.com.au/homes/84-illyarrie-avenue-surrey-downs-sa-5126/12832073
12753400,2026-02-27,27/02/2026,"2 Crompton Drive, Wattle Park SA 5066",Wattle Park,City of Burnside & Core East,Private Treaty (Bán thỏa thuận),Undisclosed,,Price Undisclosed,3,1,2,964m²,4.97,https://www.homely.com.au/homes/2-crompton-drive-wattle-park-sa-5066/12753400
12807849,2026-02-27,27/02/2026,"1/4-6 Malcolm Street, Millswood SA 5034",Millswood,City of Unley & Prestige South,Private Treaty (Bán thỏa thuận),Undisclosed,,Price Undisclosed,2,1,1,N/A,4.01,https://www.homely.com.au/homes/1-4-6-malcolm-street-millswood-sa-5034/12807849
12867658,2026-02-27,27/02/2026,"62 Second Avenue, Forestville SA 5035",Forestville,City of Unley & Prestige South,Private Treaty (Bán thỏa thuận),Undisclosed,,Price Undisclosed,4,2,5,919.8m²,5.03,https://www.homely.com.au/homes/62-second-avenue-forestville-sa-5035/12867658
12661852,2026-02-27,27/02/2026,"3 Shannon Rise, Banksia Park SA 5091",Banksia Park,Adelaide Hills & Tea Tree Gully Safe Enclaves,Private Treaty (Bán thỏa thuận),Undisclosed,,Price Undisclosed,5,4,2,870m²,18.32,https://www.homely.com.au/homes/3-shannon-rise-banksia-park-sa-5091/12661852
12869323,2026-02-26,26/02/2026,"37 Orchard Avenue, Everard Park SA 5035",Everard Park,City of Unley & Prestige South,Private Treaty (Bán thỏa thuận),Disclosed,1788000,"$1,788,000",5,2,3,680m²,4.93,https://www.homely.com.au/homes/37-orchard-avenue-everard-park-sa-5035/12869323
12839326,2026-02-26,26/02/2026,"8 Hann Street, Glynde SA 5070",Glynde,"Norwood, Campbelltown & North-East Core",Private Treaty (Bán thỏa thuận),Disclosed,1604000,"$1,604,000",3,1,1,842m²,6.67,https://www.homely.com.au/homes/8-hann-street-glynde-sa-5070/12839326
12846868,2026-02-26,26/02/2026,"2/68 Dunbar Terrace, Glenelg East SA 5045",Glenelg East,Western Coastal Corridors,Private Treaty (Bán thỏa thuận),Disclosed,595000,"$595,000",2,1,1,N/A,11.01,https://www.homely.com.au/homes/2-68-dunbar-terrace-glenelg-east-sa-5045/12846868
12872533,2026-02-26,26/02/2026,"63 Allinga Avenue, Glenside SA 5065",Glenside,City of Burnside & Core East,Private Treaty (Bán thỏa thuận),Undisclosed,,Price Undisclosed,3,1,2,348m²,2.06,https://www.homely.com.au/homes/63-allinga-avenue-glenside-sa-5065/12872533
12845816,2026-02-26,26/02/2026,"7 Malvern Avenue, Malvern SA 5061",Malvern,City of Unley & Prestige South,Private Treaty (Bán thỏa thuận),Undisclosed,,Price Undisclosed,4,2,1,317m²,2.2,https://www.homely.com.au/homes/7-malvern-avenue-malvern-sa-5061/12845816
12507235,2026-02-26,26/02/2026,"21 Birksgate Drive, Urrbrae SA 5064",Urrbrae,City of Mitcham & Foothills,Private Treaty (Bán thỏa thuận),Undisclosed,,Price Undisclosed,4,4,6,1534m²,1.55,https://www.homely.com.au/homes/21-birksgate-drive-urrbrae-sa-5064/12507235
12759943,2026-02-26,26/02/2026,"41 Quandong Street, North Brighton SA 5048",North Brighton,Western Coastal Corridors,Private Treaty (Bán thỏa thuận),Undisclosed,,Price Undisclosed,4,2,2,373m²,12.37,https://www.homely.com.au/homes/41-quandong-street-north-brighton-sa-5048/12759943
12863736,2026-02-25,25/02/2026,"44 Seventh Avenue, St Morris SA 5068",St Morris,"Norwood, Campbelltown & North-East Core",Private Treaty (Bán thỏa thuận),Disclosed,1349000,"$1,349,000",3,1,2,652m²,4.78,https://www.homely.com.au/homes/44-seventh-avenue-st-morris-sa-5068/12863736
12817459,2026-02-25,25/02/2026,"36 Valetta Road, Kidman Park SA 5025",Kidman Park,Western Coastal Corridors,Private Treaty (Bán thỏa thuận),Disclosed,1325000,"$1,325,000",4,3,4,294m²,9.7,https://www.homely.com.au/homes/36-valetta-road-kidman-park-sa-5025/12817459
12891085,2026-02-25,25/02/2026,"21 Somers Street, North Brighton SA 5048",North Brighton,Western Coastal Corridors,Private Treaty (Bán thỏa thuận),Disclosed,1130000,"$1,130,000",3,1,1,394m²,12.37,https://www.homely.com.au/homes/21-somers-street-north-brighton-sa-5048/12891085
12878647,2026-02-25,25/02/2026,"1/112 Cross Road, Highgate SA 5063",Highgate,City of Unley & Prestige South,Private Treaty (Bán thỏa thuận),Disclosed,1125000,"$1,125,000",3,2,1,197m²,0.84,https://www.homely.com.au/homes/1-112-cross-road-highgate-sa-5063/12878647
12770435,2026-02-25,25/02/2026,"6/18 Sturt Road, Brighton SA 5048",Brighton,Western Coastal Corridors,Private Treaty (Bán thỏa thuận),Disclosed,950000,"$950,000",3,1,1,244m²,12.37,https://www.homely.com.au/homes/6-18-sturt-road-brighton-sa-5048/12770435
12864165,2026-02-25,25/02/2026,"2/6 Rochester Street, Leabrook SA 5068",Leabrook,City of Burnside & Core East,Private Treaty (Bán thỏa thuận),Disclosed,575000,"$575,000",2,1,1,N/A,4.04,https://www.homely.com.au/homes/2-6-rochester-street-leabrook-sa-5068/12864165
12835129,2026-02-25,25/02/2026,"6A William Street, Burnside SA 5066",Burnside,City of Burnside & Core East,Private Treaty (Bán thỏa thuận),Undisclosed,,Price Undisclosed,4,3,2,395m²,3.83,https://www.homely.com.au/homes/6a-william-street-burnside-sa-5066/12835129
12823882,2026-02-25,25/02/2026,"33 Murray Street, Lower Mitcham SA 5062",Lower Mitcham,City of Mitcham & Foothills,Private Treaty (Bán thỏa thuận),Undisclosed,,Price Undisclosed,5,3,8,2108m²,2.68,https://www.homely.com.au/homes/33-murray-street-lower-mitcham-sa-5062/12823882
12870312,2026-02-25,25/02/2026,"17/216 Payneham Road, Evandale SA 5069",Evandale,"Norwood, Campbelltown & North-East Core",Private Treaty (Bán thỏa thuận),Undisclosed,,Price Undisclosed,2,1,1,N/A,5.5,https://www.homely.com.au/homes/17-216-payneham-road-evandale-sa-5069/12870312
12620455,2026-02-24,24/02/2026,"7 Waverley Street, Mitcham SA 5062",Mitcham,City of Mitcham & Foothills,Private Treaty (Bán thỏa thuận),Disclosed,2220000,"$2,220,000",4,2,2,569m²,2.68,https://www.homely.com.au/homes/7-waverley-street-mitcham-sa-5062/12620455
12847786,2026-02-24,24/02/2026,"52 Hawthorndene Drive, Hawthorndene SA 5051",Hawthorndene,City of Mitcham & Foothills,Private Treaty (Bán thỏa thuận),Disclosed,2055000,"$2,055,000",4,2,2,1784m²,2.99,https://www.homely.com.au/homes/52-hawthorndene-drive-hawthorndene-sa-5051/12847786
12846870,2026-02-24,24/02/2026,"29 Maitland Terrace, Seacliff SA 5049",Seacliff,Western Coastal Corridors,Private Treaty (Bán thỏa thuận),Disclosed,1940000,"$1,940,000",3,2,3,770m²,13.63,https://www.homely.com.au/homes/29-maitland-terrace-seacliff-sa-5049/12846870
12879431,2026-02-24,24/02/2026,"6 Hackett Terrace, Marryatville SA 5068",Marryatville,"Norwood, Campbelltown & North-East Core",Private Treaty (Bán thỏa thuận),Disclosed,1700000,"$1,700,000",4,3,1,N/A,3.42,https://www.homely.com.au/homes/6-hackett-terrace-marryatville-sa-5068/12879431
12833847,2026-02-24,24/02/2026,"134B Esplanade, Brighton SA 5048",Brighton,Western Coastal Corridors,Private Treaty (Bán thỏa thuận),Disclosed,1605000,"$1,605,000",3,2,2,178m²,12.37,https://www.homely.com.au/homes/134b-esplanade-brighton-sa-5048/12833847
12804901,2026-02-24,24/02/2026,"20 Murtoa Road, Eden Hills SA 5050",Eden Hills,City of Mitcham & Foothills,Private Treaty (Bán thỏa thuận),Disclosed,945000,"$945,000",3,2,4,1086m²,7.12,https://www.homely.com.au/homes/20-murtoa-road-eden-hills-sa-5050/12804901
12866602,2026-02-24,24/02/2026,"3/564 Anzac Highway, Glenelg East SA 5045",Glenelg East,Western Coastal Corridors,Private Treaty (Bán thỏa thuận),Disclosed,866500,"$866,500",3,2,1,N/A,11.01,https://www.homely.com.au/homes/3-564-anzac-highway-glenelg-east-sa-5045/12866602
12869003,2026-02-24,24/02/2026,"4/8 Clifton Street, Hawthorn SA 5062",Hawthorn,City of Mitcham & Foothills,Private Treaty (Bán thỏa thuận),Disclosed,825000,"$825,000",2,1,1,N/A,2.99,https://www.homely.com.au/homes/4-8-clifton-street-hawthorn-sa-5062/12869003
12868887,2026-02-24,24/02/2026,"5/6 Churchill Avenue, Clarence Park SA 5034",Clarence Park,City of Unley & Prestige South,Private Treaty (Bán thỏa thuận),Disclosed,775000,"$775,000",2,1,1,N/A,4.54,https://www.homely.com.au/homes/5-6-churchill-avenue-clarence-park-sa-5034/12868887
12866999,2026-02-24,24/02/2026,"221 Wattle Street, Malvern SA 5061",Malvern,City of Unley & Prestige South,Private Treaty (Bán thỏa thuận),Undisclosed,,Price Undisclosed,4,2,2,696m²,2.2,https://www.homely.com.au/homes/221-wattle-street-malvern-sa-5061/12866999
12870793,2026-02-24,24/02/2026,"14 Esmond Street, Hyde Park SA 5061",Hyde Park,City of Unley & Prestige South,Private Treaty (Bán thỏa thuận),Undisclosed,,Price Undisclosed,4,2,3,N/A,3.2,https://www.homely.com.au/homes/14-esmond-street-hyde-park-sa-5061/12870793
12864219,2026-02-24,24/02/2026,"40A Florence Street, Fullarton SA 5063",Fullarton,City of Unley & Prestige South,Private Treaty (Bán thỏa thuận),Undisclosed,,Price Undisclosed,3,2,2,N/A,1.24,https://www.homely.com.au/homes/40a-florence-street-fullarton-sa-5063/12864219
12879807,2026-02-24,24/02/2026,"138 Seventh Avenue, Royston Park SA 5070",Royston Park,"Norwood, Campbelltown & North-East Core",Private Treaty (Bán thỏa thuận),Undisclosed,,Price Undisclosed,3,1,3,831m²,6.66,https://www.homely.com.au/homes/138-seventh-avenue-royston-park-sa-5070/12879807
12844222,2026-02-23,23/02/2026,"242 Esplanade, Seacliff SA 5049",Seacliff,Western Coastal Corridors,Private Treaty (Bán thỏa thuận),Disclosed,2700000,"$2,700,000",3,2,2,302m²,13.63,https://www.homely.com.au/homes/242-esplanade-seacliff-sa-5049/12844222
12844586,2026-02-23,23/02/2026,"25 McKenna Street, Kensington Park SA 5068",Kensington Park,City of Burnside & Core East,Private Treaty (Bán thỏa thuận),Disclosed,2520000,"$2,520,000",4,2,2,889m²,4.1,https://www.homely.com.au/homes/25-mckenna-street-kensington-park-sa-5068/12844586
12863932,2026-02-23,23/02/2026,"14 Leonard Terrace, Torrens Park SA 5062",Torrens Park,City of Mitcham & Foothills,Private Treaty (Bán thỏa thuận),Disclosed,2460000,"$2,460,000",4,2,5,961m²,2.77,https://www.homely.com.au/homes/14-leonard-terrace-torrens-park-sa-5062/12863932
12867468,2026-02-23,23/02/2026,"1/29 Bridge Street, Kensington SA 5068",Kensington,"Norwood, Campbelltown & North-East Core",Private Treaty (Bán thỏa thuận),Disclosed,1050000,"$1,050,000",2,1,1,N/A,4.96,https://www.homely.com.au/homes/1-29-bridge-street-kensington-sa-5068/12867468
12848604,2026-02-23,23/02/2026,"4/4 Anderson Street, Fullarton SA 5063",Fullarton,City of Unley & Prestige South,Private Treaty (Bán thỏa thuận),Disclosed,986000,"$986,000",3,1,2,209m²,1.24,https://www.homely.com.au/homes/4-4-anderson-street-fullarton-sa-5063/12848604
12867011,2026-02-23,23/02/2026,"18 Martindale Avenue, Toorak Gardens SA 5065",Toorak Gardens,City of Burnside & Core East,Private Treaty (Bán thỏa thuận),Disclosed,900000,"$900,000",2,1,1,320m²,2.68,https://www.homely.com.au/homes/18-martindale-avenue-toorak-gardens-sa-5065/12867011
12904413,2026-02-23,23/02/2026,"3/101 Glynburn Road, Glynde SA 5070",Glynde,"Norwood, Campbelltown & North-East Core",Private Treaty (Bán thỏa thuận),Undisclosed,,Price Undisclosed,2,1,2,N/A,6.67,https://www.homely.com.au/homes/3-101-glynburn-road-glynde-sa-5070/12904413
12802308,2026-02-23,23/02/2026,"1/123 Military Road, Tennyson SA 5022",Tennyson,Western Coastal Corridors,Private Treaty (Bán thỏa thuận),Undisclosed,,Price Undisclosed,3,2,3,N/A,15.79,https://www.homely.com.au/homes/1-123-military-road-tennyson-sa-5022/12802308
12850959,2026-02-22,22/02/2026,"8 Peroomba Avenue, Kensington Gardens SA 5068",Kensington Gardens,City of Burnside & Core East,Private Treaty (Bán thỏa thuận),Undisclosed,,Price Undisclosed,4,3,2,N/A,4.96,https://www.homely.com.au/homes/8-peroomba-avenue-kensington-gardens-sa-5068/12850959
12827274,2026-02-21,21/02/2026,"31 Clifton Street, Malvern SA 5061",Malvern,City of Unley & Prestige South,Private Treaty (Bán thỏa thuận),Disclosed,2650000,"$2,650,000",3,1,2,743m²,2.2,https://www.homely.com.au/homes/31-clifton-street-malvern-sa-5061/12827274
12828382,2026-02-21,21/02/2026,"10 Cromer Parade, Millswood SA 5034",Millswood,City of Unley & Prestige South,Private Treaty (Bán thỏa thuận),Disclosed,1980000,"$1,980,000",5,2,2,696m²,4.01,https://www.homely.com.au/homes/10-cromer-parade-millswood-sa-5034/12828382
12846017,2026-02-21,21/02/2026,"119 Princes Road, Mitcham SA 5062",Mitcham,City of Mitcham & Foothills,Private Treaty (Bán thỏa thuận),Disclosed,1863000,"$1,863,000",4,2,2,696m²,2.68,https://www.homely.com.au/homes/119-princes-road-mitcham-sa-5062/12846017
12845994,2026-02-21,21/02/2026,"66 Langman Grove, Felixstow SA 5070",Felixstow,"Norwood, Campbelltown & North-East Core",Private Treaty (Bán thỏa thuận),Disclosed,1825000,"$1,825,000",3,1,4,982m²,6.96,https://www.homely.com.au/homes/66-langman-grove-felixstow-sa-5070/12845994
12718921,2026-02-21,21/02/2026,"51 Hay Road, Linden Park SA 5065",Linden Park,City of Burnside & Core East,Private Treaty (Bán thỏa thuận),Disclosed,1750000,"$1,750,000",3,2,2,572m²,2.36,https://www.homely.com.au/homes/51-hay-road-linden-park-sa-5065/12718921
12834758,2026-02-21,21/02/2026,"41 O'Neil Street, Panorama SA 5041",Panorama,City of Mitcham & Foothills,Private Treaty (Bán thỏa thuận),Disclosed,1405000,"$1,405,000",4,1,3,810m²,5.07,https://www.homely.com.au/homes/41-oneil-street-panorama-sa-5041/12834758
12720190,2026-02-21,21/02/2026,"41 Waite Street, Blackwood SA 5051",Blackwood,City of Mitcham & Foothills,Private Treaty (Bán thỏa thuận),Disclosed,1200000,"$1,200,000",4,2,4,1347m²,7.07,https://www.homely.com.au/homes/41-waite-street-blackwood-sa-5051/12720190
12836691,2026-02-21,21/02/2026,"36 Jarvis Street, Erindale SA 5066",Erindale,City of Burnside & Core East,Private Treaty (Bán thỏa thuận),Undisclosed,,Price Undisclosed,4,2,2,775m²,4.21,https://www.homely.com.au/homes/36-jarvis-street-erindale-sa-5066/12836691
12838108,2026-02-21,21/02/2026,"10 Simpson Road, Wattle Park SA 5066",Wattle Park,City of Burnside & Core East,Private Treaty (Bán thỏa thuận),Undisclosed,,Price Undisclosed,4,2,2,769m²,4.97,https://www.homely.com.au/homes/10-simpson-road-wattle-park-sa-5066/12838108
12843141,2026-02-21,21/02/2026,"22 Ninth Avenue, St Peters SA 5069",St Peters,"Norwood, Campbelltown & North-East Core",Private Treaty (Bán thỏa thuận),Undisclosed,,Price Undisclosed,4,2,1,875m²,5.12,https://www.homely.com.au/homes/22-ninth-avenue-st-peters-sa-5069/12843141
12814551,2026-02-21,21/02/2026,"110 Old Mount Barker Road, Stirling SA 5152",Stirling,Adelaide Hills & Tea Tree Gully Safe Enclaves,Private Treaty (Bán thỏa thuận),Undisclosed,,Price Undisclosed,3,1,3,1791m²,9.62,https://www.homely.com.au/homes/110-old-mount-barker-road-stirling-sa-5152/12814551
12823686,2026-02-20,20/02/2026,"42 Cheltenham Street, Highgate SA 5063",Highgate,City of Unley & Prestige South,Private Treaty (Bán thỏa thuận),Disclosed,2600000,"$2,600,000",4,2,6,855m²,0.84,https://www.homely.com.au/homes/42-cheltenham-street-highgate-sa-5063/12823686
12868857,2026-02-20,20/02/2026,"25 Yarmouth Street, South Brighton SA 5048",South Brighton,Western Coastal Corridors,Private Treaty (Bán thỏa thuận),Disclosed,1877000,"$1,877,000",4,2,4,650m²,12.37,https://www.homely.com.au/homes/25-yarmouth-street-south-brighton-sa-5048/12868857
12837098,2026-02-20,20/02/2026,"14 Tafquin Street, Panorama SA 5041",Panorama,City of Mitcham & Foothills,Private Treaty (Bán thỏa thuận),Disclosed,1285000,"$1,285,000",4,2,6,1000m²,5.07,https://www.homely.com.au/homes/14-tafquin-street-panorama-sa-5041/12837098
12552164,2026-02-20,20/02/2026,"5 Woolacombe Avenue, North Brighton SA 5048",North Brighton,Western Coastal Corridors,Private Treaty (Bán thỏa thuận),Disclosed,1150000,"$1,150,000",3,2,2,376m²,12.37,https://www.homely.com.au/homes/5-woolacombe-avenue-north-brighton-sa-5048/12552164
12839580,2026-02-20,20/02/2026,"2/14 Shirley Avenue, Felixstow SA 5070",Felixstow,"Norwood, Campbelltown & North-East Core",Private Treaty (Bán thỏa thuận),Disclosed,920000,"$920,000",3,1,2,276m²,6.96,https://www.homely.com.au/homes/2-14-shirley-avenue-felixstow-sa-5070/12839580
12863721,2026-02-20,20/02/2026,"7/17 Aroha Terrace, Black Forest SA 5035",Black Forest,City of Unley & Prestige South,Private Treaty (Bán thỏa thuận),Disclosed,721000,"$721,000",2,1,1,N/A,5.38,https://www.homely.com.au/homes/7-17-aroha-terrace-black-forest-sa-5035/12863721
12819296,2026-02-20,20/02/2026,"44C Hawker Avenue, Belair SA 5052",Belair,City of Mitcham & Foothills,Private Treaty (Bán thỏa thuận),Undisclosed,,Price Undisclosed,5,2,4,1911m²,4.42,https://www.homely.com.au/homes/44c-hawker-avenue-belair-sa-5052/12819296
12847257,2026-02-20,20/02/2026,"296 Portrush Road, Kensington SA 5068",Kensington,"Norwood, Campbelltown & North-East Core",Private Treaty (Bán thỏa thuận),Undisclosed,,Price Undisclosed,3,1,4,513m²,4.96,https://www.homely.com.au/homes/296-portrush-road-kensington-sa-5068/12847257
12866928,2026-02-20,20/02/2026,"14 Kildare Avenue, Marden SA 5070",Marden,"Norwood, Campbelltown & North-East Core",Private Treaty (Bán thỏa thuận),Undisclosed,,Price Undisclosed,4,2,2,N/A,6.4,https://www.homely.com.au/homes/14-kildare-avenue-marden-sa-5070/12866928
12845715,2026-02-19,19/02/2026,"7 Garwood Street, Hawthorn SA 5062",Hawthorn,City of Mitcham & Foothills,Private Treaty (Bán thỏa thuận),Disclosed,2302000,"$2,302,000",4,3,2,710m²,2.99,https://www.homely.com.au/homes/7-garwood-street-hawthorn-sa-5062/12845715
12512869,2026-02-19,19/02/2026,"701/56 Greenhill Road, Wayville SA 5034",Wayville,City of Unley & Prestige South,Private Treaty (Bán thỏa thuận),Disclosed,2300000,"$2,300,000",3,3,2,N/A,4.45,https://www.homely.com.au/homes/701-56-greenhill-road-wayville-sa-5034/12512869
12823881,2026-02-19,19/02/2026,"14 Flinders Avenue, Colonel Light Gardens SA 5041",Colonel Light Gardens,City of Mitcham & Foothills,Private Treaty (Bán thỏa thuận),Disclosed,1730000,"$1,730,000",4,2,2,528m²,4.41,https://www.homely.com.au/homes/14-flinders-avenue-colonel-light-gardens-sa-5/12823881
12779590,2026-02-19,19/02/2026,"26A Dryden Road, Black Forest SA 5035",Black Forest,City of Unley & Prestige South,Private Treaty (Bán thỏa thuận),Undisclosed,,Price Undisclosed,3,2,1,406m²,5.38,https://www.homely.com.au/homes/26a-dryden-road-black-forest-sa-5035/12779590
12833965,2026-02-18,18/02/2026,"42 Craighill Road, St Georges SA 5064",St Georges,City of Burnside & Core East,Private Treaty (Bán thỏa thuận),Disclosed,1850000,"$1,850,000",3,1,3,646m²,1.58,https://www.homely.com.au/homes/42-craighill-road-st-georges-sa-5064/12833965
12828106,2026-02-18,18/02/2026,"18/28A Davis Road, Glynde SA 5070",Glynde,"Norwood, Campbelltown & North-East Core",Private Treaty (Bán thỏa thuận),Disclosed,1061000,"$1,061,000",3,2,5,247m²,6.67,https://www.homely.com.au/homes/18-28a-davis-road-glynde-sa-5070/12828106
12835285,2026-02-18,18/02/2026,"2/48 Adelaide Terrace, Pasadena SA 5042",Pasadena,City of Mitcham & Foothills,Private Treaty (Bán thỏa thuận),Disclosed,590000,"$590,000",2,1,1,85m²,6.11,https://www.homely.com.au/homes/2-48-adelaide-terrace-pasadena-sa-5042/12835285
12826293,2026-02-18,18/02/2026,"9 Giles Street, Toorak Gardens SA 5065",Toorak Gardens,City of Burnside & Core East,Private Treaty (Bán thỏa thuận),Undisclosed,,Price Undisclosed,4,2,6,992m²,2.68,https://www.homely.com.au/homes/9-giles-street-toorak-gardens-sa-5065/12826293
12822099,2026-02-18,18/02/2026,"17A & 19 Montrose Avenue, Netherby SA 5062",Netherby,City of Mitcham & Foothills,Private Treaty (Bán thỏa thuận),Undisclosed,,Price Undisclosed,4,3,6,1412m²,1.27,https://www.homely.com.au/homes/17a-19-montrose-avenue-netherby-sa-5062/12822099
12847836,2026-02-18,18/02/2026,"88 Ayers Avenue, Daw Park SA 5041",Daw Park,City of Mitcham & Foothills,Private Treaty (Bán thỏa thuận),Undisclosed,,Price Undisclosed,3,1,2,658m²,5.41,https://www.homely.com.au/homes/88-ayers-avenue-daw-park-sa-5041/12847836
12803059,2026-02-18,18/02/2026,"23 Kanyaka Road, Aldgate SA 5154",Aldgate,Adelaide Hills & Tea Tree Gully Safe Enclaves,Private Treaty (Bán thỏa thuận),Undisclosed,,Price Undisclosed,5,2,2,2395m²,11.23,https://www.homely.com.au/homes/23-kanyaka-road-aldgate-sa-5154/12803059
12785590,2026-02-17,17/02/2026,"143 Seaview Road, Tennyson SA 5022",Tennyson,Western Coastal Corridors,Private Treaty (Bán thỏa thuận),Disclosed,2800000,"$2,800,000",4,3,4,474m²,15.79,https://www.homely.com.au/homes/143-seaview-road-tennyson-sa-5022/12785590
12868266,2026-02-17,17/02/2026,"4A Beasley Street, Marden SA 5070",Marden,"Norwood, Campbelltown & North-East Core",Private Treaty (Bán thỏa thuận),Disclosed,1720000,"$1,720,000",3,2,2,382m²,6.4,https://www.homely.com.au/homes/4a-beasley-street-marden-sa-5070/12868266
12827227,2026-02-17,17/02/2026,"7 Kimberley Close, Kidman Park SA 5025",Kidman Park,Western Coastal Corridors,Private Treaty (Bán thỏa thuận),Disclosed,1610000,"$1,610,000",5,3,2,900m²,9.7,https://www.homely.com.au/homes/7-kimberley-close-kidman-park-sa-5025/12827227
12845197,2026-02-17,17/02/2026,"315 Greenhill Road, Toorak Gardens SA 5065",Toorak Gardens,City of Burnside & Core East,Private Treaty (Bán thỏa thuận),Disclosed,1320000,"$1,320,000",3,1,1,455m²,2.68,https://www.homely.com.au/homes/315-greenhill-road-toorak-gardens-sa-5065/12845197
12810891,2026-02-17,17/02/2026,"3/5 Holton Street, Glenside SA 5065",Glenside,City of Burnside & Core East,Private Treaty (Bán thỏa thuận),Disclosed,726000,"$726,000",2,1,1,N/A,2.06,https://www.homely.com.au/homes/3-5-holton-street-glenside-sa-5065/12810891
12663084,2026-02-17,17/02/2026,"69 Linden Avenue, Hazelwood Park SA 5066",Hazelwood Park,City of Burnside & Core East,Private Treaty (Bán thỏa thuận),Undisclosed,,Price Undisclosed,4,3,2,424m²,3.55,https://www.homely.com.au/homes/69-linden-avenue-hazelwood-park-sa-5066/12663084
12803682,2026-02-17,17/02/2026,"4/2 Halsey Road, Fulham SA 5024",Fulham,Western Coastal Corridors,Private Treaty (Bán thỏa thuận),Undisclosed,,Price Undisclosed,2,1,1,109m²,10.46,https://www.homely.com.au/homes/4-2-halsey-road-fulham-sa-5024/12803682
12843937,2026-02-17,17/02/2026,"8/2 Fernleigh Street, Underdale SA 5032",Underdale,Western Coastal Corridors,Private Treaty (Bán thỏa thuận),Undisclosed,,Price Undisclosed,2,1,1,N/A,7.65,https://www.homely.com.au/homes/8-2-fernleigh-street-underdale-sa-5032/12843937
12855408,2026-02-17,17/02/2026,"54 Margaret Avenue, North Brighton SA 5048",North Brighton,Western Coastal Corridors,Private Treaty (Bán thỏa thuận),Undisclosed,,Price Undisclosed,6,2,5,N/A,12.37,https://www.homely.com.au/homes/54-margaret-avenue-north-brighton-sa-5048/12855408
12804507,2026-02-17,17/02/2026,"23 Churinga Road, Aldgate SA 5154",Aldgate,Adelaide Hills & Tea Tree Gully Safe Enclaves,Private Treaty (Bán thỏa thuận),Undisclosed,,Price Undisclosed,4,2,2,1885m²,11.23,https://www.homely.com.au/homes/23-churinga-road-aldgate-sa-5154/12804507
12692928,2026-02-16,16/02/2026,"10a Delray Street, Fulham SA 5024",Fulham,Western Coastal Corridors,Private Treaty (Bán thỏa thuận),Disclosed,1800000,"$1,800,000",4,3,4,377m²,10.46,https://www.homely.com.au/homes/10a-delray-street-fulham-sa-5024/12692928
12816393,2026-02-16,16/02/2026,"9 Windsor Avenue, Clapham SA 5062",Clapham,City of Mitcham & Foothills,Private Treaty (Bán thỏa thuận),Disclosed,1600000,"$1,600,000",3,2,4,513m²,4.05,https://www.homely.com.au/homes/9-windsor-avenue-clapham-sa-5062/12816393
12811605,2026-02-16,16/02/2026,"2/8 Macpherson Street, Hove SA 5048",Hove,Western Coastal Corridors,Private Treaty (Bán thỏa thuận),Disclosed,730000,"$730,000",2,1,1,N/A,12.45,https://www.homely.com.au/homes/2-8-macpherson-street-hove-sa-5048/12811605
12833205,2026-02-16,16/02/2026,"4 Rodger Avenue, Leabrook SA 5068",Leabrook,City of Burnside & Core East,Private Treaty (Bán thỏa thuận),Undisclosed,,Price Undisclosed,2,1,1,N/A,4.04,https://www.homely.com.au/homes/4-rodger-avenue-leabrook-sa-5068/12833205
12635810,2026-02-16,16/02/2026,"17 Lynton Avenue, Millswood SA 5034",Millswood,City of Unley & Prestige South,Private Treaty (Bán thỏa thuận),Undisclosed,,Price Undisclosed,4,2,3,650m²,4.01,https://www.homely.com.au/homes/17-lynton-avenue-millswood-sa-5034/12635810
12800874,2026-02-16,16/02/2026,"10 Arunga Close, Goodwood SA 5034",Goodwood,City of Unley & Prestige South,Private Treaty (Bán thỏa thuận),Undisclosed,,Price Undisclosed,3,2,1,307m²,4.14,https://www.homely.com.au/homes/10-arunga-close-goodwood-sa-5034/12800874
12692879,2026-02-16,16/02/2026,"30 Hillsley Avenue, Everard Park SA 5035",Everard Park,City of Unley & Prestige South,Private Treaty (Bán thỏa thuận),Undisclosed,,Price Undisclosed,5,3,2,906m²,4.93,https://www.homely.com.au/homes/30-hillsley-avenue-everard-park-sa-5035/12692879
12842687,2026-02-15,15/02/2026,"46/5 Mount Barker Road, Urrbrae SA 5064",Urrbrae,City of Mitcham & Foothills,Private Treaty (Bán thỏa thuận),Disclosed,1250000,"$1,250,000",3,2,3,229.1m²,1.55,https://www.homely.com.au/homes/46-5-mount-barker-road-urrbrae-sa-5064/12842687
12822995,2026-02-15,15/02/2026,"15 Mumford Avenue, St Agnes SA 5097",St Agnes,Adelaide Hills & Tea Tree Gully Safe Enclaves,Private Treaty (Bán thỏa thuận),Disclosed,880000,"$880,000",3,1,4,623m²,15.94,https://www.homely.com.au/homes/15-mumford-avenue-st-agnes-sa-5097/12822995
12831350,2026-02-15,15/02/2026,"2/16 L'Estrange Street, Glenside SA 5065",Glenside,City of Burnside & Core East,Private Treaty (Bán thỏa thuận),Disclosed,535000,"$535,000",1,1,1,54m²,2.06,https://www.homely.com.au/homes/2-16-lestrange-street-glenside-sa-5065/12831350
12806634,2026-02-15,15/02/2026,"11 Highgate Street, Highgate SA 5063",Highgate,City of Unley & Prestige South,Private Treaty (Bán thỏa thuận),Undisclosed,,Price Undisclosed,5,2,4,728m²,0.84,https://www.homely.com.au/homes/11-highgate-street-highgate-sa-5063/12806634
12799500,2026-02-15,15/02/2026,"1/103 Hill Street, Netherby SA 5062",Netherby,City of Mitcham & Foothills,Private Treaty (Bán thỏa thuận),Undisclosed,,Price Undisclosed,2,1,1,N/A,1.27,https://www.homely.com.au/homes/1-103-hill-street-netherby-sa-5062/12799500
12784315,2026-02-15,15/02/2026,"43 Milan Terrace, Stirling SA 5152",Stirling,Adelaide Hills & Tea Tree Gully Safe Enclaves,Private Treaty (Bán thỏa thuận),Undisclosed,,Price Undisclosed,3,1,3,1507m²,9.62,https://www.homely.com.au/homes/43-milan-terrace-stirling-sa-5152/12784315
12823892,2026-02-14,14/02/2026,"44 The Grove, Lower Mitcham SA 5062",Lower Mitcham,City of Mitcham & Foothills,Private Treaty (Bán thỏa thuận),Disclosed,1780000,"$1,780,000",4,1,4,756m²,2.68,https://www.homely.com.au/homes/44-the-grove-lower-mitcham-sa-5062/12823892
12824282,2026-02-14,14/02/2026,"2A Gamma Crescent, Panorama SA 5041",Panorama,City of Mitcham & Foothills,Private Treaty (Bán thỏa thuận),Disclosed,1630000,"$1,630,000",4,3,2,610m²,5.07,https://www.homely.com.au/homes/2a-gamma-crescent-panorama-sa-5041/12824282
12805152,2026-02-14,14/02/2026,"22 Surrey Crescent, Lower Mitcham SA 5062",Lower Mitcham,City of Mitcham & Foothills,Private Treaty (Bán thỏa thuận),Disclosed,1460500,"$1,460,500",3,1,3,655m²,2.68,https://www.homely.com.au/homes/22-surrey-crescent-lower-mitcham-sa-5062/12805152
12825346,2026-02-14,14/02/2026,"2 Maitland Street, Mitcham SA 5062",Mitcham,City of Mitcham & Foothills,Private Treaty (Bán thỏa thuận),Disclosed,1427000,"$1,427,000",3,1,3,670m²,2.68,https://www.homely.com.au/homes/2-maitland-street-mitcham-sa-5062/12825346
12823869,2026-02-14,14/02/2026,"80 Hampton Street South, Goodwood SA 5034",Goodwood,City of Unley & Prestige South,Private Treaty (Bán thỏa thuận),Undisclosed,,Price Undisclosed,2,1,2,309m²,4.14,https://www.homely.com.au/homes/80-hampton-street-south-goodwood-sa-5034/12823869
12817249,2026-02-14,14/02/2026,"235 Daws Road, Pasadena SA 5042",Pasadena,City of Mitcham & Foothills,Private Treaty (Bán thỏa thuận),Undisclosed,,Price Undisclosed,3,1,5,740m²,6.11,https://www.homely.com.au/homes/235-daws-road-pasadena-sa-5042/12817249
12803946,2026-02-14,14/02/2026,"6 Catherine Street, College Park SA 5069",College Park,"Norwood, Campbelltown & North-East Core",Private Treaty (Bán thỏa thuận),Undisclosed,,Price Undisclosed,3,2,2,N/A,4.89,https://www.homely.com.au/homes/6-catherine-street-college-park-sa-5069/12803946
12818443,2026-02-14,14/02/2026,"1/2A Hackett Terrace, Marryatville SA 5068",Marryatville,"Norwood, Campbelltown & North-East Core",Private Treaty (Bán thỏa thuận),Undisclosed,,Price Undisclosed,2,1,1,N/A,3.42,https://www.homely.com.au/homes/1-2a-hackett-terrace-marryatville-sa-5068/12818443
12817181,2026-02-14,14/02/2026,"10 Cleo Street, Firle SA 5070",Firle,"Norwood, Campbelltown & North-East Core",Private Treaty (Bán thỏa thuận),Undisclosed,,Price Undisclosed,4,2,2,541m²,5.69,https://www.homely.com.au/homes/10-cleo-street-firle-sa-5070/12817181
12846057,2026-02-14,14/02/2026,"46 Coorara Avenue, Payneham South SA 5070",Payneham South,"Norwood, Campbelltown & North-East Core",Private Treaty (Bán thỏa thuận),Undisclosed,,Price Undisclosed,4,2,8,N/A,6.41,https://www.homely.com.au/homes/46-coorara-avenue-payneham-south-sa-5070/12846057
12741295,2026-02-13,13/02/2026,"1C Walsh Street, Payneham SA 5070",Payneham,"Norwood, Campbelltown & North-East Core",Private Treaty (Bán thỏa thuận),Disclosed,1160000,"$1,160,000",3,2,1,401m²,6.41,https://www.homely.com.au/homes/1c-walsh-street-payneham-sa-5070/12741295
12803539,2026-02-13,13/02/2026,"12 Hurds Hill Drive, Coromandel Valley SA 5051",Coromandel Valley,City of Mitcham & Foothills,Private Treaty (Bán thỏa thuận),Disclosed,811000,"$811,000",3,1,2,N/A,9.16,https://www.homely.com.au/homes/12-hurds-hill-drive-coromandel-valley-sa-5051/12803539
12846226,2026-02-13,13/02/2026,"2/12 Howell Place, Wynn Vale SA 5127",Wynn Vale,Adelaide Hills & Tea Tree Gully Safe Enclaves,Private Treaty (Bán thỏa thuận),Disclosed,750000,"$750,000",2,1,1,N/A,18.49,https://www.homely.com.au/homes/2-12-howell-place-wynn-vale-sa-5127/12846226
12682630,2026-02-13,13/02/2026,"55 Stanley Street, Leabrook SA 5068",Leabrook,City of Burnside & Core East,Private Treaty (Bán thỏa thuận),Undisclosed,,Price Undisclosed,4,2,2,1000m²,4.04,https://www.homely.com.au/homes/55-stanley-street-leabrook-sa-5068/12682630
12764931,2026-02-13,13/02/2026,"1 Toorak Avenue, Bellevue Heights SA 5050",Bellevue Heights,City of Mitcham & Foothills,Private Treaty (Bán thỏa thuận),Undisclosed,,Price Undisclosed,3,1,2,707m²,8.79,https://www.homely.com.au/homes/1-toorak-avenue-bellevue-heights-sa-5050/12764931
12826740,2026-02-12,12/02/2026,"3A Day Road, Glen Osmond SA 5064",Glen Osmond,City of Burnside & Core East,Private Treaty (Bán thỏa thuận),Disclosed,1959989,"$1,959,989",4,3,2,449m²,1.36,https://www.homely.com.au/homes/3a-day-road-glen-osmond-sa-5064/12826740
12807789,2026-02-12,12/02/2026,"49 Gunther Parade, Pasadena SA 5042",Pasadena,City of Mitcham & Foothills,Private Treaty (Bán thỏa thuận),Disclosed,901000,"$901,000",2,1,2,462m²,6.11,https://www.homely.com.au/homes/49-gunther-parade-pasadena-sa-5042/12807789
12818872,2026-02-12,12/02/2026,"1/27 Bevington Road, Glenunga SA 5064",Glenunga,City of Burnside & Core East,Private Treaty (Bán thỏa thuận),Disclosed,500000,"$500,000",1,1,1,N/A,1.24,https://www.homely.com.au/homes/1-27-bevington-road-glenunga-sa-5064/12818872
12661047,2026-02-12,12/02/2026,"37B Hill Avenue, Cumberland Park SA 5041",Cumberland Park,City of Mitcham & Foothills,Private Treaty (Bán thỏa thuận),Undisclosed,,Price Undisclosed,3,2,2,410m²,4.27,https://www.homely.com.au/homes/37b-hill-avenue-cumberland-park-sa-5041/12661047
12850958,2026-02-12,12/02/2026,"29 Lexington Road, Henley Beach South SA 5022",Henley Beach South,Western Coastal Corridors,Private Treaty (Bán thỏa thuận),Undisclosed,,Price Undisclosed,4,3,2,N/A,12.15,https://www.homely.com.au/homes/29-lexington-road-henley-beach-south-sa-5022/12850958
12841160,2026-02-11,11/02/2026,"35 Lindsay Terrace, Belair SA 5052",Belair,City of Mitcham & Foothills,Private Treaty (Bán thỏa thuận),Disclosed,1155000,"$1,155,000",3,2,3,1156m²,4.42,https://www.homely.com.au/homes/35-lindsay-terrace-belair-sa-5052/12841160
12766182,2026-02-11,11/02/2026,"95C Henley Beach Road, Henley Beach South SA 5022",Henley Beach South,Western Coastal Corridors,Private Treaty (Bán thỏa thuận),Disclosed,1150000,"$1,150,000",3,2,3,368m²,12.15,https://www.homely.com.au/homes/95c-henley-beach-road-henley-beach-south-sa-5/12766182
12816125,2026-02-11,11/02/2026,"53B St Marys Street, St Marys SA 5042",St Marys,City of Mitcham & Foothills,Private Treaty (Bán thỏa thuận),Disclosed,1050000,"$1,050,000",3,2,2,434m²,6.81,https://www.homely.com.au/homes/53b-st-marys-street-st-marys-sa-5042/12816125
12812904,2026-02-11,11/02/2026,"108 Quinlan Avenue, Pasadena SA 5042",Pasadena,City of Mitcham & Foothills,Private Treaty (Bán thỏa thuận),Disclosed,1000000,"$1,000,000",4,1,1,687m²,6.11,https://www.homely.com.au/homes/108-quinlan-avenue-pasadena-sa-5042/12812904
12841679,2026-02-11,11/02/2026,"3/24-26 Chatsworth Grove, Toorak Gardens SA 5065",Toorak Gardens,City of Burnside & Core East,Private Treaty (Bán thỏa thuận),Disclosed,715000,"$715,000",2,1,1,N/A,2.68,https://www.homely.com.au/homes/3-24-26-chatsworth-grove-toorak-gardens-sa-50/12841679
12830949,2026-02-11,11/02/2026,"4 Bagot Street, Glen Osmond SA 5064",Glen Osmond,City of Burnside & Core East,Private Treaty (Bán thỏa thuận),Undisclosed,,Price Undisclosed,4,2,2,1045m²,1.36,https://www.homely.com.au/homes/4-bagot-street-glen-osmond-sa-5064/12830949
12819034,2026-02-11,11/02/2026,"29 Willora Road, Eden Hills SA 5050",Eden Hills,City of Mitcham & Foothills,Private Treaty (Bán thỏa thuận),Undisclosed,,Price Undisclosed,5,2,4,933m²,7.12,https://www.homely.com.au/homes/29-willora-road-eden-hills-sa-5050/12819034
12658464,2026-02-11,11/02/2026,"12 Hatwell Court, Underdale SA 5032",Underdale,Western Coastal Corridors,Private Treaty (Bán thỏa thuận),Undisclosed,,Price Undisclosed,4,2,4,531m²,7.65,https://www.homely.com.au/homes/12-hatwell-court-underdale-sa-5032/12658464
12823393,2026-02-10,10/02/2026,"2D White Avenue, Fullarton SA 5063",Fullarton,City of Unley & Prestige South,Private Treaty (Bán thỏa thuận),Disclosed,1262500,"$1,262,500",3,3,1,N/A,1.24,https://www.homely.com.au/homes/2d-white-avenue-fullarton-sa-5063/12823393
12837412,2026-02-10,10/02/2026,"14A Sexton Road, Brighton SA 5048",Brighton,Western Coastal Corridors,Private Treaty (Bán thỏa thuận),Disclosed,1045000,"$1,045,000",3,2,3,298m²,12.37,https://www.homely.com.au/homes/14a-sexton-road-brighton-sa-5048/12837412
12821221,2026-02-10,10/02/2026,"410/1 Banksia Street, Glenside SA 5065",Glenside,City of Burnside & Core East,Private Treaty (Bán thỏa thuận),Disclosed,860000,"$860,000",2,1,1,N/A,2.06,https://www.homely.com.au/homes/410-1-banksia-street-glenside-sa-5065/12821221
12812672,2026-02-10,10/02/2026,"4/8a Hulbert Street, Hove SA 5048",Hove,Western Coastal Corridors,Private Treaty (Bán thỏa thuận),Disclosed,845000,"$845,000",2,1,2,N/A,12.45,https://www.homely.com.au/homes/4-8a-hulbert-street-hove-sa-5048/12812672
12845241,2026-02-10,10/02/2026,"41 Augusta Street, Maylands SA 5069",Maylands,"Norwood, Campbelltown & North-East Core",Private Treaty (Bán thỏa thuận),Undisclosed,,Price Undisclosed,4,1,2,778m²,4.38,https://www.homely.com.au/homes/41-augusta-street-maylands-sa-5069/12845241
12795149,2026-02-10,10/02/2026,"5 Rothbury Avenue, Heathpool SA 5068",Heathpool,"Norwood, Campbelltown & North-East Core",Private Treaty (Bán thỏa thuận),Undisclosed,,Price Undisclosed,4,2,3,1137m²,3.89,https://www.homely.com.au/homes/5-rothbury-avenue-heathpool-sa-5068/12795149
12816221,2026-02-10,10/02/2026,"5/21 Hillrise Court, Wynn Vale SA 5127",Wynn Vale,Adelaide Hills & Tea Tree Gully Safe Enclaves,Private Treaty (Bán thỏa thuận),Undisclosed,,Price Undisclosed,3,1,1,N/A,18.49,https://www.homely.com.au/homes/5-21-hillrise-court-wynn-vale-sa-5127/12816221
12799935,2026-02-09,09/02/2026,"20 Day Road, Glen Osmond SA 5064",Glen Osmond,City of Burnside & Core East,Private Treaty (Bán thỏa thuận),Disclosed,1950000,"$1,950,000",4,2,2,535m²,1.36,https://www.homely.com.au/homes/20-day-road-glen-osmond-sa-5064/12799935
12821223,2026-02-09,09/02/2026,"20 Eucalyptus Lane, Glenside SA 5065",Glenside,City of Burnside & Core East,Private Treaty (Bán thỏa thuận),Disclosed,1290000,"$1,290,000",3,2,2,158m²,2.06,https://www.homely.com.au/homes/20-eucalyptus-lane-glenside-sa-5065/12821223
12827166,2026-02-09,09/02/2026,"127 Coromandel Parade, Coromandel Valley SA 5051",Coromandel Valley,City of Mitcham & Foothills,Private Treaty (Bán thỏa thuận),Disclosed,995000,"$995,000",3,1,3,1107m²,9.16,https://www.homely.com.au/homes/127-coromandel-parade-coromandel-valley-sa-50/12827166
12844865,2026-02-09,09/02/2026,"3/136 Grant Avenue, Toorak Gardens SA 5065",Toorak Gardens,City of Burnside & Core East,Private Treaty (Bán thỏa thuận),Disclosed,980000,"$980,000",2,1,1,N/A,2.68,https://www.homely.com.au/homes/3-136-grant-avenue-toorak-gardens-sa-5065/12844865
12783076,2026-02-08,08/02/2026,"48 Brandreth Street, Tusmore SA 5065",Tusmore,City of Burnside & Core East,Private Treaty (Bán thỏa thuận),Disclosed,1900000,"$1,900,000",3,2,3,696m²,3.05,https://www.homely.com.au/homes/48-brandreth-street-tusmore-sa-5065/12783076
12804574,2026-02-08,08/02/2026,"82 Opey Avenue, Hyde Park SA 5061",Hyde Park,City of Unley & Prestige South,Private Treaty (Bán thỏa thuận),Disclosed,1570000,"$1,570,000",3,1,1,258m²,3.2,https://www.homely.com.au/homes/82-opey-avenue-hyde-park-sa-5061/12804574
12800783,2026-02-07,07/02/2026,"10 Morcomb Street, Stepney SA 5069",Stepney,"Norwood, Campbelltown & North-East Core",Private Treaty (Bán thỏa thuận),Disclosed,1800000,"$1,800,000",3,2,2,497m²,4.73,https://www.homely.com.au/homes/10-morcomb-street-stepney-sa-5069/12800783
12803842,2026-02-07,07/02/2026,"40 Salop Street, Beulah Park SA 5067",Beulah Park,City of Burnside & Core East,Private Treaty (Bán thỏa thuận),Disclosed,1575000,"$1,575,000",4,1,1,534m²,4.39,https://www.homely.com.au/homes/40-salop-street-beulah-park-sa-5067/12803842
12802429,2026-02-07,07/02/2026,"11 Anson Avenue, Clapham SA 5062",Clapham,City of Mitcham & Foothills,Private Treaty (Bán thỏa thuận),Disclosed,1415000,"$1,415,000",3,1,2,690m²,4.05,https://www.homely.com.au/homes/11-anson-avenue-clapham-sa-5062/12802429
12788085,2026-02-07,07/02/2026,"28 Ferguson Avenue, Myrtle Bank SA 5064",Myrtle Bank,City of Burnside & Core East,Private Treaty (Bán thỏa thuận),Disclosed,950000,"$950,000",2,1,1,357m²,0.09,https://www.homely.com.au/homes/28-ferguson-avenue-myrtle-bank-sa-5064/12788085
12767548,2026-02-06,06/02/2026,"66 Jervois Terrace, Marino SA 5049",Marino,Western Coastal Corridors,Private Treaty (Bán thỏa thuận),Disclosed,1400000,"$1,400,000",5,2,2,800m²,14.91,https://www.homely.com.au/homes/66-jervois-terrace-marino-sa-5049/12767548
12813724,2026-02-06,06/02/2026,"1/360-362 Hancock Road, Surrey Downs SA 5126",Surrey Downs,Adelaide Hills & Tea Tree Gully Safe Enclaves,Private Treaty (Bán thỏa thuận),Disclosed,600000,"$600,000",2,1,1,101m²,19.29,https://www.homely.com.au/homes/1-360-362-hancock-road-surrey-downs-sa-5126/12813724
12819216,2026-02-06,06/02/2026,"17/87 Mary Street, Unley SA 5061",Unley,City of Unley & Prestige South,Private Treaty (Bán thỏa thuận),Disclosed,593000,"$593,000",2,1,1,N/A,2.78,https://www.homely.com.au/homes/17-87-mary-street-unley-sa-5061/12819216
12783486,2026-02-06,06/02/2026,"52 Hughes Street, Unley SA 5061",Unley,City of Unley & Prestige South,Private Treaty (Bán thỏa thuận),Undisclosed,,Price Undisclosed,3,2,3,752m²,2.78,https://www.homely.com.au/homes/52-hughes-street-unley-sa-5061/12783486
12620398,2026-02-06,06/02/2026,"21 Wattlebury Road, Lower Mitcham SA 5062",Lower Mitcham,City of Mitcham & Foothills,Private Treaty (Bán thỏa thuận),Undisclosed,,Price Undisclosed,3,2,4,895m²,2.68,https://www.homely.com.au/homes/21-wattlebury-road-lower-mitcham-sa-5062/12620398
12797131,2026-02-06,06/02/2026,"4/322 Henley Beach Road, Underdale SA 5032",Underdale,Western Coastal Corridors,Private Treaty (Bán thỏa thuận),Undisclosed,,Price Undisclosed,3,2,4,305m²,7.65,https://www.homely.com.au/homes/4-322-henley-beach-road-underdale-sa-5032/12797131
12784362,2026-02-05,05/02/2026,"6/144 Seaview Road, Henley Beach South SA 5022",Henley Beach South,Western Coastal Corridors,Private Treaty (Bán thỏa thuận),Disclosed,545000,"$545,000",2,1,1,68m²,12.15,https://www.homely.com.au/homes/6-144-seaview-road-henley-beach-south-sa-5022/12784362
12815990,2026-02-05,05/02/2026,"1 Lossie Street, Kensington Park SA 5068",Kensington Park,City of Burnside & Core East,Private Treaty (Bán thỏa thuận),Undisclosed,,Price Undisclosed,5,3,2,426m²,4.1,https://www.homely.com.au/homes/1-lossie-street-kensington-park-sa-5068/12815990
12606553,2026-02-05,05/02/2026,"21 Parham Road, Eden Hills SA 5050",Eden Hills,City of Mitcham & Foothills,Private Treaty (Bán thỏa thuận),Undisclosed,,Price Undisclosed,5,2,4,1364m²,7.12,https://www.homely.com.au/homes/21-parham-road-eden-hills-sa-5050/12606553
12783464,2026-02-05,05/02/2026,"9/70 Military Road, Tennyson SA 5022",Tennyson,Western Coastal Corridors,Private Treaty (Bán thỏa thuận),Undisclosed,,Price Undisclosed,2,1,1,N/A,15.79,https://www.homely.com.au/homes/9-70-military-road-tennyson-sa-5022/12783464
12190237,2026-02-04,04/02/2026,"16 Old Norton Summit Road, Auldana SA 5072",Auldana,City of Burnside & Core East,Private Treaty (Bán thỏa thuận),Disclosed,3200000,"$3,200,000",5,3,2,24300m²,6.73,https://www.homely.com.au/homes/16-old-norton-summit-road-auldana-sa-5072/12190237
12766811,2026-02-04,04/02/2026,"59 Marine Parade, Seacliff SA 5049",Seacliff,Western Coastal Corridors,Private Treaty (Bán thỏa thuận),Disclosed,2150000,"$2,150,000",4,3,4,571m²,13.63,https://www.homely.com.au/homes/59-marine-parade-seacliff-sa-5049/12766811
12812800,2026-02-04,04/02/2026,"19 Ellis Avenue, Eden Hills SA 5050",Eden Hills,City of Mitcham & Foothills,Private Treaty (Bán thỏa thuận),Disclosed,1270000,"$1,270,000",4,2,4,1475m²,7.12,https://www.homely.com.au/homes/19-ellis-avenue-eden-hills-sa-5050/12812800
12802619,2026-02-04,04/02/2026,"35 Grevillea Way, Blackwood SA 5051",Blackwood,City of Mitcham & Foothills,Private Treaty (Bán thỏa thuận),Disclosed,1220000,"$1,220,000",4,2,4,2067m²,7.07,https://www.homely.com.au/homes/35-grevillea-way-blackwood-sa-5051/12802619
12795295,2026-02-04,04/02/2026,"70 Quinlan Avenue, St Marys SA 5042",St Marys,City of Mitcham & Foothills,Private Treaty (Bán thỏa thuận),Disclosed,945000,"$945,000",3,1,2,452m²,6.81,https://www.homely.com.au/homes/70-quinlan-avenue-st-marys-sa-5042/12795295
12799976,2026-02-04,04/02/2026,"2/11 West Terrace, Beaumont SA 5066",Beaumont,City of Burnside & Core East,Private Treaty (Bán thỏa thuận),Disclosed,800000,"$800,000",2,1,2,294m²,3.12,https://www.homely.com.au/homes/2-11-west-terrace-beaumont-sa-5066/12799976
12806102,2026-02-04,04/02/2026,"26A Eva Avenue, Redwood Park SA 5097",Redwood Park,Adelaide Hills & Tea Tree Gully Safe Enclaves,Private Treaty (Bán thỏa thuận),Disclosed,765000,"$765,000",3,1,1,414m²,17.11,https://www.homely.com.au/homes/26a-eva-avenue-redwood-park-sa-5097/12806102
12794296,2026-02-04,04/02/2026,"212/160 Fullarton Road, Rose Park SA 5067",Rose Park,City of Burnside & Core East,Private Treaty (Bán thỏa thuận),Undisclosed,,Price Undisclosed,1,1,1,N/A,3.37,https://www.homely.com.au/homes/212-160-fullarton-road-rose-park-sa-5067/12794296
12658370,2026-02-04,04/02/2026,"15A Ross Street, Everard Park SA 5035",Everard Park,City of Unley & Prestige South,Private Treaty (Bán thỏa thuận),Undisclosed,,Price Undisclosed,4,2,2,344m²,4.93,https://www.homely.com.au/homes/15a-ross-street-everard-park-sa-5035/12658370
12801051,2026-02-04,04/02/2026,"13 Patricia Street, Coromandel Valley SA 5051",Coromandel Valley,City of Mitcham & Foothills,Private Treaty (Bán thỏa thuận),Undisclosed,,Price Undisclosed,3,1,1,1240m²,9.16,https://www.homely.com.au/homes/13-patricia-street-coromandel-valley-sa-5051/12801051
12794249,2026-02-04,04/02/2026,"12 Rogers Court, Aldgate SA 5154",Aldgate,Adelaide Hills & Tea Tree Gully Safe Enclaves,Private Treaty (Bán thỏa thuận),Undisclosed,,Price Undisclosed,3,2,2,1832m²,11.23,https://www.homely.com.au/homes/12-rogers-court-aldgate-sa-5154/12794249
12821472,2026-02-04,04/02/2026,"19 Woorabinda Drive, Stirling SA 5152",Stirling,Adelaide Hills & Tea Tree Gully Safe Enclaves,Private Treaty (Bán thỏa thuận),Undisclosed,,Price Undisclosed,3,2,2,1205m²,9.62,https://www.homely.com.au/homes/19-woorabinda-drive-stirling-sa-5152/12821472
12824017,2026-02-04,04/02/2026,"18 Valley Side Drive, Crafers SA 5152",Crafers,Adelaide Hills & Tea Tree Gully Safe Enclaves,Private Treaty (Bán thỏa thuận),Undisclosed,,Price Undisclosed,4,3,2,1867m²,7.71,https://www.homely.com.au/homes/18-valley-side-drive-crafers-sa-5152/12824017
12824587,2026-02-04,04/02/2026,"89 Swamp Road, Uraidla SA 5142",Uraidla,Adelaide Hills & Tea Tree Gully Safe Enclaves,Private Treaty (Bán thỏa thuận),Undisclosed,,Price Undisclosed,2,1,1,2007m²,10.31,https://www.homely.com.au/homes/89-swamp-road-uraidla-sa-5142/12824587
12805444,2026-02-03,03/02/2026,"117B Ashbrook Avenue, Trinity Gardens SA 5068",Trinity Gardens,"Norwood, Campbelltown & North-East Core",Private Treaty (Bán thỏa thuận),Disclosed,1855000,"$1,855,000",3,2,4,414m²,4.82,https://www.homely.com.au/homes/117b-ashbrook-avenue-trinity-gardens-sa-5068/12805444
12812799,2026-02-03,03/02/2026,"20 Yurilla Drive, Bellevue Heights SA 5050",Bellevue Heights,City of Mitcham & Foothills,Private Treaty (Bán thỏa thuận),Disclosed,1570000,"$1,570,000",3,2,4,1254m²,8.79,https://www.homely.com.au/homes/20-yurilla-drive-bellevue-heights-sa-5050/12812799
12600799,2026-02-03,03/02/2026,"25 Batley Ave, Hawthorndene SA 5051",Hawthorndene,City of Mitcham & Foothills,Private Treaty (Bán thỏa thuận),Disclosed,1005000,"$1,005,000",3,1,2,2037m²,2.99,https://www.homely.com.au/homes/25-batley-ave-hawthorndene-sa-5051/12600799
12684876,2026-02-03,03/02/2026,"26 Linden Ave, Hazelwood Park SA 5066",Hazelwood Park,City of Burnside & Core East,Private Treaty (Bán thỏa thuận),Undisclosed,,Price Undisclosed,4,2,3,731m²,3.55,https://www.homely.com.au/homes/26-linden-ave-hazelwood-park-sa-5066/12684876
12551698,2026-02-03,03/02/2026,"3 Gifford Avenue, St Agnes SA 5097",St Agnes,Adelaide Hills & Tea Tree Gully Safe Enclaves,Private Treaty (Bán thỏa thuận),Undisclosed,,Price Undisclosed,4,2,2,245.2m²,15.94,https://www.homely.com.au/homes/3-gifford-avenue-st-agnes-sa-5097/12551698
12823893,2026-02-02,02/02/2026,"19 Muggs Hill Road, Torrens Park SA 5062",Torrens Park,City of Mitcham & Foothills,Private Treaty (Bán thỏa thuận),Disclosed,2300000,"$2,300,000",4,3,5,811m²,2.77,https://www.homely.com.au/homes/19-muggs-hill-road-torrens-park-sa-5062/12823893
12779764,2026-02-02,02/02/2026,"29 Battams Road, Royston Park SA 5070",Royston Park,"Norwood, Campbelltown & North-East Core",Private Treaty (Bán thỏa thuận),Disclosed,1460000,"$1,460,000",3,1,2,570m²,6.66,https://www.homely.com.au/homes/29-battams-road-royston-park-sa-5070/12779764
12804700,2026-02-02,02/02/2026,"15A Perseverance Road, Tea Tree Gully SA 5091",Tea Tree Gully,Adelaide Hills & Tea Tree Gully Safe Enclaves,Private Treaty (Bán thỏa thuận),Disclosed,1360000,"$1,360,000",4,2,2,357m²,16.9,https://www.homely.com.au/homes/15a-perseverance-road-tea-tree-gully-sa-5091/12804700
12770795,2026-02-02,02/02/2026,"3A White Avenue, Tea Tree Gully SA 5091",Tea Tree Gully,Adelaide Hills & Tea Tree Gully Safe Enclaves,Private Treaty (Bán thỏa thuận),Disclosed,1210000,"$1,210,000",4,2,2,554m²,16.9,https://www.homely.com.au/homes/3a-white-avenue-tea-tree-gully-sa-5091/12770795
12779582,2026-02-02,02/02/2026,"1/488 Fullarton Road, Myrtle Bank SA 5064",Myrtle Bank,City of Burnside & Core East,Private Treaty (Bán thỏa thuận),Disclosed,750000,"$750,000",2,1,1,151m²,0.09,https://www.homely.com.au/homes/1-488-fullarton-road-myrtle-bank-sa-5064/12779582
12782973,2026-02-02,02/02/2026,"1217 Greenhill Road, Uraidla SA 5142",Uraidla,Adelaide Hills & Tea Tree Gully Safe Enclaves,Private Treaty (Bán thỏa thuận),Disclosed,662000,"$662,000",2,1,2,1369m²,10.31,https://www.homely.com.au/homes/1217-greenhill-road-uraidla-sa-5142/12782973
12785252,2026-02-02,02/02/2026,"12 Gladstone Street, Fullarton SA 5063",Fullarton,City of Unley & Prestige South,Private Treaty (Bán thỏa thuận),Undisclosed,,Price Undisclosed,5,3,2,N/A,1.24,https://www.homely.com.au/homes/12-gladstone-street-fullarton-sa-5063/12785252
12652507,2026-02-02,02/02/2026,"42A Birdwood Street, Mitcham SA 5062",Mitcham,City of Mitcham & Foothills,Private Treaty (Bán thỏa thuận),Undisclosed,,Price Undisclosed,4,2,4,569m²,2.68,https://www.homely.com.au/homes/42a-birdwood-street-mitcham-sa-5062/12652507
12784638,2026-02-02,02/02/2026,"22A Farncomb Road, Fulham SA 5024",Fulham,Western Coastal Corridors,Private Treaty (Bán thỏa thuận),Undisclosed,,Price Undisclosed,3,2,2,395m²,10.46,https://www.homely.com.au/homes/22a-farncomb-road-fulham-sa-5024/12784638
12784669,2026-01-31,31/01/2026,"2 Piccadilly Circus, Colonel Light Gardens SA 5041",Colonel Light Gardens,City of Mitcham & Foothills,Private Treaty (Bán thỏa thuận),Disclosed,1505000,"$1,505,000",3,2,3,780m²,4.41,https://www.homely.com.au/homes/2-piccadilly-circus-colonel-light-gardens-sa/12784669
12785536,2026-01-31,31/01/2026,"5 Weetunga Street, Fulham SA 5024",Fulham,Western Coastal Corridors,Private Treaty (Bán thỏa thuận),Disclosed,1480000,"$1,480,000",4,1,3,670m²,10.46,https://www.homely.com.au/homes/5-weetunga-street-fulham-sa-5024/12785536
12747543,2026-01-31,31/01/2026,"2 Aboyne Road, Lower Mitcham SA 5062",Lower Mitcham,City of Mitcham & Foothills,Private Treaty (Bán thỏa thuận),Disclosed,1350000,"$1,350,000",3,2,2,476m²,2.68,https://www.homely.com.au/homes/2-aboyne-road-lower-mitcham-sa-5062/12747543
12787032,2026-01-31,31/01/2026,"7 Milne Street, Glen Osmond SA 5064",Glen Osmond,City of Burnside & Core East,Private Treaty (Bán thỏa thuận),Disclosed,1280000,"$1,280,000",3,2,1,449m²,1.36,https://www.homely.com.au/homes/7-milne-street-glen-osmond-sa-5064/12787032
12783953,2026-01-31,31/01/2026,"5 Tram Street, Kensington SA 5068",Kensington,"Norwood, Campbelltown & North-East Core",Private Treaty (Bán thỏa thuận),Disclosed,1210000,"$1,210,000",3,1,1,N/A,4.96,https://www.homely.com.au/homes/5-tram-street-kensington-sa-5068/12783953
12812798,2026-01-31,31/01/2026,"15 Nicolle Avenue, Hawthorndene SA 5051",Hawthorndene,City of Mitcham & Foothills,Private Treaty (Bán thỏa thuận),Disclosed,1200000,"$1,200,000",3,1,3,933m²,2.99,https://www.homely.com.au/homes/15-nicolle-avenue-hawthorndene-sa-5051/12812798
12787034,2026-01-31,31/01/2026,"29 Parkers Road, Torrens Park SA 5062",Torrens Park,City of Mitcham & Foothills,Private Treaty (Bán thỏa thuận),Disclosed,1100000,"$1,100,000",3,1,1,791m²,2.77,https://www.homely.com.au/homes/29-parkers-road-torrens-park-sa-5062/12787034
12781228,2026-01-31,31/01/2026,"38 McEwin Avenue, Redwood Park SA 5097",Redwood Park,Adelaide Hills & Tea Tree Gully Safe Enclaves,Private Treaty (Bán thỏa thuận),Disclosed,785000,"$785,000",3,1,2,590m²,17.11,https://www.homely.com.au/homes/38-mcewin-avenue-redwood-park-sa-5097/12781228
12787031,2026-01-31,31/01/2026,"5/115 Allinga Avenue, Glenunga SA 5064",Glenunga,City of Burnside & Core East,Private Treaty (Bán thỏa thuận),Disclosed,771000,"$771,000",2,1,1,N/A,1.24,https://www.homely.com.au/homes/5-115-allinga-avenue-glenunga-sa-5064/12787031
12784198,2026-01-31,31/01/2026,"7 Denton Court, Wynn Vale SA 5127",Wynn Vale,Adelaide Hills & Tea Tree Gully Safe Enclaves,Private Treaty (Bán thỏa thuận),Disclosed,687000,"$687,000",2,1,1,372m²,18.49,https://www.homely.com.au/homes/7-denton-court-wynn-vale-sa-5127/12784198
12782342,2026-01-31,31/01/2026,"7/65 Tusmore Avenue, Tusmore SA 5065",Tusmore,City of Burnside & Core East,Private Treaty (Bán thỏa thuận),Undisclosed,,Price Undisclosed,2,1,2,143m²,3.05,https://www.homely.com.au/homes/7-65-tusmore-avenue-tusmore-sa-5065/12782342
12785644,2026-01-31,31/01/2026,"45 Rochester Street, Leabrook SA 5068",Leabrook,City of Burnside & Core East,Private Treaty (Bán thỏa thuận),Undisclosed,,Price Undisclosed,3,2,2,885m²,4.04,https://www.homely.com.au/homes/45-rochester-street-leabrook-sa-5068/12785644
12774373,2026-01-31,31/01/2026,"4 Buchan Avenue, Beaumont SA 5066",Beaumont,City of Burnside & Core East,Private Treaty (Bán thỏa thuận),Undisclosed,,Price Undisclosed,3,1,2,673m²,3.12,https://www.homely.com.au/homes/4-buchan-avenue-beaumont-sa-5066/12774373
12793336,2026-01-31,31/01/2026,"2/3 Tyne Place, Unley SA 5061",Unley,City of Unley & Prestige South,Private Treaty (Bán thỏa thuận),Undisclosed,,Price Undisclosed,2,2,1,N/A,2.78,https://www.homely.com.au/homes/2-3-tyne-place-unley-sa-5061/12793336
12782724,2026-01-31,31/01/2026,"15 Glyde Street, Beulah Park SA 5067",Beulah Park,City of Burnside & Core East,Private Treaty (Bán thỏa thuận),Undisclosed,,Price Undisclosed,1,1,2,318m²,4.39,https://www.homely.com.au/homes/15-glyde-street-beulah-park-sa-5067/12782724
12800566,2026-01-31,31/01/2026,"9 Hurds Hill Drive, Coromandel Valley SA 5051",Coromandel Valley,City of Mitcham & Foothills,Private Treaty (Bán thỏa thuận),Undisclosed,,Price Undisclosed,4,2,2,920m²,9.16,https://www.homely.com.au/homes/9-hurds-hill-drive-coromandel-valley-sa-5051/12800566
12775165,2026-01-31,31/01/2026,"44 Avonmore Avenue, Trinity Gardens SA 5068",Trinity Gardens,"Norwood, Campbelltown & North-East Core",Private Treaty (Bán thỏa thuận),Undisclosed,,Price Undisclosed,3,1,1,902m²,4.82,https://www.homely.com.au/homes/44-avonmore-avenue-trinity-gardens-sa-5068/12775165
12774438,2026-01-31,31/01/2026,"53 Gwynne Street, Firle SA 5070",Firle,"Norwood, Campbelltown & North-East Core",Private Treaty (Bán thỏa thuận),Undisclosed,,Price Undisclosed,3,1,4,952m²,5.69,https://www.homely.com.au/homes/53-gwynne-street-firle-sa-5070/12774438
12784314,2026-01-30,30/01/2026,"29 Merrion Terrace, Stirling SA 5152",Stirling,Adelaide Hills & Tea Tree Gully Safe Enclaves,Private Treaty (Bán thỏa thuận),Undisclosed,,Price Undisclosed,4,2,1,1059m²,9.62,https://www.homely.com.au/homes/29-merrion-terrace-stirling-sa-5152/12784314
12696184,2026-01-29,29/01/2026,"12 Stafford Grove, Heathpool SA 5068",Heathpool,"Norwood, Campbelltown & North-East Core",Private Treaty (Bán thỏa thuận),Disclosed,2088000,"$2,088,000",4,2,2,717m²,3.89,https://www.homely.com.au/homes/12-stafford-grove-heathpool-sa-5068/12696184
12805710,2026-01-29,29/01/2026,"46 Yacca Road, Seacliff SA 5049",Seacliff,Western Coastal Corridors,Private Treaty (Bán thỏa thuận),Disclosed,1385000,"$1,385,000",3,1,1,650m²,13.63,https://www.homely.com.au/homes/46-yacca-road-seacliff-sa-5049/12805710
12782924,2026-01-29,29/01/2026,"31 Lerwick Avenue, Hazelwood Park SA 5066",Hazelwood Park,City of Burnside & Core East,Private Treaty (Bán thỏa thuận),Undisclosed,,Price Undisclosed,3,1,1,N/A,3.55,https://www.homely.com.au/homes/31-lerwick-avenue-hazelwood-park-sa-5066/12782924
12651002,2026-01-29,29/01/2026,"25B Austral Avenue, Linden Park SA 5065",Linden Park,City of Burnside & Core East,Private Treaty (Bán thỏa thuận),Undisclosed,,Price Undisclosed,4,3,2,351m²,2.36,https://www.homely.com.au/homes/25b-austral-avenue-linden-park-sa-5065/12651002
12743406,2026-01-29,29/01/2026,"4 Miranda Street, Eden Hills SA 5050",Eden Hills,City of Mitcham & Foothills,Private Treaty (Bán thỏa thuận),Undisclosed,,Price Undisclosed,4,2,5,1029m²,7.12,https://www.homely.com.au/homes/4-miranda-street-eden-hills-sa-5050/12743406
12807648,2026-01-29,29/01/2026,"8/7 Winchester Street, St Peters SA 5069",St Peters,"Norwood, Campbelltown & North-East Core",Private Treaty (Bán thỏa thuận),Undisclosed,,Price Undisclosed,2,1,1,N/A,5.12,https://www.homely.com.au/homes/8-7-winchester-street-st-peters-sa-5069/12807648
12573583,2026-01-28,28/01/2026,"81 Fisher Street, Fullarton SA 5063",Fullarton,City of Unley & Prestige South,Private Treaty (Bán thỏa thuận),Disclosed,2858000,"$2,858,000",5,2,3,1256m²,1.24,https://www.homely.com.au/homes/81-fisher-street-fullarton-sa-5063/12573583
12667427,2026-01-28,28/01/2026,"87 Albert Street, Goodwood SA 5034",Goodwood,City of Unley & Prestige South,Private Treaty (Bán thỏa thuận),Disclosed,2350000,"$2,350,000",3,2,2,N/A,4.14,https://www.homely.com.au/homes/87-albert-street-goodwood-sa-5034/12667427
12783485,2026-01-28,28/01/2026,"53A Kauri Parade, Seacliff SA 5049",Seacliff,Western Coastal Corridors,Private Treaty (Bán thỏa thuận),Disclosed,1901000,"$1,901,000",4,2,2,711m²,13.63,https://www.homely.com.au/homes/53a-kauri-parade-seacliff-sa-5049/12783485
12778467,2026-01-28,28/01/2026,"27a Arnold Avenue, Firle SA 5070",Firle,"Norwood, Campbelltown & North-East Core",Private Treaty (Bán thỏa thuận),Disclosed,1650000,"$1,650,000",4,3,2,362m²,5.69,https://www.homely.com.au/homes/27a-arnold-avenue-firle-sa-5070/12778467
12773390,2026-01-28,28/01/2026,"11 Pembroke Place, Colonel Light Gardens SA 5041",Colonel Light Gardens,City of Mitcham & Foothills,Private Treaty (Bán thỏa thuận),Disclosed,1550000,"$1,550,000",3,1,2,699m²,4.41,https://www.homely.com.au/homes/11-pembroke-place-colonel-light-gardens-sa-50/12773390
12523829,2026-01-28,28/01/2026,"12a John Fisher Drive, Torrens Park SA 5062",Torrens Park,City of Mitcham & Foothills,Private Treaty (Bán thỏa thuận),Disclosed,1100000,"$1,100,000",3,2,1,725m²,2.77,https://www.homely.com.au/homes/12a-john-fisher-drive-torrens-park-sa-5062/12523829
12682406,2026-01-28,28/01/2026,"18/501 Fullarton Road, Highgate SA 5063",Highgate,City of Unley & Prestige South,Private Treaty (Bán thỏa thuận),Disclosed,1020000,"$1,020,000",3,2,2,N/A,0.84,https://www.homely.com.au/homes/18-501-fullarton-road-highgate-sa-5063/12682406
12778470,2026-01-28,28/01/2026,"1/28 Park Road, Kensington Park SA 5068",Kensington Park,City of Burnside & Core East,Private Treaty (Bán thỏa thuận),Disclosed,980000,"$980,000",2,1,2,327m²,4.1,https://www.homely.com.au/homes/1-28-park-road-kensington-park-sa-5068/12778470
12766188,2026-01-28,28/01/2026,"1/3 East Parade, Kingswood SA 5062",Kingswood,City of Mitcham & Foothills,Private Treaty (Bán thỏa thuận),Disclosed,890200,"$890,200",3,2,2,N/A,1.95,https://www.homely.com.au/homes/1-3-east-parade-kingswood-sa-5062/12766188
12722145,2026-01-28,28/01/2026,"501/9 Banksia Street, Glenside SA 5065",Glenside,City of Burnside & Core East,Private Treaty (Bán thỏa thuận),Undisclosed,,Price Undisclosed,2,2,1,N/A,2.06,https://www.homely.com.au/homes/501-9-banksia-street-glenside-sa-5065/12722145
12774325,2026-01-28,28/01/2026,"4/4 Torrens Street, Mitcham SA 5062",Mitcham,City of Mitcham & Foothills,Private Treaty (Bán thỏa thuận),Undisclosed,,Price Undisclosed,1,1,1,N/A,2.68,https://www.homely.com.au/homes/4-4-torrens-street-mitcham-sa-5062/12774325
12681815,2026-01-28,28/01/2026,"15 Stephen Terrace, St Peters SA 5069",St Peters,"Norwood, Campbelltown & North-East Core",Private Treaty (Bán thỏa thuận),Undisclosed,,Price Undisclosed,3,2,3,N/A,5.12,https://www.homely.com.au/homes/15-stephen-terrace-st-peters-sa-5069/12681815
12809753,2026-01-28,28/01/2026,"92 Phillis Street, Maylands SA 5069",Maylands,"Norwood, Campbelltown & North-East Core",Private Treaty (Bán thỏa thuận),Undisclosed,,Price Undisclosed,4,2,2,N/A,4.38,https://www.homely.com.au/homes/92-phillis-street-maylands-sa-5069/12809753
12703245,2026-01-28,28/01/2026,"15 Military Road, Tennyson SA 5022",Tennyson,Western Coastal Corridors,Private Treaty (Bán thỏa thuận),Undisclosed,,Price Undisclosed,3,2,3,323m²,15.79,https://www.homely.com.au/homes/15-military-road-tennyson-sa-5022/12703245
12784414,2026-01-28,28/01/2026,"6 Armour Avenue, Underdale SA 5032",Underdale,Western Coastal Corridors,Private Treaty (Bán thỏa thuận),Undisclosed,,Price Undisclosed,3,1,2,712m²,7.65,https://www.homely.com.au/homes/6-armour-avenue-underdale-sa-5032/12784414
12800722,2026-01-27,27/01/2026,"2 Fisher Street, Tusmore SA 5065",Tusmore,City of Burnside & Core East,Private Treaty (Bán thỏa thuận),Disclosed,2050000,"$2,050,000",3,1,2,715m²,3.05,https://www.homely.com.au/homes/2-fisher-street-tusmore-sa-5065/12800722
12788791,2026-01-27,27/01/2026,"17 Bowman Avenue, Belair SA 5052",Belair,City of Mitcham & Foothills,Private Treaty (Bán thỏa thuận),Disclosed,1120000,"$1,120,000",3,2,1,830m²,4.42,https://www.homely.com.au/homes/17-bowman-avenue-belair-sa-5052/12788791
12804871,2026-01-27,27/01/2026,"3/405 Glynburn Road, Kensington Park SA 5068",Kensington Park,City of Burnside & Core East,Private Treaty (Bán thỏa thuận),Disclosed,738000,"$738,000",2,1,1,N/A,4.1,https://www.homely.com.au/homes/3-405-glynburn-road-kensington-park-sa-5068/12804871
12783859,2026-01-27,27/01/2026,"1/746 Goodwood Road, Pasadena SA 5042",Pasadena,City of Mitcham & Foothills,Private Treaty (Bán thỏa thuận),Disclosed,532000,"$532,000",2,1,1,N/A,6.11,https://www.homely.com.au/homes/1-746-goodwood-road-pasadena-sa-5042/12783859
12781643,2026-01-27,27/01/2026,"54 Mulberry Road, Glenside SA 5065",Glenside,City of Burnside & Core East,Private Treaty (Bán thỏa thuận),Undisclosed,,Price Undisclosed,4,2,2,N/A,2.06,https://www.homely.com.au/homes/54-mulberry-road-glenside-sa-5065/12781643
12740841,2026-01-27,27/01/2026,"12 Jessie Road, Kensington Park SA 5068",Kensington Park,City of Burnside & Core East,Private Treaty (Bán thỏa thuận),Undisclosed,,Price Undisclosed,4,3,2,827m²,4.1,https://www.homely.com.au/homes/12-jessie-road-kensington-park-sa-5068/12740841
12790186,2026-01-27,27/01/2026,"20 Glenwood Drive, Bellevue Heights SA 5050",Bellevue Heights,City of Mitcham & Foothills,Private Treaty (Bán thỏa thuận),Undisclosed,,Price Undisclosed,4,1,4,900m²,8.79,https://www.homely.com.au/homes/20-glenwood-drive-bellevue-heights-sa-5050/12790186
12758303,2026-01-27,27/01/2026,"17 Winterlake Way, Kidman Park SA 5025",Kidman Park,Western Coastal Corridors,Private Treaty (Bán thỏa thuận),Undisclosed,,Price Undisclosed,3,2,1,204m²,9.7,https://www.homely.com.au/homes/17-winterlake-way-kidman-park-sa-5025/12758303
12776500,2026-01-27,27/01/2026,"13 Millar Avenue, Crafers SA 5152",Crafers,Adelaide Hills & Tea Tree Gully Safe Enclaves,Private Treaty (Bán thỏa thuận),Undisclosed,,Price Undisclosed,4,1,2,2240m²,7.71,https://www.homely.com.au/homes/13-millar-avenue-crafers-sa-5152/12776500
12782526,2026-01-24,24/01/2026,"1/3 Charles Street, Payneham SA 5070",Payneham,"Norwood, Campbelltown & North-East Core",Private Treaty (Bán thỏa thuận),Disclosed,1150000,"$1,150,000",3,2,2,215m²,6.41,https://www.homely.com.au/homes/1-3-charles-street-payneham-sa-5070/12782526
12761884,2026-01-24,24/01/2026,"9 Currawong Avenue, Glenalta SA 5052",Glenalta,City of Mitcham & Foothills,Private Treaty (Bán thỏa thuận),Disclosed,790000,"$790,000",3,1,7,895m²,5.9,https://www.homely.com.au/homes/9-currawong-avenue-glenalta-sa-5052/12761884
12742653,2026-01-24,24/01/2026,"4/1A Winston Avenue, Cumberland Park SA 5041",Cumberland Park,City of Mitcham & Foothills,Private Treaty (Bán thỏa thuận),Disclosed,521000,"$521,000",2,1,1,68m²,4.27,https://www.homely.com.au/homes/4-1a-winston-avenue-cumberland-park-sa-5041/12742653
12719826,2026-01-23,23/01/2026,"401a Main Road, Coromandel Valley SA 5051",Coromandel Valley,City of Mitcham & Foothills,Private Treaty (Bán thỏa thuận),Disclosed,1300000,"$1,300,000",5,2,6,442m²,9.16,https://www.homely.com.au/homes/401a-main-road-coromandel-valley-sa-5051/12719826
12666157,2026-01-23,23/01/2026,"64/5 Mount Barker Road, Urrbrae SA 5064",Urrbrae,City of Mitcham & Foothills,Private Treaty (Bán thỏa thuận),Disclosed,1225000,"$1,225,000",3,2,2,N/A,1.55,https://www.homely.com.au/homes/64-5-mount-barker-road-urrbrae-sa-5064/12666157
12763830,2026-01-23,23/01/2026,"2/395 Glynburn Road, Kensington Park SA 5068",Kensington Park,City of Burnside & Core East,Private Treaty (Bán thỏa thuận),Disclosed,1200000,"$1,200,000",4,2,2,352m²,4.1,https://www.homely.com.au/homes/2-395-glynburn-road-kensington-park-sa-5068/12763830
12658778,2026-01-23,23/01/2026,"2/10 Tarcoola Street, Brighton SA 5048",Brighton,Western Coastal Corridors,Private Treaty (Bán thỏa thuận),Disclosed,845000,"$845,000",2,1,1,N/A,12.37,https://www.homely.com.au/homes/2-10-tarcoola-street-brighton-sa-5048/12658778
12784779,2026-01-23,23/01/2026,"61 Highfield Avenue, St Georges SA 5064",St Georges,City of Burnside & Core East,Private Treaty (Bán thỏa thuận),Undisclosed,,Price Undisclosed,4,4,2,N/A,1.58,https://www.homely.com.au/homes/61-highfield-avenue-st-georges-sa-5064/12784779
12784312,2026-01-23,23/01/2026,"26a Mulberry Road, Glenside SA 5065",Glenside,City of Burnside & Core East,Private Treaty (Bán thỏa thuận),Undisclosed,,Price Undisclosed,3,2,2,N/A,2.06,https://www.homely.com.au/homes/26a-mulberry-road-glenside-sa-5065/12784312
11902283,2026-01-22,22/01/2026,"17 Austin Crescent, St Georges SA 5064",St Georges,City of Burnside & Core East,Private Treaty (Bán thỏa thuận),Disclosed,2850000,"$2,850,000",4,2,2,689m²,1.58,https://www.homely.com.au/homes/17-austin-crescent-st-georges-sa-5064/11902283
12784181,2026-01-22,22/01/2026,"329 Strathalbyn Road, Mylor SA 5153",Mylor,Adelaide Hills & Tea Tree Gully Safe Enclaves,Private Treaty (Bán thỏa thuận),Disclosed,1736000,"$1,736,000",4,2,2,1113m²,14.71,https://www.homely.com.au/homes/329-strathalbyn-road-mylor-sa-5153/12784181
12708402,2026-01-22,22/01/2026,"23 Clinton Avenue, Myrtle Bank SA 5064",Myrtle Bank,City of Burnside & Core East,Private Treaty (Bán thỏa thuận),Undisclosed,,Price Undisclosed,4,5,4,1217m²,0.09,https://www.homely.com.au/homes/23-clinton-avenue-myrtle-bank-sa-5064/12708402
12772884,2026-01-22,22/01/2026,"1 Catherine Street, College Park SA 5069",College Park,"Norwood, Campbelltown & North-East Core",Private Treaty (Bán thỏa thuận),Undisclosed,,Price Undisclosed,3,2,1,N/A,4.89,https://www.homely.com.au/homes/1-catherine-street-college-park-sa-5069/12772884
12784413,2026-01-21,21/01/2026,"2/5 High Street, South Brighton SA 5048",South Brighton,Western Coastal Corridors,Private Treaty (Bán thỏa thuận),Disclosed,770000,"$770,000",2,1,2,171m²,12.37,https://www.homely.com.au/homes/2-5-high-street-south-brighton-sa-5048/12784413
12733112,2026-01-21,21/01/2026,"LOT 101, 35 Hoskin Avenue, Kidman Park SA 5025",Kidman Park,Western Coastal Corridors,Private Treaty (Bán thỏa thuận),Disclosed,750000,"$750,000",3,1,1,385m²,9.7,https://www.homely.com.au/homes/lot-101-35-hoskin-avenue-kidman-park-sa-5025/12733112
12820307,2026-01-21,21/01/2026,"22 Osborn Avenue, Beulah Park SA 5067",Beulah Park,City of Burnside & Core East,Private Treaty (Bán thỏa thuận),Undisclosed,,Price Undisclosed,3,1,1,977m²,4.39,https://www.homely.com.au/homes/22-osborn-avenue-beulah-park-sa-5067/12820307
12762670,2026-01-21,21/01/2026,"17 Thorpe Street, Torrens Park SA 5062",Torrens Park,City of Mitcham & Foothills,Private Treaty (Bán thỏa thuận),Undisclosed,,Price Undisclosed,4,2,2,618m²,2.77,https://www.homely.com.au/homes/17-thorpe-street-torrens-park-sa-5062/12762670
12791361,2026-01-21,21/01/2026,"320 Grenfell Road, Surrey Downs SA 5126",Surrey Downs,Adelaide Hills & Tea Tree Gully Safe Enclaves,Private Treaty (Bán thỏa thuận),Undisclosed,,Price Undisclosed,3,1,5,N/A,19.29,https://www.homely.com.au/homes/320-grenfell-road-surrey-downs-sa-5126/12791361
12765814,2026-01-20,20/01/2026,"8 Coach Road, Auldana SA 5072",Auldana,City of Burnside & Core East,Private Treaty (Bán thỏa thuận),Disclosed,2025000,"$2,025,000",4,3,4,911m²,6.73,https://www.homely.com.au/homes/8-coach-road-auldana-sa-5072/12765814
12781019,2026-01-20,20/01/2026,"10 Miller Street, Unley SA 5061",Unley,City of Unley & Prestige South,Private Treaty (Bán thỏa thuận),Disclosed,1203000,"$1,203,000",2,1,1,N/A,2.78,https://www.homely.com.au/homes/10-miller-street-unley-sa-5061/12781019
12765493,2026-01-20,20/01/2026,"19 Lewis Street, South Brighton SA 5048",South Brighton,Western Coastal Corridors,Private Treaty (Bán thỏa thuận),Disclosed,1155000,"$1,155,000",3,1,2,338m²,12.37,https://www.homely.com.au/homes/19-lewis-street-south-brighton-sa-5048/12765493
12784196,2026-01-20,20/01/2026,"17A Raymond Road, St Agnes SA 5097",St Agnes,Adelaide Hills & Tea Tree Gully Safe Enclaves,Private Treaty (Bán thỏa thuận),Disclosed,845000,"$845,000",3,2,2,N/A,15.94,https://www.homely.com.au/homes/17a-raymond-road-st-agnes-sa-5097/12784196
12776621,2026-01-20,20/01/2026,"3/242 Cross Road, Kings Park SA 5034",Kings Park,City of Unley & Prestige South,Private Treaty (Bán thỏa thuận),Disclosed,761000,"$761,000",2,1,2,N/A,3.59,https://www.homely.com.au/homes/3-242-cross-road-kings-park-sa-5034/12776621
12595335,2026-01-20,20/01/2026,"3 Oakdene Close, Urrbrae SA 5064",Urrbrae,City of Mitcham & Foothills,Private Treaty (Bán thỏa thuận),Undisclosed,,Price Undisclosed,4,3,4,N/A,1.55,https://www.homely.com.au/homes/3-oakdene-close-urrbrae-sa-5064/12595335
12717232,2026-01-20,20/01/2026,"103 The Grove, Colonel Light Gardens SA 5041",Colonel Light Gardens,City of Mitcham & Foothills,Private Treaty (Bán thỏa thuận),Undisclosed,,Price Undisclosed,3,2,2,902m²,4.41,https://www.homely.com.au/homes/103-the-grove-colonel-light-gardens-sa-5041/12717232
12765722,2026-01-20,20/01/2026,"1A Sewell Avenue, Payneham SA 5070",Payneham,"Norwood, Campbelltown & North-East Core",Private Treaty (Bán thỏa thuận),Undisclosed,,Price Undisclosed,3,1,2,190m²,6.41,https://www.homely.com.au/homes/1a-sewell-avenue-payneham-sa-5070/12765722
12782094,2026-01-19,19/01/2026,"12 Mayfair Street, Maylands SA 5069",Maylands,"Norwood, Campbelltown & North-East Core",Private Treaty (Bán thỏa thuận),Disclosed,1490000,"$1,490,000",3,2,1,299m²,4.38,https://www.homely.com.au/homes/12-mayfair-street-maylands-sa-5069/12782094
12621134,2026-01-19,19/01/2026,"11 Butler Crescent, Banksia Park SA 5091",Banksia Park,Adelaide Hills & Tea Tree Gully Safe Enclaves,Private Treaty (Bán thỏa thuận),Disclosed,800000,"$800,000",3,1,3,N/A,18.32,https://www.homely.com.au/homes/11-butler-crescent-banksia-park-sa-5091/12621134
12640665,2026-01-19,19/01/2026,"19A Bolingbroke Grove, Toorak Gardens SA 5065",Toorak Gardens,City of Burnside & Core East,Private Treaty (Bán thỏa thuận),Undisclosed,,Price Undisclosed,4,3,2,433m²,2.68,https://www.homely.com.au/homes/19a-bolingbroke-grove-toorak-gardens-sa-5065/12640665
12427083,2026-01-19,19/01/2026,"LOT 101-103, 483 Glynburn Road, Hazelwood Park SA 5066",Hazelwood Park,City of Burnside & Core East,Private Treaty (Bán thỏa thuận),Undisclosed,,Price Undisclosed,3,1,1,N/A,3.55,https://www.homely.com.au/homes/lot-101-103-483-glynburn-road-hazelwood-park/12427083
12701906,2026-01-19,19/01/2026,"31 King George Avenue, North Brighton SA 5048",North Brighton,Western Coastal Corridors,Private Treaty (Bán thỏa thuận),Undisclosed,,Price Undisclosed,3,2,2,496m²,12.37,https://www.homely.com.au/homes/31-king-george-avenue-north-brighton-sa-5048/12701906
12758095,2026-01-18,18/01/2026,"139 Main Road, Glenalta SA 5052",Glenalta,City of Mitcham & Foothills,Private Treaty (Bán thỏa thuận),Disclosed,1250000,"$1,250,000",4,3,2,716m²,5.9,https://www.homely.com.au/homes/139-main-road-glenalta-sa-5052/12758095
12745699,2026-01-18,18/01/2026,"1 Nilpinna Street, Burnside SA 5066",Burnside,City of Burnside & Core East,Private Treaty (Bán thỏa thuận),Undisclosed,,Price Undisclosed,4,2,4,895m²,3.83,https://www.homely.com.au/homes/1-nilpinna-street-burnside-sa-5066/12745699
12744074,2026-01-18,18/01/2026,"2/368 Grange Road, Kidman Park SA 5025",Kidman Park,Western Coastal Corridors,Private Treaty (Bán thỏa thuận),Undisclosed,,Price Undisclosed,3,2,2,N/A,9.7,https://www.homely.com.au/homes/2-368-grange-road-kidman-park-sa-5025/12744074
12764882,2026-01-18,18/01/2026,"17A Comley Street, Brighton SA 5048",Brighton,Western Coastal Corridors,Private Treaty (Bán thỏa thuận),Undisclosed,,Price Undisclosed,4,3,2,399m²,12.37,https://www.homely.com.au/homes/17a-comley-street-brighton-sa-5048/12764882
12448651,2026-01-17,17/01/2026,"4 Flemington Street, Frewville SA 5063",Frewville,City of Burnside & Core East,Private Treaty (Bán thỏa thuận),Undisclosed,,Price Undisclosed,4,3,2,339.1m²,1.7,https://www.homely.com.au/homes/4-flemington-street-frewville-sa-5063/12448651
12694048,2026-01-16,16/01/2026,"2B Sylvan Crescent, Surrey Downs SA 5126",Surrey Downs,Adelaide Hills & Tea Tree Gully Safe Enclaves,Private Treaty (Bán thỏa thuận),Disclosed,835000,"$835,000",4,2,3,300m²,19.29,https://www.homely.com.au/homes/2b-sylvan-crescent-surrey-downs-sa-5126/12694048
12413177,2026-01-16,16/01/2026,"5/94 Cross Road, Highgate SA 5063",Highgate,City of Unley & Prestige South,Private Treaty (Bán thỏa thuận),Undisclosed,,Price Undisclosed,3,2,2,N/A,0.84,https://www.homely.com.au/homes/5-94-cross-road-highgate-sa-5063/12413177
12704215,2026-01-16,16/01/2026,"3/67 Balham Avenue, Kingswood SA 5062",Kingswood,City of Mitcham & Foothills,Private Treaty (Bán thỏa thuận),Undisclosed,,Price Undisclosed,2,1,1,85m²,1.95,https://www.homely.com.au/homes/3-67-balham-avenue-kingswood-sa-5062/12704215
12703149,2026-01-15,15/01/2026,"2/42 MacArthur Avenue, North Brighton SA 5048",North Brighton,Western Coastal Corridors,Private Treaty (Bán thỏa thuận),Disclosed,830000,"$830,000",2,1,1,N/A,12.37,https://www.homely.com.au/homes/2-42-macarthur-avenue-north-brighton-sa-5048/12703149
12766387,2026-01-15,15/01/2026,"5/353 Shepherds Hill Road, Blackwood SA 5051",Blackwood,City of Mitcham & Foothills,Private Treaty (Bán thỏa thuận),Disclosed,720000,"$720,000",2,1,1,N/A,7.07,https://www.homely.com.au/homes/5-353-shepherds-hill-road-blackwood-sa-5051/12766387
12766386,2026-01-14,14/01/2026,"80 Price Avenue, Clapham SA 5062",Clapham,City of Mitcham & Foothills,Private Treaty (Bán thỏa thuận),Undisclosed,,Price Undisclosed,4,1,2,775m²,4.05,https://www.homely.com.au/homes/80-price-avenue-clapham-sa-5062/12766386
12688439,2026-01-14,14/01/2026,"64 Yurilla Drive, Bellevue Heights SA 5050",Bellevue Heights,City of Mitcham & Foothills,Private Treaty (Bán thỏa thuận),Undisclosed,,Price Undisclosed,4,1,2,1350m²,8.79,https://www.homely.com.au/homes/64-yurilla-drive-bellevue-heights-sa-5050/12688439
12763945,2026-01-14,14/01/2026,"6/6 Cawthorne Avenue, Pasadena SA 5042",Pasadena,City of Mitcham & Foothills,Private Treaty (Bán thỏa thuận),Undisclosed,,Price Undisclosed,2,1,2,116m²,6.11,https://www.homely.com.au/homes/6-6-cawthorne-avenue-pasadena-sa-5042/12763945
12630998,2026-01-14,14/01/2026,"33 King George Avenue, North Brighton SA 5048",North Brighton,Western Coastal Corridors,Private Treaty (Bán thỏa thuận),Undisclosed,,Price Undisclosed,3,1,2,937m²,12.37,https://www.homely.com.au/homes/33-king-george-avenue-north-brighton-sa-5048/12630998
12663540,2026-01-13,13/01/2026,"69 Myrtle Road, Seacliff SA 5049",Seacliff,Western Coastal Corridors,Private Treaty (Bán thỏa thuận),Disclosed,1853000,"$1,853,000",5,4,2,540m²,13.63,https://www.homely.com.au/homes/69-myrtle-road-seacliff-sa-5049/12663540
12702587,2026-01-13,13/01/2026,"28 Landsdowne Avenue, Belair SA 5052",Belair,City of Mitcham & Foothills,Private Treaty (Bán thỏa thuận),Disclosed,1444000,"$1,444,000",5,3,4,1218m²,4.42,https://www.homely.com.au/homes/28-landsdowne-avenue-belair-sa-5052/12702587
12750008,2026-01-12,12/01/2026,"136 Longwood Road, Heathfield SA 5153",Heathfield,Adelaide Hills & Tea Tree Gully Safe Enclaves,Private Treaty (Bán thỏa thuận),Disclosed,1250000,"$1,250,000",3,1,2,1547m²,9.77,https://www.homely.com.au/homes/136-longwood-road-heathfield-sa-5153/12750008
12740358,2026-01-12,12/01/2026,"2/5 Mount Barker Road, Urrbrae SA 5064",Urrbrae,City of Mitcham & Foothills,Private Treaty (Bán thỏa thuận),Disclosed,1050000,"$1,050,000",3,2,1,N/A,1.55,https://www.homely.com.au/homes/2-5-mount-barker-road-urrbrae-sa-5064/12740358
12766556,2026-01-12,12/01/2026,"14 Somerset Avenue, Cumberland Park SA 5041",Cumberland Park,City of Mitcham & Foothills,Private Treaty (Bán thỏa thuận),Undisclosed,,Price Undisclosed,4,2,2,657m²,4.27,https://www.homely.com.au/homes/14-somerset-avenue-cumberland-park-sa-5041/12766556
12682116,2026-01-11,11/01/2026,"63 George Street, Torrens Park SA 5062",Torrens Park,City of Mitcham & Foothills,Private Treaty (Bán thỏa thuận),Disclosed,2400000,"$2,400,000",4,2,2,611m²,2.77,https://www.homely.com.au/homes/63-george-street-torrens-park-sa-5062/12682116
12620997,2026-01-10,10/01/2026,"28 Young Street, Seacliff SA 5049",Seacliff,Western Coastal Corridors,Private Treaty (Bán thỏa thuận),Disclosed,2430000,"$2,430,000",5,3,2,453m²,13.63,https://www.homely.com.au/homes/28-young-street-seacliff-sa-5049/12620997
12537514,2026-01-10,10/01/2026,"28 Church Street, Tea Tree Gully SA 5091",Tea Tree Gully,Adelaide Hills & Tea Tree Gully Safe Enclaves,Private Treaty (Bán thỏa thuận),Disclosed,390000,"$390,000",3,1,1,321m²,16.9,https://www.homely.com.au/homes/28-church-street-tea-tree-gully-sa-5091/12537514
12596283,2026-01-10,10/01/2026,"20 Weewanda Street, Glenelg South SA 5045",Glenelg South,Western Coastal Corridors,Private Treaty (Bán thỏa thuận),Undisclosed,,Price Undisclosed,4,3,4,797m²,11.01,https://www.homely.com.au/homes/20-weewanda-street-glenelg-south-sa-5045/12596283
12734814,2026-01-09,09/01/2026,"208/7 Banksia Street, Glenside SA 5065",Glenside,City of Burnside & Core East,Private Treaty (Bán thỏa thuận),Disclosed,626000,"$626,000",1,1,1,N/A,2.06,https://www.homely.com.au/homes/208-7-banksia-street-glenside-sa-5065/12734814
12698289,2026-01-09,09/01/2026,"15/58 Portrush Road, Payneham SA 5070",Payneham,"Norwood, Campbelltown & North-East Core",Private Treaty (Bán thỏa thuận),Undisclosed,,Price Undisclosed,2,1,1,N/A,6.41,https://www.homely.com.au/homes/15-58-portrush-road-payneham-sa-5070/12698289
12593405,2026-01-09,09/01/2026,"4/18 John Street, Payneham SA 5070",Payneham,"Norwood, Campbelltown & North-East Core",Private Treaty (Bán thỏa thuận),Undisclosed,,Price Undisclosed,2,1,1,N/A,6.41,https://www.homely.com.au/homes/4-18-john-street-payneham-sa-5070/12593405
12697405,2026-01-09,09/01/2026,"236 Seaview Road, Henley Beach South SA 5022",Henley Beach South,Western Coastal Corridors,Private Treaty (Bán thỏa thuận),Undisclosed,,Price Undisclosed,3,3,2,N/A,12.15,https://www.homely.com.au/homes/236-seaview-road-henley-beach-south-sa-5022/12697405
12628355,2026-01-09,09/01/2026,"1/155 Mount Barker Road, Stirling SA 5152",Stirling,Adelaide Hills & Tea Tree Gully Safe Enclaves,Private Treaty (Bán thỏa thuận),Undisclosed,,Price Undisclosed,3,1,1,110m²,9.62,https://www.homely.com.au/homes/1-155-mount-barker-road-stirling-sa-5152/12628355
12707320,2026-01-07,07/01/2026,"6 Mead Street, Belair SA 5052",Belair,City of Mitcham & Foothills,Private Treaty (Bán thỏa thuận),Undisclosed,,Price Undisclosed,5,2,2,N/A,4.42,https://www.homely.com.au/homes/6-mead-street-belair-sa-5052/12707320
12640033,2026-01-05,05/01/2026,"1/51A Hay Road, Linden Park SA 5065",Linden Park,City of Burnside & Core East,Private Treaty (Bán thỏa thuận),Undisclosed,,Price Undisclosed,3,2,2,424m²,2.36,https://www.homely.com.au/homes/1-51a-hay-road-linden-park-sa-5065/12640033
